EDA,Model,VS-i-run1/10_1,6.00000,3.00000,3.00000,20.00000,3.00000,3.00000
EDA,Model,VS-i-run1/11_1,5.00000,11.00000,11.00000,13.00000,11.00000,11.00000
EDA,Model,VS-i-run1/12_1,4.00000,11.00000,11.00000,14.00000,11.00000,11.00000
EDA,Model,VS-i-run1/13_1,4.00000,12.00000,12.00000,13.00000,12.00000,12.00000
EDA,Model,VS-i-run1/14_1,4.00000,9.00000,9.00000,16.00000,9.00000,9.00000
EDA,Model,VS-i-run1/15_1,2.00000,13.00000,13.00000,14.00000,13.00000,13.00000
EDA,Model,VS-i-run1/16_1,4.00000,7.00000,7.00000,18.00000,7.00000,7.00000
EDA,Model,VS-i-run1/17_1,4.00000,10.00000,10.00000,15.00000,10.00000,10.00000
EDA,Model,VS-i-run1/18_1,4.00000,13.00000,13.00000,12.00000,13.00000,13.00000
EDA,Model,VS-i-run1/19_1,5.00000,10.00000,10.00000,14.00000,10.00000,10.00000
EDA,Model,VS-i-run1/1_1,4.00000,9.00000,9.00000,16.00000,9.00000,9.00000
EDA,Model,VS-i-run1/20_1,4.00000,11.00000,11.00000,14.00000,11.00000,11.00000
EDA,Model,VS-i-run1/21_1,5.00000,10.00000,10.00000,14.00000,10.00000,10.00000
EDA,Model,VS-i-run1/22_1,5.00000,5.00000,5.00000,19.00000,5.00000,5.00000
EDA,Model,VS-i-run1/23_1,5.00000,8.00000,8.00000,16.00000,8.00000,8.00000
EDA,Model,VS-i-run1/24_1,3.00000,12.00000,12.00000,14.00000,12.00000,12.00000
EDA,Model,VS-i-run1/25_1,7.00000,6.00000,6.00000,16.00000,6.00000,6.00000
EDA,Model,VS-i-run1/26_1,3.00000,14.00000,14.00000,12.00000,14.00000,14.00000
EDA,Model,VS-i-run1/27_1,5.00000,8.00000,8.00000,16.00000,8.00000,8.00000
EDA,Model,VS-i-run1/28_1,4.00000,11.00000,11.00000,14.00000,11.00000,11.00000
EDA,Model,VS-i-run1/29_1,3.00000,8.00000,8.00000,18.00000,8.00000,8.00000
EDA,Model,VS-i-run1/2_1,3.00000,9.00000,9.00000,17.00000,9.00000,9.00000
EDA,Model,VS-i-run1/30_1,4.00000,9.00000,9.00000,16.00000,9.00000,9.00000
EDA,Model,VS-i-run1/3_1,3.00000,11.00000,11.00000,15.00000,11.00000,11.00000
EDA,Model,VS-i-run1/4_1,4.00000,7.00000,7.00000,18.00000,7.00000,7.00000
EDA,Model,VS-i-run1/5_1,6.00000,5.00000,5.00000,18.00000,5.00000,5.00000
EDA,Model,VS-i-run1/6_1,5.00000,7.00000,7.00000,17.00000,7.00000,7.00000
EDA,Model,VS-i-run1/7_1,1.00000,11.00000,11.00000,17.00000,11.00000,11.00000
EDA,Model,VS-i-run1/8_1,6.00000,7.00000,7.00000,16.00000,7.00000,7.00000
EDA,Model,VS-i-run1/9_1,3.00000,10.00000,10.00000,16.00000,10.00000,10.00000
EDA,Model,VS-i-run10/271_1,7.00000,8.00000,8.00000,14.00000,8.00000,8.00000
EDA,Model,VS-i-run10/272_1,4.00000,8.00000,8.00000,17.00000,8.00000,8.00000
EDA,Model,VS-i-run10/273_1,5.00000,5.00000,5.00000,19.00000,5.00000,5.00000
EDA,Model,VS-i-run10/274_1,3.00000,13.00000,13.00000,13.00000,13.00000,13.00000
EDA,Model,VS-i-run10/275_1,4.00000,7.00000,7.00000,18.00000,7.00000,7.00000
EDA,Model,VS-i-run10/276_1,6.00000,6.00000,6.00000,17.00000,6.00000,6.00000
EDA,Model,VS-i-run10/277_1,4.00000,7.00000,7.00000,18.00000,7.00000,7.00000
EDA,Model,VS-i-run10/278_1,4.00000,8.00000,8.00000,17.00000,8.00000,8.00000
EDA,Model,VS-i-run10/279_1,3.00000,13.00000,13.00000,13.00000,13.00000,13.00000
EDA,Model,VS-i-run10/280_1,5.00000,7.00000,7.00000,17.00000,7.00000,7.00000
EDA,Model,VS-i-run10/281_1,5.00000,8.00000,8.00000,16.00000,8.00000,8.00000
EDA,Model,VS-i-run10/282_1,3.00000,11.00000,11.00000,15.00000,11.00000,11.00000
EDA,Model,VS-i-run10/283_1,3.00000,11.00000,11.00000,15.00000,11.00000,11.00000
EDA,Model,VS-i-run10/284_1,3.00000,14.00000,14.00000,12.00000,14.00000,14.00000
EDA,Model,VS-i-run10/285_1,3.00000,16.00000,16.00000,10.00000,16.00000,16.00000
EDA,Model,VS-i-run10/286_1,4.00000,11.00000,11.00000,14.00000,11.00000,11.00000
EDA,Model,VS-i-run10/287_1,3.00000,12.00000,12.00000,14.00000,12.00000,12.00000
EDA,Model,VS-i-run10/288_1,2.00000,10.00000,10.00000,17.00000,10.00000,10.00000
EDA,Model,VS-i-run10/289_1,3.00000,10.00000,10.00000,16.00000,10.00000,10.00000
EDA,Model,VS-i-run10/290_1,4.00000,7.00000,7.00000,18.00000,7.00000,7.00000
EDA,Model,VS-i-run10/291_1,3.00000,9.00000,9.00000,17.00000,9.00000,9.00000
EDA,Model,VS-i-run10/292_1,2.00000,12.00000,12.00000,15.00000,12.00000,12.00000
EDA,Model,VS-i-run10/293_1,3.00000,10.00000,10.00000,16.00000,10.00000,10.00000
EDA,Model,VS-i-run10/294_1,7.00000,8.00000,8.00000,14.00000,8.00000,8.00000
EDA,Model,VS-i-run10/295_1,7.00000,5.00000,5.00000,17.00000,5.00000,5.00000
EDA,Model,VS-i-run10/296_1,5.00000,5.00000,5.00000,19.00000,5.00000,5.00000
EDA,Model,VS-i-run10/297_1,4.00000,9.00000,9.00000,16.00000,9.00000,9.00000
EDA,Model,VS-i-run10/298_1,5.00000,8.00000,8.00000,16.00000,8.00000,8.00000
EDA,Model,VS-i-run10/299_1,4.00000,11.00000,11.00000,14.00000,11.00000,11.00000
EDA,Model,VS-i-run10/300_1,3.00000,7.00000,7.00000,19.00000,7.00000,7.00000
EDA,Model,VS-i-run11/301_1,6.00000,5.00000,5.00000,18.00000,5.00000,5.00000
EDA,Model,VS-i-run11/302_1,3.00000,9.00000,9.00000,17.00000,9.00000,9.00000
EDA,Model,VS-i-run11/303_1,4.00000,9.00000,9.00000,16.00000,9.00000,9.00000
EDA,Model,VS-i-run11/304_1,4.00000,9.00000,9.00000,16.00000,9.00000,9.00000
EDA,Model,VS-i-run11/305_1,5.00000,8.00000,8.00000,16.00000,8.00000,8.00000
EDA,Model,VS-i-run11/306_1,4.00000,8.00000,8.00000,17.00000,8.00000,8.00000
EDA,Model,VS-i-run11/307_1,5.00000,9.00000,9.00000,15.00000,9.00000,9.00000
EDA,Model,VS-i-run11/308_1,2.00000,10.00000,10.00000,17.00000,10.00000,10.00000
EDA,Model,VS-i-run11/309_1,6.00000,5.00000,5.00000,18.00000,5.00000,5.00000
EDA,Model,VS-i-run11/310_1,4.00000,10.00000,10.00000,15.00000,10.00000,10.00000
EDA,Model,VS-i-run11/311_1,4.00000,9.00000,9.00000,16.00000,9.00000,9.00000
EDA,Model,VS-i-run11/312_1,3.00000,11.00000,11.00000,15.00000,11.00000,11.00000
EDA,Model,VS-i-run11/313_1,2.00000,13.00000,13.00000,14.00000,13.00000,13.00000
EDA,Model,VS-i-run11/314_1,4.00000,10.00000,10.00000,15.00000,10.00000,10.00000
EDA,Model,VS-i-run11/315_1,4.00000,10.00000,10.00000,15.00000,10.00000,10.00000
EDA,Model,VS-i-run11/316_1,6.00000,6.00000,6.00000,17.00000,6.00000,6.00000
EDA,Model,VS-i-run11/317_1,5.00000,6.00000,6.00000,18.00000,6.00000,6.00000
EDA,Model,VS-i-run11/318_1,3.00000,11.00000,11.00000,15.00000,11.00000,11.00000
EDA,Model,VS-i-run11/319_1,7.00000,8.00000,8.00000,14.00000,8.00000,8.00000
EDA,Model,VS-i-run11/320_1,4.00000,10.00000,10.00000,15.00000,10.00000,10.00000
EDA,Model,VS-i-run11/321_1,7.00000,8.00000,8.00000,14.00000,8.00000,8.00000
EDA,Model,VS-i-run11/322_1,3.00000,13.00000,13.00000,13.00000,13.00000,13.00000
EDA,Model,VS-i-run11/323_1,3.00000,13.00000,13.00000,13.00000,13.00000,13.00000
EDA,Model,VS-i-run11/324_1,4.00000,7.00000,7.00000,18.00000,7.00000,7.00000
EDA,Model,VS-i-run11/325_1,7.00000,6.00000,6.00000,16.00000,6.00000,6.00000
EDA,Model,VS-i-run11/326_1,5.00000,9.00000,9.00000,15.00000,9.00000,9.00000
EDA,Model,VS-i-run11/327_1,5.00000,6.00000,6.00000,18.00000,6.00000,6.00000
EDA,Model,VS-i-run11/328_1,2.00000,10.00000,10.00000,17.00000,10.00000,10.00000
EDA,Model,VS-i-run11/329_1,1.00000,17.00000,17.00000,11.00000,17.00000,17.00000
EDA,Model,VS-i-run11/330_1,4.00000,5.00000,5.00000,20.00000,5.00000,5.00000
EDA,Model,VS-i-run12/331_1,5.00000,4.00000,4.00000,20.00000,4.00000,4.00000
EDA,Model,VS-i-run12/332_1,3.00000,12.00000,12.00000,14.00000,12.00000,12.00000
EDA,Model,VS-i-run12/333_1,6.00000,4.00000,4.00000,19.00000,4.00000,4.00000
EDA,Model,VS-i-run12/334_1,5.00000,9.00000,9.00000,15.00000,9.00000,9.00000
EDA,Model,VS-i-run12/335_1,4.00000,5.00000,5.00000,20.00000,5.00000,5.00000
EDA,Model,VS-i-run12/336_1,3.00000,11.00000,11.00000,15.00000,11.00000,11.00000
EDA,Model,VS-i-run12/337_1,2.00000,9.00000,9.00000,18.00000,9.00000,9.00000
EDA,Model,VS-i-run12/338_1,3.00000,11.00000,11.00000,15.00000,11.00000,11.00000
EDA,Model,VS-i-run12/339_1,6.00000,7.00000,7.00000,16.00000,7.00000,7.00000
EDA,Model,VS-i-run12/340_1,4.00000,9.00000,9.00000,16.00000,9.00000,9.00000
EDA,Model,VS-i-run12/341_1,4.00000,6.00000,6.00000,19.00000,6.00000,6.00000
EDA,Model,VS-i-run12/342_1,4.00000,3.00000,3.00000,22.00000,3.00000,3.00000
EDA,Model,VS-i-run12/343_1,3.00000,9.00000,9.00000,17.00000,9.00000,9.00000
EDA,Model,VS-i-run12/344_1,4.00000,11.00000,11.00000,14.00000,11.00000,11.00000
EDA,Model,VS-i-run12/345_1,4.00000,9.00000,9.00000,16.00000,9.00000,9.00000
EDA,Model,VS-i-run12/346_1,3.00000,11.00000,11.00000,15.00000,11.00000,11.00000
EDA,Model,VS-i-run12/347_1,5.00000,5.00000,5.00000,19.00000,5.00000,5.00000
EDA,Model,VS-i-run12/348_1,2.00000,15.00000,15.00000,12.00000,15.00000,15.00000
EDA,Model,VS-i-run12/349_1,3.00000,15.00000,15.00000,11.00000,15.00000,15.00000
EDA,Model,VS-i-run12/350_1,4.00000,6.00000,6.00000,19.00000,6.00000,6.00000
EDA,Model,VS-i-run12/351_1,3.00000,9.00000,9.00000,17.00000,9.00000,9.00000
EDA,Model,VS-i-run12/352_1,3.00000,13.00000,13.00000,13.00000,13.00000,13.00000
EDA,Model,VS-i-run12/353_1,3.00000,10.00000,10.00000,16.00000,10.00000,10.00000
EDA,Model,VS-i-run12/354_1,5.00000,10.00000,10.00000,14.00000,10.00000,10.00000
EDA,Model,VS-i-run12/355_1,6.00000,7.00000,7.00000,16.00000,7.00000,7.00000
EDA,Model,VS-i-run12/356_1,3.00000,11.00000,11.00000,15.00000,11.00000,11.00000
EDA,Model,VS-i-run12/357_1,6.00000,10.00000,10.00000,13.00000,10.00000,10.00000
EDA,Model,VS-i-run12/358_1,5.00000,10.00000,10.00000,14.00000,10.00000,10.00000
EDA,Model,VS-i-run12/359_1,2.00000,11.00000,11.00000,16.00000,11.00000,11.00000
EDA,Model,VS-i-run12/360_1,2.00000,9.00000,9.00000,18.00000,9.00000,9.00000
EDA,Model,VS-i-run13/361_1,5.00000,8.00000,8.00000,16.00000,8.00000,8.00000
EDA,Model,VS-i-run13/362_1,3.00000,8.00000,8.00000,18.00000,8.00000,8.00000
EDA,Model,VS-i-run13/363_1,4.00000,11.00000,11.00000,14.00000,11.00000,11.00000
EDA,Model,VS-i-run13/364_1,7.00000,6.00000,6.00000,16.00000,6.00000,6.00000
EDA,Model,VS-i-run13/365_1,3.00000,10.00000,10.00000,16.00000,10.00000,10.00000
EDA,Model,VS-i-run13/366_1,4.00000,7.00000,7.00000,18.00000,7.00000,7.00000
EDA,Model,VS-i-run13/367_1,3.00000,8.00000,8.00000,18.00000,8.00000,8.00000
EDA,Model,VS-i-run13/368_1,2.00000,12.00000,12.00000,15.00000,12.00000,12.00000
EDA,Model,VS-i-run13/369_1,5.00000,7.00000,7.00000,17.00000,7.00000,7.00000
EDA,Model,VS-i-run13/370_1,2.00000,14.00000,14.00000,13.00000,14.00000,14.00000
EDA,Model,VS-i-run13/371_1,7.00000,8.00000,8.00000,14.00000,8.00000,8.00000
EDA,Model,VS-i-run13/372_1,3.00000,10.00000,10.00000,16.00000,10.00000,10.00000
EDA,Model,VS-i-run13/373_1,7.00000,3.00000,3.00000,19.00000,3.00000,3.00000
EDA,Model,VS-i-run13/374_1,5.00000,10.00000,10.00000,14.00000,10.00000,10.00000
EDA,Model,VS-i-run13/375_1,4.00000,10.00000,10.00000,15.00000,10.00000,10.00000
EDA,Model,VS-i-run13/376_1,5.00000,7.00000,7.00000,17.00000,7.00000,7.00000
EDA,Model,VS-i-run13/377_1,5.00000,6.00000,6.00000,18.00000,6.00000,6.00000
EDA,Model,VS-i-run13/378_1,4.00000,11.00000,11.00000,14.00000,11.00000,11.00000
EDA,Model,VS-i-run13/379_1,2.00000,13.00000,13.00000,14.00000,13.00000,13.00000
EDA,Model,VS-i-run13/380_1,5.00000,9.00000,9.00000,15.00000,9.00000,9.00000
EDA,Model,VS-i-run13/381_1,4.00000,8.00000,8.00000,17.00000,8.00000,8.00000
EDA,Model,VS-i-run13/382_1,4.00000,9.00000,9.00000,16.00000,9.00000,9.00000
EDA,Model,VS-i-run13/383_1,3.00000,10.00000,10.00000,16.00000,10.00000,10.00000
EDA,Model,VS-i-run13/384_1,6.00000,7.00000,7.00000,16.00000,7.00000,7.00000
EDA,Model,VS-i-run13/385_1,2.00000,13.00000,13.00000,14.00000,13.00000,13.00000
EDA,Model,VS-i-run13/386_1,5.00000,9.00000,9.00000,15.00000,9.00000,9.00000
EDA,Model,VS-i-run13/387_1,4.00000,8.00000,8.00000,17.00000,8.00000,8.00000
EDA,Model,VS-i-run13/388_1,4.00000,7.00000,7.00000,18.00000,7.00000,7.00000
EDA,Model,VS-i-run13/389_1,6.00000,4.00000,4.00000,19.00000,4.00000,4.00000
EDA,Model,VS-i-run13/390_1,4.00000,10.00000,10.00000,15.00000,10.00000,10.00000
EDA,Model,VS-i-run14/181_1,4.00000,8.00000,8.00000,17.00000,8.00000,8.00000
EDA,Model,VS-i-run14/182_1,5.00000,9.00000,9.00000,15.00000,9.00000,9.00000
EDA,Model,VS-i-run14/183_1,4.00000,10.00000,10.00000,15.00000,10.00000,10.00000
EDA,Model,VS-i-run14/184_1,7.00000,8.00000,8.00000,14.00000,8.00000,8.00000
EDA,Model,VS-i-run14/185_1,4.00000,6.00000,6.00000,19.00000,6.00000,6.00000
EDA,Model,VS-i-run14/186_1,4.00000,9.00000,9.00000,16.00000,9.00000,9.00000
EDA,Model,VS-i-run14/187_1,4.00000,7.00000,7.00000,18.00000,7.00000,7.00000
EDA,Model,VS-i-run14/188_1,5.00000,10.00000,10.00000,14.00000,10.00000,10.00000
EDA,Model,VS-i-run14/189_1,3.00000,10.00000,10.00000,16.00000,10.00000,10.00000
EDA,Model,VS-i-run14/190_1,4.00000,9.00000,9.00000,16.00000,9.00000,9.00000
EDA,Model,VS-i-run14/191_1,5.00000,8.00000,8.00000,16.00000,8.00000,8.00000
EDA,Model,VS-i-run14/192_1,2.00000,12.00000,12.00000,15.00000,12.00000,12.00000
EDA,Model,VS-i-run14/193_1,3.00000,6.00000,6.00000,20.00000,6.00000,6.00000
EDA,Model,VS-i-run14/194_1,3.00000,14.00000,14.00000,12.00000,14.00000,14.00000
EDA,Model,VS-i-run14/195_1,4.00000,9.00000,9.00000,16.00000,9.00000,9.00000
EDA,Model,VS-i-run14/196_1,6.00000,7.00000,7.00000,16.00000,7.00000,7.00000
EDA,Model,VS-i-run14/197_1,1.00000,16.00000,16.00000,12.00000,16.00000,16.00000
EDA,Model,VS-i-run14/198_1,3.00000,12.00000,12.00000,14.00000,12.00000,12.00000
EDA,Model,VS-i-run14/199_1,5.00000,7.00000,7.00000,17.00000,7.00000,7.00000
EDA,Model,VS-i-run14/200_1,6.00000,7.00000,7.00000,16.00000,7.00000,7.00000
EDA,Model,VS-i-run14/391_1,4.00000,10.00000,10.00000,15.00000,10.00000,10.00000
EDA,Model,VS-i-run14/392_1,3.00000,12.00000,12.00000,14.00000,12.00000,12.00000
EDA,Model,VS-i-run14/393_1,3.00000,16.00000,16.00000,10.00000,16.00000,16.00000
EDA,Model,VS-i-run14/394_1,5.00000,8.00000,8.00000,16.00000,8.00000,8.00000
EDA,Model,VS-i-run14/395_1,3.00000,12.00000,12.00000,14.00000,12.00000,12.00000
EDA,Model,VS-i-run14/396_1,3.00000,9.00000,9.00000,17.00000,9.00000,9.00000
EDA,Model,VS-i-run14/397_1,2.00000,17.00000,17.00000,10.00000,17.00000,17.00000
EDA,Model,VS-i-run14/398_1,3.00000,9.00000,9.00000,17.00000,9.00000,9.00000
EDA,Model,VS-i-run14/399_1,4.00000,11.00000,11.00000,14.00000,11.00000,11.00000
EDA,Model,VS-i-run14/400_1,3.00000,15.00000,15.00000,11.00000,15.00000,15.00000
EDA,Model,VS-i-run15/10_1,3.00000,13.00000,13.00000,13.00000,13.00000,13.00000
EDA,Model,VS-i-run15/11_1,6.00000,4.00000,4.00000,19.00000,4.00000,4.00000
EDA,Model,VS-i-run15/12_1,3.00000,10.00000,10.00000,16.00000,10.00000,10.00000
EDA,Model,VS-i-run15/13_1,5.00000,7.00000,7.00000,17.00000,7.00000,7.00000
EDA,Model,VS-i-run15/14_1,4.00000,7.00000,7.00000,18.00000,7.00000,7.00000
EDA,Model,VS-i-run15/15_1,5.00000,10.00000,10.00000,14.00000,10.00000,10.00000
EDA,Model,VS-i-run15/16_1,4.00000,7.00000,7.00000,18.00000,7.00000,7.00000
EDA,Model,VS-i-run15/17_1,3.00000,12.00000,12.00000,14.00000,12.00000,12.00000
EDA,Model,VS-i-run15/18_1,3.00000,10.00000,10.00000,16.00000,10.00000,10.00000
EDA,Model,VS-i-run15/19_1,1.00000,17.00000,17.00000,11.00000,17.00000,17.00000
EDA,Model,VS-i-run15/1_1,2.00000,14.00000,14.00000,13.00000,14.00000,14.00000
EDA,Model,VS-i-run15/20_1,3.00000,11.00000,11.00000,15.00000,11.00000,11.00000
EDA,Model,VS-i-run15/21_1,5.00000,9.00000,9.00000,15.00000,9.00000,9.00000
EDA,Model,VS-i-run15/22_1,2.00000,12.00000,12.00000,15.00000,12.00000,12.00000
EDA,Model,VS-i-run15/23_1,5.00000,6.00000,6.00000,18.00000,6.00000,6.00000
EDA,Model,VS-i-run15/24_1,4.00000,8.00000,8.00000,17.00000,8.00000,8.00000
EDA,Model,VS-i-run15/25_1,2.00000,14.00000,14.00000,13.00000,14.00000,14.00000
EDA,Model,VS-i-run15/26_1,5.00000,9.00000,9.00000,15.00000,9.00000,9.00000
EDA,Model,VS-i-run15/27_1,4.00000,10.00000,10.00000,15.00000,10.00000,10.00000
EDA,Model,VS-i-run15/28_1,2.00000,15.00000,15.00000,12.00000,15.00000,15.00000
EDA,Model,VS-i-run15/29_1,4.00000,9.00000,9.00000,16.00000,9.00000,9.00000
EDA,Model,VS-i-run15/2_1,3.00000,13.00000,13.00000,13.00000,13.00000,13.00000
EDA,Model,VS-i-run15/30_1,6.00000,7.00000,7.00000,16.00000,7.00000,7.00000
EDA,Model,VS-i-run15/3_1,3.00000,13.00000,13.00000,13.00000,13.00000,13.00000
EDA,Model,VS-i-run15/4_1,4.00000,10.00000,10.00000,15.00000,10.00000,10.00000
EDA,Model,VS-i-run15/5_1,4.00000,7.00000,7.00000,18.00000,7.00000,7.00000
EDA,Model,VS-i-run15/6_1,2.00000,14.00000,14.00000,13.00000,14.00000,14.00000
EDA,Model,VS-i-run15/7_1,2.00000,16.00000,16.00000,11.00000,16.00000,16.00000
EDA,Model,VS-i-run15/8_1,5.00000,9.00000,9.00000,15.00000,9.00000,9.00000
EDA,Model,VS-i-run15/9_1,6.00000,7.00000,7.00000,16.00000,7.00000,7.00000
EDA,Model,VS-i-run16/31_1,5.00000,9.00000,9.00000,15.00000,9.00000,9.00000
EDA,Model,VS-i-run16/32_1,6.00000,7.00000,7.00000,16.00000,7.00000,7.00000
EDA,Model,VS-i-run16/33_1,4.00000,7.00000,7.00000,18.00000,7.00000,7.00000
EDA,Model,VS-i-run16/34_1,3.00000,6.00000,6.00000,20.00000,6.00000,6.00000
EDA,Model,VS-i-run16/35_1,6.00000,8.00000,8.00000,15.00000,8.00000,8.00000
EDA,Model,VS-i-run16/36_1,5.00000,6.00000,6.00000,18.00000,6.00000,6.00000
EDA,Model,VS-i-run16/37_1,7.00000,7.00000,7.00000,15.00000,7.00000,7.00000
EDA,Model,VS-i-run16/38_1,6.00000,9.00000,9.00000,14.00000,9.00000,9.00000
EDA,Model,VS-i-run16/39_1,2.00000,10.00000,10.00000,17.00000,10.00000,10.00000
EDA,Model,VS-i-run16/40_1,4.00000,11.00000,11.00000,14.00000,11.00000,11.00000
EDA,Model,VS-i-run16/41_1,3.00000,12.00000,12.00000,14.00000,12.00000,12.00000
EDA,Model,VS-i-run16/42_1,3.00000,9.00000,9.00000,17.00000,9.00000,9.00000
EDA,Model,VS-i-run16/43_1,4.00000,8.00000,8.00000,17.00000,8.00000,8.00000
EDA,Model,VS-i-run16/44_1,3.00000,10.00000,10.00000,16.00000,10.00000,10.00000
EDA,Model,VS-i-run16/45_1,4.00000,7.00000,7.00000,18.00000,7.00000,7.00000
EDA,Model,VS-i-run16/46_1,7.00000,4.00000,4.00000,18.00000,4.00000,4.00000
EDA,Model,VS-i-run16/47_1,6.00000,6.00000,6.00000,17.00000,6.00000,6.00000
EDA,Model,VS-i-run16/48_1,6.00000,2.00000,2.00000,21.00000,2.00000,2.00000
EDA,Model,VS-i-run16/49_1,3.00000,12.00000,12.00000,14.00000,12.00000,12.00000
EDA,Model,VS-i-run16/50_1,2.00000,12.00000,12.00000,15.00000,12.00000,12.00000
EDA,Model,VS-i-run16/51_1,4.00000,11.00000,11.00000,14.00000,11.00000,11.00000
EDA,Model,VS-i-run16/52_1,6.00000,10.00000,10.00000,13.00000,10.00000,10.00000
EDA,Model,VS-i-run16/53_1,5.00000,7.00000,7.00000,17.00000,7.00000,7.00000
EDA,Model,VS-i-run16/54_1,5.00000,8.00000,8.00000,16.00000,8.00000,8.00000
EDA,Model,VS-i-run16/55_1,5.00000,8.00000,8.00000,16.00000,8.00000,8.00000
EDA,Model,VS-i-run16/56_1,4.00000,10.00000,10.00000,15.00000,10.00000,10.00000
EDA,Model,VS-i-run16/57_1,7.00000,2.00000,2.00000,20.00000,2.00000,2.00000
EDA,Model,VS-i-run16/58_1,3.00000,10.00000,10.00000,16.00000,10.00000,10.00000
EDA,Model,VS-i-run16/59_1,3.00000,9.00000,9.00000,17.00000,9.00000,9.00000
EDA,Model,VS-i-run16/60_1,3.00000,12.00000,12.00000,14.00000,12.00000,12.00000
EDA,Model,VS-i-run17/61_1,5.00000,10.00000,10.00000,14.00000,10.00000,10.00000
EDA,Model,VS-i-run17/62_1,3.00000,7.00000,7.00000,19.00000,7.00000,7.00000
EDA,Model,VS-i-run17/63_1,6.00000,4.00000,4.00000,19.00000,4.00000,4.00000
EDA,Model,VS-i-run17/64_1,5.00000,4.00000,4.00000,20.00000,4.00000,4.00000
EDA,Model,VS-i-run17/65_1,4.00000,10.00000,10.00000,15.00000,10.00000,10.00000
EDA,Model,VS-i-run17/66_1,3.00000,14.00000,14.00000,12.00000,14.00000,14.00000
EDA,Model,VS-i-run17/67_1,2.00000,11.00000,11.00000,16.00000,11.00000,11.00000
EDA,Model,VS-i-run17/68_1,4.00000,11.00000,11.00000,14.00000,11.00000,11.00000
EDA,Model,VS-i-run17/69_1,2.00000,16.00000,16.00000,11.00000,16.00000,16.00000
EDA,Model,VS-i-run17/70_1,4.00000,11.00000,11.00000,14.00000,11.00000,11.00000
EDA,Model,VS-i-run17/71_1,4.00000,6.00000,6.00000,19.00000,6.00000,6.00000
EDA,Model,VS-i-run17/72_1,1.00000,15.00000,15.00000,13.00000,15.00000,15.00000
EDA,Model,VS-i-run17/73_1,2.00000,13.00000,13.00000,14.00000,13.00000,13.00000
EDA,Model,VS-i-run17/74_1,5.00000,7.00000,7.00000,17.00000,7.00000,7.00000
EDA,Model,VS-i-run17/75_1,2.00000,11.00000,11.00000,16.00000,11.00000,11.00000
EDA,Model,VS-i-run17/76_1,4.00000,9.00000,9.00000,16.00000,9.00000,9.00000
EDA,Model,VS-i-run17/77_1,5.00000,7.00000,7.00000,17.00000,7.00000,7.00000
EDA,Model,VS-i-run17/78_1,4.00000,12.00000,12.00000,13.00000,12.00000,12.00000
EDA,Model,VS-i-run17/79_1,5.00000,9.00000,9.00000,15.00000,9.00000,9.00000
EDA,Model,VS-i-run17/80_1,3.00000,13.00000,13.00000,13.00000,13.00000,13.00000
EDA,Model,VS-i-run17/81_1,8.00000,3.00000,3.00000,18.00000,3.00000,3.00000
EDA,Model,VS-i-run17/82_1,4.00000,4.00000,4.00000,21.00000,4.00000,4.00000
EDA,Model,VS-i-run17/83_1,4.00000,9.00000,9.00000,16.00000,9.00000,9.00000
EDA,Model,VS-i-run17/84_1,2.00000,15.00000,15.00000,12.00000,15.00000,15.00000
EDA,Model,VS-i-run17/85_1,6.00000,7.00000,7.00000,16.00000,7.00000,7.00000
EDA,Model,VS-i-run17/86_1,5.00000,8.00000,8.00000,16.00000,8.00000,8.00000
EDA,Model,VS-i-run17/87_1,3.00000,7.00000,7.00000,19.00000,7.00000,7.00000
EDA,Model,VS-i-run17/88_1,5.00000,12.00000,12.00000,12.00000,12.00000,12.00000
EDA,Model,VS-i-run17/89_1,4.00000,7.00000,7.00000,18.00000,7.00000,7.00000
EDA,Model,VS-i-run17/90_1,4.00000,10.00000,10.00000,15.00000,10.00000,10.00000
EDA,Model,VS-i-run18/100_1,4.00000,8.00000,8.00000,17.00000,8.00000,8.00000
EDA,Model,VS-i-run18/101_1,5.00000,8.00000,8.00000,16.00000,8.00000,8.00000
EDA,Model,VS-i-run18/102_1,4.00000,5.00000,5.00000,20.00000,5.00000,5.00000
EDA,Model,VS-i-run18/103_1,8.00000,8.00000,8.00000,13.00000,8.00000,8.00000
EDA,Model,VS-i-run18/104_1,6.00000,8.00000,8.00000,15.00000,8.00000,8.00000
EDA,Model,VS-i-run18/105_1,6.00000,8.00000,8.00000,15.00000,8.00000,8.00000
EDA,Model,VS-i-run18/106_1,4.00000,7.00000,7.00000,18.00000,7.00000,7.00000
EDA,Model,VS-i-run18/107_1,4.00000,10.00000,10.00000,15.00000,10.00000,10.00000
EDA,Model,VS-i-run18/108_1,4.00000,8.00000,8.00000,17.00000,8.00000,8.00000
EDA,Model,VS-i-run18/109_1,5.00000,6.00000,6.00000,18.00000,6.00000,6.00000
EDA,Model,VS-i-run18/110_1,3.00000,11.00000,11.00000,15.00000,11.00000,11.00000
EDA,Model,VS-i-run18/111_1,4.00000,6.00000,6.00000,19.00000,6.00000,6.00000
EDA,Model,VS-i-run18/112_1,5.00000,10.00000,10.00000,14.00000,10.00000,10.00000
EDA,Model,VS-i-run18/113_1,2.00000,10.00000,10.00000,17.00000,10.00000,10.00000
EDA,Model,VS-i-run18/114_1,4.00000,10.00000,10.00000,15.00000,10.00000,10.00000
EDA,Model,VS-i-run18/115_1,5.00000,8.00000,8.00000,16.00000,8.00000,8.00000
EDA,Model,VS-i-run18/116_1,6.00000,7.00000,7.00000,16.00000,7.00000,7.00000
EDA,Model,VS-i-run18/117_1,5.00000,9.00000,9.00000,15.00000,9.00000,9.00000
EDA,Model,VS-i-run18/118_1,6.00000,7.00000,7.00000,16.00000,7.00000,7.00000
EDA,Model,VS-i-run18/119_1,3.00000,10.00000,10.00000,16.00000,10.00000,10.00000
EDA,Model,VS-i-run18/120_1,8.00000,4.00000,4.00000,17.00000,4.00000,4.00000
EDA,Model,VS-i-run18/91_1,4.00000,7.00000,7.00000,18.00000,7.00000,7.00000
EDA,Model,VS-i-run18/92_1,4.00000,8.00000,8.00000,17.00000,8.00000,8.00000
EDA,Model,VS-i-run18/93_1,4.00000,9.00000,9.00000,16.00000,9.00000,9.00000
EDA,Model,VS-i-run18/94_1,5.00000,6.00000,6.00000,18.00000,6.00000,6.00000
EDA,Model,VS-i-run18/95_1,5.00000,7.00000,7.00000,17.00000,7.00000,7.00000
EDA,Model,VS-i-run18/96_1,3.00000,8.00000,8.00000,18.00000,8.00000,8.00000
EDA,Model,VS-i-run18/97_1,5.00000,6.00000,6.00000,18.00000,6.00000,6.00000
EDA,Model,VS-i-run18/98_1,3.00000,9.00000,9.00000,17.00000,9.00000,9.00000
EDA,Model,VS-i-run18/99_1,6.00000,5.00000,5.00000,18.00000,5.00000,5.00000
EDA,Model,VS-i-run19/121_1,3.00000,10.00000,10.00000,16.00000,10.00000,10.00000
EDA,Model,VS-i-run19/122_1,5.00000,5.00000,5.00000,19.00000,5.00000,5.00000
EDA,Model,VS-i-run19/123_1,4.00000,10.00000,10.00000,15.00000,10.00000,10.00000
EDA,Model,VS-i-run19/124_1,6.00000,6.00000,6.00000,17.00000,6.00000,6.00000
EDA,Model,VS-i-run19/125_1,6.00000,5.00000,5.00000,18.00000,5.00000,5.00000
EDA,Model,VS-i-run19/126_1,4.00000,8.00000,8.00000,17.00000,8.00000,8.00000
EDA,Model,VS-i-run19/127_1,4.00000,9.00000,9.00000,16.00000,9.00000,9.00000
EDA,Model,VS-i-run19/128_1,3.00000,14.00000,14.00000,12.00000,14.00000,14.00000
EDA,Model,VS-i-run19/129_1,4.00000,9.00000,9.00000,16.00000,9.00000,9.00000
EDA,Model,VS-i-run19/130_1,2.00000,12.00000,12.00000,15.00000,12.00000,12.00000
EDA,Model,VS-i-run19/131_1,4.00000,8.00000,8.00000,17.00000,8.00000,8.00000
EDA,Model,VS-i-run19/132_1,6.00000,7.00000,7.00000,16.00000,7.00000,7.00000
EDA,Model,VS-i-run19/133_1,4.00000,10.00000,10.00000,15.00000,10.00000,10.00000
EDA,Model,VS-i-run19/134_1,7.00000,5.00000,5.00000,17.00000,5.00000,5.00000
EDA,Model,VS-i-run19/135_1,2.00000,12.00000,12.00000,15.00000,12.00000,12.00000
EDA,Model,VS-i-run19/136_1,4.00000,8.00000,8.00000,17.00000,8.00000,8.00000
EDA,Model,VS-i-run19/137_1,4.00000,8.00000,8.00000,17.00000,8.00000,8.00000
EDA,Model,VS-i-run19/138_1,6.00000,10.00000,10.00000,13.00000,10.00000,10.00000
EDA,Model,VS-i-run19/139_1,5.00000,8.00000,8.00000,16.00000,8.00000,8.00000
EDA,Model,VS-i-run19/140_1,3.00000,4.00000,4.00000,22.00000,4.00000,4.00000
EDA,Model,VS-i-run19/141_1,6.00000,6.00000,6.00000,17.00000,6.00000,6.00000
EDA,Model,VS-i-run19/142_1,4.00000,12.00000,12.00000,13.00000,12.00000,12.00000
EDA,Model,VS-i-run19/143_1,4.00000,5.00000,5.00000,20.00000,5.00000,5.00000
EDA,Model,VS-i-run19/144_1,6.00000,7.00000,7.00000,16.00000,7.00000,7.00000
EDA,Model,VS-i-run19/145_1,5.00000,5.00000,5.00000,19.00000,5.00000,5.00000
EDA,Model,VS-i-run19/146_1,4.00000,9.00000,9.00000,16.00000,9.00000,9.00000
EDA,Model,VS-i-run19/147_1,5.00000,7.00000,7.00000,17.00000,7.00000,7.00000
EDA,Model,VS-i-run19/148_1,3.00000,9.00000,9.00000,17.00000,9.00000,9.00000
EDA,Model,VS-i-run19/149_1,4.00000,5.00000,5.00000,20.00000,5.00000,5.00000
EDA,Model,VS-i-run19/150_1,4.00000,9.00000,9.00000,16.00000,9.00000,9.00000
EDA,Model,VS-i-run2/31_1,4.00000,9.00000,9.00000,16.00000,9.00000,9.00000
EDA,Model,VS-i-run2/32_1,8.00000,4.00000,4.00000,17.00000,4.00000,4.00000
EDA,Model,VS-i-run2/33_1,5.00000,5.00000,5.00000,19.00000,5.00000,5.00000
EDA,Model,VS-i-run2/34_1,5.00000,6.00000,6.00000,18.00000,6.00000,6.00000
EDA,Model,VS-i-run2/35_1,6.00000,8.00000,8.00000,15.00000,8.00000,8.00000
EDA,Model,VS-i-run2/36_1,4.00000,7.00000,7.00000,18.00000,7.00000,7.00000
EDA,Model,VS-i-run2/37_1,6.00000,7.00000,7.00000,16.00000,7.00000,7.00000
EDA,Model,VS-i-run2/38_1,7.00000,4.00000,4.00000,18.00000,4.00000,4.00000
EDA,Model,VS-i-run2/39_1,4.00000,8.00000,8.00000,17.00000,8.00000,8.00000
EDA,Model,VS-i-run2/40_1,4.00000,10.00000,10.00000,15.00000,10.00000,10.00000
EDA,Model,VS-i-run2/41_1,6.00000,8.00000,8.00000,15.00000,8.00000,8.00000
EDA,Model,VS-i-run2/42_1,6.00000,6.00000,6.00000,17.00000,6.00000,6.00000
EDA,Model,VS-i-run2/43_1,6.00000,6.00000,6.00000,17.00000,6.00000,6.00000
EDA,Model,VS-i-run2/44_1,7.00000,9.00000,9.00000,13.00000,9.00000,9.00000
EDA,Model,VS-i-run2/45_1,4.00000,2.00000,2.00000,23.00000,2.00000,2.00000
EDA,Model,VS-i-run2/46_1,8.00000,5.00000,5.00000,16.00000,5.00000,5.00000
EDA,Model,VS-i-run2/47_1,5.00000,12.00000,12.00000,12.00000,12.00000,12.00000
EDA,Model,VS-i-run2/48_1,5.00000,11.00000,11.00000,13.00000,11.00000,11.00000
EDA,Model,VS-i-run2/49_1,6.00000,5.00000,5.00000,18.00000,5.00000,5.00000
EDA,Model,VS-i-run2/50_1,5.00000,13.00000,13.00000,11.00000,13.00000,13.00000
EDA,Model,VS-i-run2/51_1,3.00000,11.00000,11.00000,15.00000,11.00000,11.00000
EDA,Model,VS-i-run2/52_1,6.00000,10.00000,10.00000,13.00000,10.00000,10.00000
EDA,Model,VS-i-run2/53_1,6.00000,5.00000,5.00000,18.00000,5.00000,5.00000
EDA,Model,VS-i-run2/54_1,6.00000,6.00000,6.00000,17.00000,6.00000,6.00000
EDA,Model,VS-i-run2/55_1,4.00000,7.00000,7.00000,18.00000,7.00000,7.00000
EDA,Model,VS-i-run2/56_1,3.00000,10.00000,10.00000,16.00000,10.00000,10.00000
EDA,Model,VS-i-run2/57_1,1.00000,13.00000,13.00000,15.00000,13.00000,13.00000
EDA,Model,VS-i-run2/58_1,2.00000,14.00000,14.00000,13.00000,14.00000,14.00000
EDA,Model,VS-i-run2/59_1,3.00000,10.00000,10.00000,16.00000,10.00000,10.00000
EDA,Model,VS-i-run2/60_1,7.00000,8.00000,8.00000,14.00000,8.00000,8.00000
EDA,Model,VS-i-run20/151_1,4.00000,9.00000,9.00000,16.00000,9.00000,9.00000
EDA,Model,VS-i-run20/152_1,4.00000,9.00000,9.00000,16.00000,9.00000,9.00000
EDA,Model,VS-i-run20/153_1,4.00000,13.00000,13.00000,12.00000,13.00000,13.00000
EDA,Model,VS-i-run20/154_1,2.00000,15.00000,15.00000,12.00000,15.00000,15.00000
EDA,Model,VS-i-run20/155_1,5.00000,6.00000,6.00000,18.00000,6.00000,6.00000
EDA,Model,VS-i-run20/156_1,8.00000,5.00000,5.00000,16.00000,5.00000,5.00000
EDA,Model,VS-i-run20/157_1,3.00000,14.00000,14.00000,12.00000,14.00000,14.00000
EDA,Model,VS-i-run20/158_1,4.00000,11.00000,11.00000,14.00000,11.00000,11.00000
EDA,Model,VS-i-run20/159_1,2.00000,12.00000,12.00000,15.00000,12.00000,12.00000
EDA,Model,VS-i-run20/160_1,4.00000,10.00000,10.00000,15.00000,10.00000,10.00000
EDA,Model,VS-i-run20/161_1,2.00000,13.00000,13.00000,14.00000,13.00000,13.00000
EDA,Model,VS-i-run20/162_1,3.00000,13.00000,13.00000,13.00000,13.00000,13.00000
EDA,Model,VS-i-run20/163_1,4.00000,9.00000,9.00000,16.00000,9.00000,9.00000
EDA,Model,VS-i-run20/164_1,3.00000,10.00000,10.00000,16.00000,10.00000,10.00000
EDA,Model,VS-i-run20/165_1,4.00000,7.00000,7.00000,18.00000,7.00000,7.00000
EDA,Model,VS-i-run20/166_1,4.00000,7.00000,7.00000,18.00000,7.00000,7.00000
EDA,Model,VS-i-run20/167_1,2.00000,10.00000,10.00000,17.00000,10.00000,10.00000
EDA,Model,VS-i-run20/168_1,5.00000,10.00000,10.00000,14.00000,10.00000,10.00000
EDA,Model,VS-i-run20/169_1,4.00000,11.00000,11.00000,14.00000,11.00000,11.00000
EDA,Model,VS-i-run20/170_1,4.00000,9.00000,9.00000,16.00000,9.00000,9.00000
EDA,Model,VS-i-run20/171_1,1.00000,16.00000,16.00000,12.00000,16.00000,16.00000
EDA,Model,VS-i-run20/172_1,3.00000,9.00000,9.00000,17.00000,9.00000,9.00000
EDA,Model,VS-i-run20/173_1,5.00000,3.00000,3.00000,21.00000,3.00000,3.00000
EDA,Model,VS-i-run20/174_1,5.00000,11.00000,11.00000,13.00000,11.00000,11.00000
EDA,Model,VS-i-run20/175_1,4.00000,10.00000,10.00000,15.00000,10.00000,10.00000
EDA,Model,VS-i-run20/176_1,4.00000,10.00000,10.00000,15.00000,10.00000,10.00000
EDA,Model,VS-i-run20/177_1,5.00000,7.00000,7.00000,17.00000,7.00000,7.00000
EDA,Model,VS-i-run20/178_1,4.00000,8.00000,8.00000,17.00000,8.00000,8.00000
EDA,Model,VS-i-run20/179_1,3.00000,10.00000,10.00000,16.00000,10.00000,10.00000
EDA,Model,VS-i-run20/180_1,6.00000,7.00000,7.00000,16.00000,7.00000,7.00000
EDA,Model,VS-i-run3/61_1,4.00000,9.00000,9.00000,16.00000,9.00000,9.00000
EDA,Model,VS-i-run3/62_1,5.00000,10.00000,10.00000,14.00000,10.00000,10.00000
EDA,Model,VS-i-run3/63_1,5.00000,9.00000,9.00000,15.00000,9.00000,9.00000
EDA,Model,VS-i-run3/64_1,4.00000,10.00000,10.00000,15.00000,10.00000,10.00000
EDA,Model,VS-i-run3/65_1,5.00000,7.00000,7.00000,17.00000,7.00000,7.00000
EDA,Model,VS-i-run3/66_1,3.00000,8.00000,8.00000,18.00000,8.00000,8.00000
EDA,Model,VS-i-run3/67_1,5.00000,6.00000,6.00000,18.00000,6.00000,6.00000
EDA,Model,VS-i-run3/68_1,6.00000,5.00000,5.00000,18.00000,5.00000,5.00000
EDA,Model,VS-i-run3/69_1,8.00000,5.00000,5.00000,16.00000,5.00000,5.00000
EDA,Model,VS-i-run3/70_1,5.00000,5.00000,5.00000,19.00000,5.00000,5.00000
EDA,Model,VS-i-run3/71_1,6.00000,5.00000,5.00000,18.00000,5.00000,5.00000
EDA,Model,VS-i-run3/72_1,5.00000,7.00000,7.00000,17.00000,7.00000,7.00000
EDA,Model,VS-i-run3/73_1,3.00000,12.00000,12.00000,14.00000,12.00000,12.00000
EDA,Model,VS-i-run3/74_1,4.00000,11.00000,11.00000,14.00000,11.00000,11.00000
EDA,Model,VS-i-run3/75_1,6.00000,6.00000,6.00000,17.00000,6.00000,6.00000
EDA,Model,VS-i-run3/76_1,4.00000,9.00000,9.00000,16.00000,9.00000,9.00000
EDA,Model,VS-i-run3/77_1,3.00000,13.00000,13.00000,13.00000,13.00000,13.00000
EDA,Model,VS-i-run3/78_1,5.00000,11.00000,11.00000,13.00000,11.00000,11.00000
EDA,Model,VS-i-run3/79_1,4.00000,10.00000,10.00000,15.00000,10.00000,10.00000
EDA,Model,VS-i-run3/80_1,3.00000,12.00000,12.00000,14.00000,12.00000,12.00000
EDA,Model,VS-i-run3/81_1,5.00000,7.00000,7.00000,17.00000,7.00000,7.00000
EDA,Model,VS-i-run3/82_1,4.00000,10.00000,10.00000,15.00000,10.00000,10.00000
EDA,Model,VS-i-run3/83_1,3.00000,11.00000,11.00000,15.00000,11.00000,11.00000
EDA,Model,VS-i-run3/84_1,6.00000,10.00000,10.00000,13.00000,10.00000,10.00000
EDA,Model,VS-i-run3/85_1,6.00000,7.00000,7.00000,16.00000,7.00000,7.00000
EDA,Model,VS-i-run3/86_1,3.00000,12.00000,12.00000,14.00000,12.00000,12.00000
EDA,Model,VS-i-run3/87_1,4.00000,9.00000,9.00000,16.00000,9.00000,9.00000
EDA,Model,VS-i-run3/88_1,4.00000,6.00000,6.00000,19.00000,6.00000,6.00000
EDA,Model,VS-i-run3/89_1,2.00000,14.00000,14.00000,13.00000,14.00000,14.00000
EDA,Model,VS-i-run3/90_1,4.00000,8.00000,8.00000,17.00000,8.00000,8.00000
EDA,Model,VS-i-run4/100_1,2.00000,11.00000,11.00000,16.00000,11.00000,11.00000
EDA,Model,VS-i-run4/101_1,7.00000,6.00000,6.00000,16.00000,6.00000,6.00000
EDA,Model,VS-i-run4/102_1,3.00000,11.00000,11.00000,15.00000,11.00000,11.00000
EDA,Model,VS-i-run4/103_1,1.00000,17.00000,17.00000,11.00000,17.00000,17.00000
EDA,Model,VS-i-run4/104_1,2.00000,13.00000,13.00000,14.00000,13.00000,13.00000
EDA,Model,VS-i-run4/105_1,2.00000,17.00000,17.00000,10.00000,17.00000,17.00000
EDA,Model,VS-i-run4/106_1,5.00000,5.00000,5.00000,19.00000,5.00000,5.00000
EDA,Model,VS-i-run4/107_1,2.00000,12.00000,12.00000,15.00000,12.00000,12.00000
EDA,Model,VS-i-run4/108_1,3.00000,8.00000,8.00000,18.00000,8.00000,8.00000
EDA,Model,VS-i-run4/109_1,2.00000,10.00000,10.00000,17.00000,10.00000,10.00000
EDA,Model,VS-i-run4/110_1,5.00000,8.00000,8.00000,16.00000,8.00000,8.00000
EDA,Model,VS-i-run4/111_1,2.00000,15.00000,15.00000,12.00000,15.00000,15.00000
EDA,Model,VS-i-run4/112_1,5.00000,4.00000,4.00000,20.00000,4.00000,4.00000
EDA,Model,VS-i-run4/113_1,5.00000,7.00000,7.00000,17.00000,7.00000,7.00000
EDA,Model,VS-i-run4/114_1,6.00000,6.00000,6.00000,17.00000,6.00000,6.00000
EDA,Model,VS-i-run4/115_1,4.00000,11.00000,11.00000,14.00000,11.00000,11.00000
EDA,Model,VS-i-run4/116_1,3.00000,14.00000,14.00000,12.00000,14.00000,14.00000
EDA,Model,VS-i-run4/117_1,3.00000,11.00000,11.00000,15.00000,11.00000,11.00000
EDA,Model,VS-i-run4/118_1,4.00000,10.00000,10.00000,15.00000,10.00000,10.00000
EDA,Model,VS-i-run4/119_1,2.00000,15.00000,15.00000,12.00000,15.00000,15.00000
EDA,Model,VS-i-run4/120_1,3.00000,10.00000,10.00000,16.00000,10.00000,10.00000
EDA,Model,VS-i-run4/91_1,5.00000,5.00000,5.00000,19.00000,5.00000,5.00000
EDA,Model,VS-i-run4/92_1,3.00000,10.00000,10.00000,16.00000,10.00000,10.00000
EDA,Model,VS-i-run4/93_1,2.00000,15.00000,15.00000,12.00000,15.00000,15.00000
EDA,Model,VS-i-run4/94_1,5.00000,7.00000,7.00000,17.00000,7.00000,7.00000
EDA,Model,VS-i-run4/95_1,3.00000,11.00000,11.00000,15.00000,11.00000,11.00000
EDA,Model,VS-i-run4/96_1,2.00000,12.00000,12.00000,15.00000,12.00000,12.00000
EDA,Model,VS-i-run4/97_1,2.00000,13.00000,13.00000,14.00000,13.00000,13.00000
EDA,Model,VS-i-run4/98_1,3.00000,10.00000,10.00000,16.00000,10.00000,10.00000
EDA,Model,VS-i-run4/99_1,2.00000,12.00000,12.00000,15.00000,12.00000,12.00000
EDA,Model,VS-i-run5/121_1,2.00000,14.00000,14.00000,13.00000,14.00000,14.00000
EDA,Model,VS-i-run5/122_1,5.00000,3.00000,3.00000,21.00000,3.00000,3.00000
EDA,Model,VS-i-run5/123_1,8.00000,7.00000,7.00000,14.00000,7.00000,7.00000
EDA,Model,VS-i-run5/124_1,4.00000,9.00000,9.00000,16.00000,9.00000,9.00000
EDA,Model,VS-i-run5/125_1,2.00000,13.00000,13.00000,14.00000,13.00000,13.00000
EDA,Model,VS-i-run5/126_1,4.00000,9.00000,9.00000,16.00000,9.00000,9.00000
EDA,Model,VS-i-run5/127_1,5.00000,10.00000,10.00000,14.00000,10.00000,10.00000
EDA,Model,VS-i-run5/128_1,3.00000,10.00000,10.00000,16.00000,10.00000,10.00000
EDA,Model,VS-i-run5/129_1,7.00000,5.00000,5.00000,17.00000,5.00000,5.00000
EDA,Model,VS-i-run5/130_1,3.00000,8.00000,8.00000,18.00000,8.00000,8.00000
EDA,Model,VS-i-run5/131_1,4.00000,10.00000,10.00000,15.00000,10.00000,10.00000
EDA,Model,VS-i-run5/132_1,4.00000,6.00000,6.00000,19.00000,6.00000,6.00000
EDA,Model,VS-i-run5/133_1,3.00000,9.00000,9.00000,17.00000,9.00000,9.00000
EDA,Model,VS-i-run5/134_1,4.00000,9.00000,9.00000,16.00000,9.00000,9.00000
EDA,Model,VS-i-run5/135_1,2.00000,11.00000,11.00000,16.00000,11.00000,11.00000
EDA,Model,VS-i-run5/136_1,3.00000,16.00000,16.00000,10.00000,16.00000,16.00000
EDA,Model,VS-i-run5/137_1,4.00000,9.00000,9.00000,16.00000,9.00000,9.00000
EDA,Model,VS-i-run5/138_1,6.00000,6.00000,6.00000,17.00000,6.00000,6.00000
EDA,Model,VS-i-run5/139_1,4.00000,11.00000,11.00000,14.00000,11.00000,11.00000
EDA,Model,VS-i-run5/140_1,5.00000,8.00000,8.00000,16.00000,8.00000,8.00000
EDA,Model,VS-i-run5/141_1,4.00000,8.00000,8.00000,17.00000,8.00000,8.00000
EDA,Model,VS-i-run5/142_1,4.00000,7.00000,7.00000,18.00000,7.00000,7.00000
EDA,Model,VS-i-run5/143_1,6.00000,7.00000,7.00000,16.00000,7.00000,7.00000
EDA,Model,VS-i-run5/144_1,5.00000,8.00000,8.00000,16.00000,8.00000,8.00000
EDA,Model,VS-i-run5/145_1,6.00000,4.00000,4.00000,19.00000,4.00000,4.00000
EDA,Model,VS-i-run5/146_1,5.00000,10.00000,10.00000,14.00000,10.00000,10.00000
EDA,Model,VS-i-run5/147_1,5.00000,8.00000,8.00000,16.00000,8.00000,8.00000
EDA,Model,VS-i-run5/148_1,8.00000,6.00000,6.00000,15.00000,6.00000,6.00000
EDA,Model,VS-i-run5/149_1,3.00000,16.00000,16.00000,10.00000,16.00000,16.00000
EDA,Model,VS-i-run5/150_1,6.00000,7.00000,7.00000,16.00000,7.00000,7.00000
EDA,Model,VS-i-run6/151_1,5.00000,12.00000,12.00000,12.00000,12.00000,12.00000
EDA,Model,VS-i-run6/152_1,4.00000,9.00000,9.00000,16.00000,9.00000,9.00000
EDA,Model,VS-i-run6/153_1,5.00000,8.00000,8.00000,16.00000,8.00000,8.00000
EDA,Model,VS-i-run6/154_1,2.00000,13.00000,13.00000,14.00000,13.00000,13.00000
EDA,Model,VS-i-run6/155_1,5.00000,7.00000,7.00000,17.00000,7.00000,7.00000
EDA,Model,VS-i-run6/156_1,4.00000,8.00000,8.00000,17.00000,8.00000,8.00000
EDA,Model,VS-i-run6/157_1,3.00000,13.00000,13.00000,13.00000,13.00000,13.00000
EDA,Model,VS-i-run6/158_1,3.00000,6.00000,6.00000,20.00000,6.00000,6.00000
EDA,Model,VS-i-run6/159_1,4.00000,8.00000,8.00000,17.00000,8.00000,8.00000
EDA,Model,VS-i-run6/160_1,4.00000,7.00000,7.00000,18.00000,7.00000,7.00000
EDA,Model,VS-i-run6/161_1,6.00000,10.00000,10.00000,13.00000,10.00000,10.00000
EDA,Model,VS-i-run6/162_1,4.00000,9.00000,9.00000,16.00000,9.00000,9.00000
EDA,Model,VS-i-run6/163_1,2.00000,14.00000,14.00000,13.00000,14.00000,14.00000
EDA,Model,VS-i-run6/164_1,8.00000,4.00000,4.00000,17.00000,4.00000,4.00000
EDA,Model,VS-i-run6/165_1,2.00000,13.00000,13.00000,14.00000,13.00000,13.00000
EDA,Model,VS-i-run6/166_1,6.00000,5.00000,5.00000,18.00000,5.00000,5.00000
EDA,Model,VS-i-run6/167_1,7.00000,6.00000,6.00000,16.00000,6.00000,6.00000
EDA,Model,VS-i-run6/168_1,4.00000,10.00000,10.00000,15.00000,10.00000,10.00000
EDA,Model,VS-i-run6/169_1,3.00000,9.00000,9.00000,17.00000,9.00000,9.00000
EDA,Model,VS-i-run6/170_1,3.00000,11.00000,11.00000,15.00000,11.00000,11.00000
EDA,Model,VS-i-run6/171_1,5.00000,8.00000,8.00000,16.00000,8.00000,8.00000
EDA,Model,VS-i-run6/172_1,7.00000,5.00000,5.00000,17.00000,5.00000,5.00000
EDA,Model,VS-i-run6/173_1,2.00000,15.00000,15.00000,12.00000,15.00000,15.00000
EDA,Model,VS-i-run6/174_1,3.00000,12.00000,12.00000,14.00000,12.00000,12.00000
EDA,Model,VS-i-run6/175_1,5.00000,11.00000,11.00000,13.00000,11.00000,11.00000
EDA,Model,VS-i-run6/176_1,4.00000,12.00000,12.00000,13.00000,12.00000,12.00000
EDA,Model,VS-i-run6/177_1,4.00000,9.00000,9.00000,16.00000,9.00000,9.00000
EDA,Model,VS-i-run6/178_1,5.00000,8.00000,8.00000,16.00000,8.00000,8.00000
EDA,Model,VS-i-run6/179_1,6.00000,6.00000,6.00000,17.00000,6.00000,6.00000
EDA,Model,VS-i-run6/180_1,4.00000,10.00000,10.00000,15.00000,10.00000,10.00000
EDA,Model,VS-i-run7/181_1,4.00000,9.00000,9.00000,16.00000,9.00000,9.00000
EDA,Model,VS-i-run7/182_1,5.00000,10.00000,10.00000,14.00000,10.00000,10.00000
EDA,Model,VS-i-run7/183_1,6.00000,11.00000,11.00000,12.00000,11.00000,11.00000
EDA,Model,VS-i-run7/184_1,4.00000,6.00000,6.00000,19.00000,6.00000,6.00000
EDA,Model,VS-i-run7/185_1,3.00000,10.00000,10.00000,16.00000,10.00000,10.00000
EDA,Model,VS-i-run7/186_1,7.00000,3.00000,3.00000,19.00000,3.00000,3.00000
EDA,Model,VS-i-run7/187_1,4.00000,9.00000,9.00000,16.00000,9.00000,9.00000
EDA,Model,VS-i-run7/188_1,4.00000,11.00000,11.00000,14.00000,11.00000,11.00000
EDA,Model,VS-i-run7/189_1,6.00000,6.00000,6.00000,17.00000,6.00000,6.00000
EDA,Model,VS-i-run7/190_1,3.00000,11.00000,11.00000,15.00000,11.00000,11.00000
EDA,Model,VS-i-run7/191_1,4.00000,7.00000,7.00000,18.00000,7.00000,7.00000
EDA,Model,VS-i-run7/192_1,7.00000,7.00000,7.00000,15.00000,7.00000,7.00000
EDA,Model,VS-i-run7/193_1,5.00000,11.00000,11.00000,13.00000,11.00000,11.00000
EDA,Model,VS-i-run7/194_1,6.00000,5.00000,5.00000,18.00000,5.00000,5.00000
EDA,Model,VS-i-run7/195_1,4.00000,13.00000,13.00000,12.00000,13.00000,13.00000
EDA,Model,VS-i-run7/196_1,3.00000,13.00000,13.00000,13.00000,13.00000,13.00000
EDA,Model,VS-i-run7/197_1,5.00000,8.00000,8.00000,16.00000,8.00000,8.00000
EDA,Model,VS-i-run7/198_1,4.00000,10.00000,10.00000,15.00000,10.00000,10.00000
EDA,Model,VS-i-run7/199_1,3.00000,11.00000,11.00000,15.00000,11.00000,11.00000
EDA,Model,VS-i-run7/200_1,5.00000,7.00000,7.00000,17.00000,7.00000,7.00000
EDA,Model,VS-i-run7/201_1,8.00000,6.00000,6.00000,15.00000,6.00000,6.00000
EDA,Model,VS-i-run7/202_1,5.00000,8.00000,8.00000,16.00000,8.00000,8.00000
EDA,Model,VS-i-run7/203_1,7.00000,7.00000,7.00000,15.00000,7.00000,7.00000
EDA,Model,VS-i-run7/204_1,6.00000,8.00000,8.00000,15.00000,8.00000,8.00000
EDA,Model,VS-i-run7/205_1,4.00000,9.00000,9.00000,16.00000,9.00000,9.00000
EDA,Model,VS-i-run7/206_1,4.00000,7.00000,7.00000,18.00000,7.00000,7.00000
EDA,Model,VS-i-run7/207_1,3.00000,10.00000,10.00000,16.00000,10.00000,10.00000
EDA,Model,VS-i-run7/208_1,3.00000,11.00000,11.00000,15.00000,11.00000,11.00000
EDA,Model,VS-i-run7/209_1,4.00000,13.00000,13.00000,12.00000,13.00000,13.00000
EDA,Model,VS-i-run7/210_1,6.00000,4.00000,4.00000,19.00000,4.00000,4.00000
EDA,Model,VS-i-run8/211_1,5.00000,6.00000,6.00000,18.00000,6.00000,6.00000
EDA,Model,VS-i-run8/212_1,4.00000,11.00000,11.00000,14.00000,11.00000,11.00000
EDA,Model,VS-i-run8/213_1,5.00000,6.00000,6.00000,18.00000,6.00000,6.00000
EDA,Model,VS-i-run8/214_1,2.00000,12.00000,12.00000,15.00000,12.00000,12.00000
EDA,Model,VS-i-run8/215_1,3.00000,13.00000,13.00000,13.00000,13.00000,13.00000
EDA,Model,VS-i-run8/216_1,2.00000,12.00000,12.00000,15.00000,12.00000,12.00000
EDA,Model,VS-i-run8/217_1,5.00000,6.00000,6.00000,18.00000,6.00000,6.00000
EDA,Model,VS-i-run8/218_1,3.00000,10.00000,10.00000,16.00000,10.00000,10.00000
EDA,Model,VS-i-run8/219_1,6.00000,6.00000,6.00000,17.00000,6.00000,6.00000
EDA,Model,VS-i-run8/220_1,4.00000,8.00000,8.00000,17.00000,8.00000,8.00000
EDA,Model,VS-i-run8/221_1,2.00000,10.00000,10.00000,17.00000,10.00000,10.00000
EDA,Model,VS-i-run8/222_1,4.00000,10.00000,10.00000,15.00000,10.00000,10.00000
EDA,Model,VS-i-run8/223_1,5.00000,7.00000,7.00000,17.00000,7.00000,7.00000
EDA,Model,VS-i-run8/224_1,8.00000,4.00000,4.00000,17.00000,4.00000,4.00000
EDA,Model,VS-i-run8/225_1,3.00000,13.00000,13.00000,13.00000,13.00000,13.00000
EDA,Model,VS-i-run8/226_1,3.00000,14.00000,14.00000,12.00000,14.00000,14.00000
EDA,Model,VS-i-run8/227_1,4.00000,9.00000,9.00000,16.00000,9.00000,9.00000
EDA,Model,VS-i-run8/228_1,4.00000,9.00000,9.00000,16.00000,9.00000,9.00000
EDA,Model,VS-i-run8/229_1,6.00000,7.00000,7.00000,16.00000,7.00000,7.00000
EDA,Model,VS-i-run8/230_1,5.00000,8.00000,8.00000,16.00000,8.00000,8.00000
EDA,Model,VS-i-run8/231_1,2.00000,11.00000,11.00000,16.00000,11.00000,11.00000
EDA,Model,VS-i-run8/232_1,3.00000,12.00000,12.00000,14.00000,12.00000,12.00000
EDA,Model,VS-i-run8/233_1,2.00000,16.00000,16.00000,11.00000,16.00000,16.00000
EDA,Model,VS-i-run8/234_1,4.00000,9.00000,9.00000,16.00000,9.00000,9.00000
EDA,Model,VS-i-run8/235_1,4.00000,6.00000,6.00000,19.00000,6.00000,6.00000
EDA,Model,VS-i-run8/236_1,2.00000,10.00000,10.00000,17.00000,10.00000,10.00000
EDA,Model,VS-i-run8/237_1,5.00000,6.00000,6.00000,18.00000,6.00000,6.00000
EDA,Model,VS-i-run8/238_1,2.00000,13.00000,13.00000,14.00000,13.00000,13.00000
EDA,Model,VS-i-run8/239_1,3.00000,10.00000,10.00000,16.00000,10.00000,10.00000
EDA,Model,VS-i-run8/240_1,3.00000,10.00000,10.00000,16.00000,10.00000,10.00000
EDA,Model,VS-i-run9/241_1,6.00000,7.00000,7.00000,16.00000,7.00000,7.00000
EDA,Model,VS-i-run9/242_1,5.00000,6.00000,6.00000,18.00000,6.00000,6.00000
EDA,Model,VS-i-run9/243_1,9.00000,6.00000,6.00000,14.00000,6.00000,6.00000
EDA,Model,VS-i-run9/244_1,4.00000,4.00000,4.00000,21.00000,4.00000,4.00000
EDA,Model,VS-i-run9/245_1,4.00000,10.00000,10.00000,15.00000,10.00000,10.00000
EDA,Model,VS-i-run9/246_1,3.00000,6.00000,6.00000,20.00000,6.00000,6.00000
EDA,Model,VS-i-run9/247_1,5.00000,4.00000,4.00000,20.00000,4.00000,4.00000
EDA,Model,VS-i-run9/248_1,4.00000,10.00000,10.00000,15.00000,10.00000,10.00000
EDA,Model,VS-i-run9/249_1,4.00000,11.00000,11.00000,14.00000,11.00000,11.00000
EDA,Model,VS-i-run9/250_1,6.00000,7.00000,7.00000,16.00000,7.00000,7.00000
EDA,Model,VS-i-run9/251_1,3.00000,10.00000,10.00000,16.00000,10.00000,10.00000
EDA,Model,VS-i-run9/252_1,4.00000,9.00000,9.00000,16.00000,9.00000,9.00000
EDA,Model,VS-i-run9/253_1,6.00000,10.00000,10.00000,13.00000,10.00000,10.00000
EDA,Model,VS-i-run9/254_1,2.00000,14.00000,14.00000,13.00000,14.00000,14.00000
EDA,Model,VS-i-run9/255_1,2.00000,11.00000,11.00000,16.00000,11.00000,11.00000
EDA,Model,VS-i-run9/256_1,3.00000,13.00000,13.00000,13.00000,13.00000,13.00000
EDA,Model,VS-i-run9/257_1,3.00000,12.00000,12.00000,14.00000,12.00000,12.00000
EDA,Model,VS-i-run9/258_1,3.00000,12.00000,12.00000,14.00000,12.00000,12.00000
EDA,Model,VS-i-run9/259_1,4.00000,8.00000,8.00000,17.00000,8.00000,8.00000
EDA,Model,VS-i-run9/260_1,4.00000,10.00000,10.00000,15.00000,10.00000,10.00000
EDA,Model,VS-i-run9/261_1,5.00000,11.00000,11.00000,13.00000,11.00000,11.00000
EDA,Model,VS-i-run9/262_1,2.00000,16.00000,16.00000,11.00000,16.00000,16.00000
EDA,Model,VS-i-run9/263_1,5.00000,5.00000,5.00000,19.00000,5.00000,5.00000
EDA,Model,VS-i-run9/264_1,2.00000,14.00000,14.00000,13.00000,14.00000,14.00000
EDA,Model,VS-i-run9/265_1,4.00000,13.00000,13.00000,12.00000,13.00000,13.00000
EDA,Model,VS-i-run9/266_1,3.00000,10.00000,10.00000,16.00000,10.00000,10.00000
EDA,Model,VS-i-run9/267_1,5.00000,5.00000,5.00000,19.00000,5.00000,5.00000
EDA,Model,VS-i-run9/268_1,6.00000,9.00000,9.00000,14.00000,9.00000,9.00000
EDA,Model,VS-i-run9/269_1,3.00000,10.00000,10.00000,16.00000,10.00000,10.00000
EDA,Model,VS-i-run9/270_1,6.00000,6.00000,6.00000,17.00000,6.00000,6.00000
EDA,NHLattice,VS-i-run1/10_1,3.00000,6.00000,20.00000,3.00000,3.00000,3.00000
EDA,NHLattice,VS-i-run1/11_1,11.00000,5.00000,11.00000,13.00000,11.00000,11.00000
EDA,NHLattice,VS-i-run1/12_1,11.00000,4.00000,11.00000,14.00000,11.00000,11.00000
EDA,NHLattice,VS-i-run1/13_1,12.00000,4.00000,13.00000,12.00000,12.00000,12.00000
EDA,NHLattice,VS-i-run1/14_1,9.00000,4.00000,16.00000,9.00000,9.00000,9.00000
EDA,NHLattice,VS-i-run1/15_1,13.00000,2.00000,13.00000,14.00000,13.00000,13.00000
EDA,NHLattice,VS-i-run1/16_1,7.00000,4.00000,7.00000,18.00000,7.00000,7.00000
EDA,NHLattice,VS-i-run1/17_1,10.00000,4.00000,10.00000,15.00000,10.00000,10.00000
EDA,NHLattice,VS-i-run1/18_1,13.00000,4.00000,12.00000,13.00000,13.00000,13.00000
EDA,NHLattice,VS-i-run1/19_1,10.00000,5.00000,10.00000,14.00000,10.00000,10.00000
EDA,NHLattice,VS-i-run1/1_1,9.00000,4.00000,9.00000,16.00000,9.00000,9.00000
EDA,NHLattice,VS-i-run1/20_1,11.00000,4.00000,11.00000,14.00000,11.00000,11.00000
EDA,NHLattice,VS-i-run1/21_1,10.00000,5.00000,10.00000,14.00000,10.00000,10.00000
EDA,NHLattice,VS-i-run1/22_1,5.00000,5.00000,5.00000,19.00000,5.00000,5.00000
EDA,NHLattice,VS-i-run1/23_1,8.00000,5.00000,16.00000,8.00000,8.00000,8.00000
EDA,NHLattice,VS-i-run1/24_1,12.00000,3.00000,14.00000,12.00000,12.00000,12.00000
EDA,NHLattice,VS-i-run1/25_1,6.00000,7.00000,6.00000,16.00000,6.00000,6.00000
EDA,NHLattice,VS-i-run1/26_1,14.00000,3.00000,12.00000,14.00000,14.00000,14.00000
EDA,NHLattice,VS-i-run1/27_1,8.00000,5.00000,8.00000,16.00000,8.00000,8.00000
EDA,NHLattice,VS-i-run1/28_1,11.00000,4.00000,11.00000,14.00000,11.00000,11.00000
EDA,NHLattice,VS-i-run1/29_1,8.00000,3.00000,8.00000,18.00000,8.00000,8.00000
EDA,NHLattice,VS-i-run1/2_1,9.00000,3.00000,9.00000,17.00000,9.00000,9.00000
EDA,NHLattice,VS-i-run1/30_1,9.00000,4.00000,16.00000,9.00000,9.00000,9.00000
EDA,NHLattice,VS-i-run1/3_1,11.00000,3.00000,15.00000,11.00000,11.00000,11.00000
EDA,NHLattice,VS-i-run1/4_1,7.00000,4.00000,7.00000,18.00000,7.00000,7.00000
EDA,NHLattice,VS-i-run1/5_1,5.00000,6.00000,18.00000,5.00000,5.00000,5.00000
EDA,NHLattice,VS-i-run1/6_1,7.00000,5.00000,7.00000,17.00000,7.00000,7.00000
EDA,NHLattice,VS-i-run1/7_1,11.00000,1.00000,11.00000,17.00000,11.00000,11.00000
EDA,NHLattice,VS-i-run1/8_1,7.00000,6.00000,7.00000,16.00000,7.00000,7.00000
EDA,NHLattice,VS-i-run1/9_1,10.00000,3.00000,10.00000,16.00000,10.00000,10.00000
EDA,NHLattice,VS-i-run10/271_1,8.00000,7.00000,8.00000,14.00000,8.00000,8.00000
EDA,NHLattice,VS-i-run10/272_1,8.00000,4.00000,17.00000,8.00000,8.00000,8.00000
EDA,NHLattice,VS-i-run10/273_1,5.00000,5.00000,19.00000,5.00000,5.00000,5.00000
EDA,NHLattice,VS-i-run10/274_1,13.00000,3.00000,13.00000,13.00000,13.00000,13.00000
EDA,NHLattice,VS-i-run10/275_1,7.00000,4.00000,7.00000,18.00000,7.00000,7.00000
EDA,NHLattice,VS-i-run10/276_1,6.00000,6.00000,17.00000,6.00000,6.00000,6.00000
EDA,NHLattice,VS-i-run10/277_1,7.00000,4.00000,18.00000,7.00000,7.00000,7.00000
EDA,NHLattice,VS-i-run10/278_1,8.00000,4.00000,8.00000,17.00000,8.00000,8.00000
EDA,NHLattice,VS-i-run10/279_1,13.00000,3.00000,13.00000,13.00000,13.00000,13.00000
EDA,NHLattice,VS-i-run10/280_1,7.00000,5.00000,17.00000,7.00000,7.00000,7.00000
EDA,NHLattice,VS-i-run10/281_1,8.00000,5.00000,16.00000,8.00000,8.00000,8.00000
EDA,NHLattice,VS-i-run10/282_1,11.00000,3.00000,11.00000,15.00000,11.00000,11.00000
EDA,NHLattice,VS-i-run10/283_1,11.00000,3.00000,15.00000,11.00000,11.00000,11.00000
EDA,NHLattice,VS-i-run10/284_1,14.00000,3.00000,14.00000,12.00000,14.00000,14.00000
EDA,NHLattice,VS-i-run10/285_1,16.00000,3.00000,16.00000,10.00000,16.00000,16.00000
EDA,NHLattice,VS-i-run10/286_1,11.00000,4.00000,11.00000,14.00000,11.00000,11.00000
EDA,NHLattice,VS-i-run10/287_1,12.00000,3.00000,14.00000,12.00000,12.00000,12.00000
EDA,NHLattice,VS-i-run10/288_1,10.00000,2.00000,10.00000,17.00000,10.00000,10.00000
EDA,NHLattice,VS-i-run10/289_1,10.00000,3.00000,10.00000,16.00000,10.00000,10.00000
EDA,NHLattice,VS-i-run10/290_1,7.00000,4.00000,18.00000,7.00000,7.00000,7.00000
EDA,NHLattice,VS-i-run10/291_1,9.00000,3.00000,17.00000,9.00000,9.00000,9.00000
EDA,NHLattice,VS-i-run10/292_1,12.00000,2.00000,15.00000,12.00000,12.00000,12.00000
EDA,NHLattice,VS-i-run10/293_1,10.00000,3.00000,10.00000,16.00000,10.00000,10.00000
EDA,NHLattice,VS-i-run10/294_1,8.00000,7.00000,14.00000,8.00000,8.00000,8.00000
EDA,NHLattice,VS-i-run10/295_1,5.00000,7.00000,17.00000,5.00000,5.00000,5.00000
EDA,NHLattice,VS-i-run10/296_1,5.00000,5.00000,5.00000,19.00000,5.00000,5.00000
EDA,NHLattice,VS-i-run10/297_1,9.00000,4.00000,16.00000,9.00000,9.00000,9.00000
EDA,NHLattice,VS-i-run10/298_1,8.00000,5.00000,8.00000,16.00000,8.00000,8.00000
EDA,NHLattice,VS-i-run10/299_1,11.00000,4.00000,11.00000,14.00000,11.00000,11.00000
EDA,NHLattice,VS-i-run10/300_1,7.00000,3.00000,19.00000,7.00000,7.00000,7.00000
EDA,NHLattice,VS-i-run11/301_1,5.00000,6.00000,18.00000,5.00000,5.00000,5.00000
EDA,NHLattice,VS-i-run11/302_1,9.00000,3.00000,9.00000,17.00000,9.00000,9.00000
EDA,NHLattice,VS-i-run11/303_1,9.00000,4.00000,16.00000,9.00000,9.00000,9.00000
EDA,NHLattice,VS-i-run11/304_1,9.00000,4.00000,9.00000,16.00000,9.00000,9.00000
EDA,NHLattice,VS-i-run11/305_1,8.00000,5.00000,16.00000,8.00000,8.00000,8.00000
EDA,NHLattice,VS-i-run11/306_1,8.00000,4.00000,17.00000,8.00000,8.00000,8.00000
EDA,NHLattice,VS-i-run11/307_1,9.00000,5.00000,9.00000,15.00000,9.00000,9.00000
EDA,NHLattice,VS-i-run11/308_1,10.00000,2.00000,10.00000,17.00000,10.00000,10.00000
EDA,NHLattice,VS-i-run11/309_1,5.00000,6.00000,5.00000,18.00000,5.00000,5.00000
EDA,NHLattice,VS-i-run11/310_1,10.00000,4.00000,10.00000,15.00000,10.00000,10.00000
EDA,NHLattice,VS-i-run11/311_1,9.00000,4.00000,16.00000,9.00000,9.00000,9.00000
EDA,NHLattice,VS-i-run11/312_1,11.00000,3.00000,11.00000,15.00000,11.00000,11.00000
EDA,NHLattice,VS-i-run11/313_1,13.00000,2.00000,14.00000,13.00000,13.00000,13.00000
EDA,NHLattice,VS-i-run11/314_1,10.00000,4.00000,15.00000,10.00000,10.00000,10.00000
EDA,NHLattice,VS-i-run11/315_1,10.00000,4.00000,10.00000,15.00000,10.00000,10.00000
EDA,NHLattice,VS-i-run11/316_1,6.00000,6.00000,6.00000,17.00000,6.00000,6.00000
EDA,NHLattice,VS-i-run11/317_1,6.00000,5.00000,6.00000,18.00000,6.00000,6.00000
EDA,NHLattice,VS-i-run11/318_1,11.00000,3.00000,11.00000,15.00000,11.00000,11.00000
EDA,NHLattice,VS-i-run11/319_1,8.00000,7.00000,14.00000,8.00000,8.00000,8.00000
EDA,NHLattice,VS-i-run11/320_1,10.00000,4.00000,10.00000,15.00000,10.00000,10.00000
EDA,NHLattice,VS-i-run11/321_1,8.00000,7.00000,8.00000,14.00000,8.00000,8.00000
EDA,NHLattice,VS-i-run11/322_1,13.00000,3.00000,13.00000,13.00000,13.00000,13.00000
EDA,NHLattice,VS-i-run11/323_1,13.00000,3.00000,13.00000,13.00000,13.00000,13.00000
EDA,NHLattice,VS-i-run11/324_1,7.00000,4.00000,18.00000,7.00000,7.00000,7.00000
EDA,NHLattice,VS-i-run11/325_1,6.00000,7.00000,6.00000,16.00000,6.00000,6.00000
EDA,NHLattice,VS-i-run11/326_1,9.00000,5.00000,15.00000,9.00000,9.00000,9.00000
EDA,NHLattice,VS-i-run11/327_1,6.00000,5.00000,6.00000,18.00000,6.00000,6.00000
EDA,NHLattice,VS-i-run11/328_1,10.00000,2.00000,17.00000,10.00000,10.00000,10.00000
EDA,NHLattice,VS-i-run11/329_1,17.00000,1.00000,17.00000,11.00000,17.00000,17.00000
EDA,NHLattice,VS-i-run11/330_1,5.00000,4.00000,20.00000,5.00000,5.00000,5.00000
EDA,NHLattice,VS-i-run12/331_1,4.00000,5.00000,20.00000,4.00000,4.00000,4.00000
EDA,NHLattice,VS-i-run12/332_1,12.00000,3.00000,14.00000,12.00000,12.00000,12.00000
EDA,NHLattice,VS-i-run12/333_1,4.00000,6.00000,4.00000,19.00000,4.00000,4.00000
EDA,NHLattice,VS-i-run12/334_1,9.00000,5.00000,9.00000,15.00000,9.00000,9.00000
EDA,NHLattice,VS-i-run12/335_1,5.00000,4.00000,20.00000,5.00000,5.00000,5.00000
EDA,NHLattice,VS-i-run12/336_1,11.00000,3.00000,15.00000,11.00000,11.00000,11.00000
EDA,NHLattice,VS-i-run12/337_1,9.00000,2.00000,9.00000,18.00000,9.00000,9.00000
EDA,NHLattice,VS-i-run12/338_1,11.00000,3.00000,15.00000,11.00000,11.00000,11.00000
EDA,NHLattice,VS-i-run12/339_1,7.00000,6.00000,7.00000,16.00000,7.00000,7.00000
EDA,NHLattice,VS-i-run12/340_1,9.00000,4.00000,9.00000,16.00000,9.00000,9.00000
EDA,NHLattice,VS-i-run12/341_1,6.00000,4.00000,19.00000,6.00000,6.00000,6.00000
EDA,NHLattice,VS-i-run12/342_1,3.00000,4.00000,22.00000,3.00000,3.00000,3.00000
EDA,NHLattice,VS-i-run12/343_1,9.00000,3.00000,17.00000,9.00000,9.00000,9.00000
EDA,NHLattice,VS-i-run12/344_1,11.00000,4.00000,11.00000,14.00000,11.00000,11.00000
EDA,NHLattice,VS-i-run12/345_1,9.00000,4.00000,16.00000,9.00000,9.00000,9.00000
EDA,NHLattice,VS-i-run12/346_1,11.00000,3.00000,15.00000,11.00000,11.00000,11.00000
EDA,NHLattice,VS-i-run12/347_1,5.00000,5.00000,5.00000,19.00000,5.00000,5.00000
EDA,NHLattice,VS-i-run12/348_1,15.00000,2.00000,12.00000,15.00000,15.00000,15.00000
EDA,NHLattice,VS-i-run12/349_1,15.00000,3.00000,11.00000,15.00000,15.00000,15.00000
EDA,NHLattice,VS-i-run12/350_1,6.00000,4.00000,6.00000,19.00000,6.00000,6.00000
EDA,NHLattice,VS-i-run12/351_1,9.00000,3.00000,9.00000,17.00000,9.00000,9.00000
EDA,NHLattice,VS-i-run12/352_1,13.00000,3.00000,13.00000,13.00000,13.00000,13.00000
EDA,NHLattice,VS-i-run12/353_1,10.00000,3.00000,10.00000,16.00000,10.00000,10.00000
EDA,NHLattice,VS-i-run12/354_1,10.00000,5.00000,14.00000,10.00000,10.00000,10.00000
EDA,NHLattice,VS-i-run12/355_1,7.00000,6.00000,7.00000,16.00000,7.00000,7.00000
EDA,NHLattice,VS-i-run12/356_1,11.00000,3.00000,11.00000,15.00000,11.00000,11.00000
EDA,NHLattice,VS-i-run12/357_1,10.00000,6.00000,10.00000,13.00000,10.00000,10.00000
EDA,NHLattice,VS-i-run12/358_1,10.00000,5.00000,10.00000,14.00000,10.00000,10.00000
EDA,NHLattice,VS-i-run12/359_1,11.00000,2.00000,16.00000,11.00000,11.00000,11.00000
EDA,NHLattice,VS-i-run12/360_1,9.00000,2.00000,18.00000,9.00000,9.00000,9.00000
EDA,NHLattice,VS-i-run13/361_1,8.00000,5.00000,16.00000,8.00000,8.00000,8.00000
EDA,NHLattice,VS-i-run13/362_1,8.00000,3.00000,8.00000,18.00000,8.00000,8.00000
EDA,NHLattice,VS-i-run13/363_1,11.00000,4.00000,11.00000,14.00000,11.00000,11.00000
EDA,NHLattice,VS-i-run13/364_1,6.00000,7.00000,6.00000,16.00000,6.00000,6.00000
EDA,NHLattice,VS-i-run13/365_1,10.00000,3.00000,10.00000,16.00000,10.00000,10.00000
EDA,NHLattice,VS-i-run13/366_1,7.00000,4.00000,18.00000,7.00000,7.00000,7.00000
EDA,NHLattice,VS-i-run13/367_1,8.00000,3.00000,8.00000,18.00000,8.00000,8.00000
EDA,NHLattice,VS-i-run13/368_1,12.00000,2.00000,12.00000,15.00000,12.00000,12.00000
EDA,NHLattice,VS-i-run13/369_1,7.00000,5.00000,7.00000,17.00000,7.00000,7.00000
EDA,NHLattice,VS-i-run13/370_1,14.00000,2.00000,14.00000,13.00000,14.00000,14.00000
EDA,NHLattice,VS-i-run13/371_1,8.00000,7.00000,14.00000,8.00000,8.00000,8.00000
EDA,NHLattice,VS-i-run13/372_1,10.00000,3.00000,10.00000,16.00000,10.00000,10.00000
EDA,NHLattice,VS-i-run13/373_1,3.00000,7.00000,19.00000,3.00000,3.00000,3.00000
EDA,NHLattice,VS-i-run13/374_1,10.00000,5.00000,10.00000,14.00000,10.00000,10.00000
EDA,NHLattice,VS-i-run13/375_1,10.00000,4.00000,10.00000,15.00000,10.00000,10.00000
EDA,NHLattice,VS-i-run13/376_1,7.00000,5.00000,17.00000,7.00000,7.00000,7.00000
EDA,NHLattice,VS-i-run13/377_1,6.00000,5.00000,18.00000,6.00000,6.00000,6.00000
EDA,NHLattice,VS-i-run13/378_1,11.00000,4.00000,14.00000,11.00000,11.00000,11.00000
EDA,NHLattice,VS-i-run13/379_1,13.00000,2.00000,13.00000,14.00000,13.00000,13.00000
EDA,NHLattice,VS-i-run13/380_1,9.00000,5.00000,9.00000,15.00000,9.00000,9.00000
EDA,NHLattice,VS-i-run13/381_1,8.00000,4.00000,8.00000,17.00000,8.00000,8.00000
EDA,NHLattice,VS-i-run13/382_1,9.00000,4.00000,16.00000,9.00000,9.00000,9.00000
EDA,NHLattice,VS-i-run13/383_1,10.00000,3.00000,16.00000,10.00000,10.00000,10.00000
EDA,NHLattice,VS-i-run13/384_1,7.00000,6.00000,16.00000,7.00000,7.00000,7.00000
EDA,NHLattice,VS-i-run13/385_1,13.00000,2.00000,13.00000,14.00000,13.00000,13.00000
EDA,NHLattice,VS-i-run13/386_1,9.00000,5.00000,9.00000,15.00000,9.00000,9.00000
EDA,NHLattice,VS-i-run13/387_1,8.00000,4.00000,8.00000,17.00000,8.00000,8.00000
EDA,NHLattice,VS-i-run13/388_1,7.00000,4.00000,7.00000,18.00000,7.00000,7.00000
EDA,NHLattice,VS-i-run13/389_1,4.00000,6.00000,4.00000,19.00000,4.00000,4.00000
EDA,NHLattice,VS-i-run13/390_1,10.00000,4.00000,10.00000,15.00000,10.00000,10.00000
EDA,NHLattice,VS-i-run14/181_1,8.00000,4.00000,8.00000,17.00000,8.00000,8.00000
EDA,NHLattice,VS-i-run14/182_1,9.00000,5.00000,9.00000,15.00000,9.00000,9.00000
EDA,NHLattice,VS-i-run14/183_1,10.00000,4.00000,10.00000,15.00000,10.00000,10.00000
EDA,NHLattice,VS-i-run14/184_1,8.00000,7.00000,8.00000,14.00000,8.00000,8.00000
EDA,NHLattice,VS-i-run14/185_1,6.00000,4.00000,19.00000,6.00000,6.00000,6.00000
EDA,NHLattice,VS-i-run14/186_1,9.00000,4.00000,9.00000,16.00000,9.00000,9.00000
EDA,NHLattice,VS-i-run14/187_1,7.00000,4.00000,18.00000,7.00000,7.00000,7.00000
EDA,NHLattice,VS-i-run14/188_1,10.00000,5.00000,10.00000,14.00000,10.00000,10.00000
EDA,NHLattice,VS-i-run14/189_1,10.00000,3.00000,10.00000,16.00000,10.00000,10.00000
EDA,NHLattice,VS-i-run14/190_1,9.00000,4.00000,9.00000,16.00000,9.00000,9.00000
EDA,NHLattice,VS-i-run14/191_1,8.00000,5.00000,16.00000,8.00000,8.00000,8.00000
EDA,NHLattice,VS-i-run14/192_1,12.00000,2.00000,12.00000,15.00000,12.00000,12.00000
EDA,NHLattice,VS-i-run14/193_1,6.00000,3.00000,20.00000,6.00000,6.00000,6.00000
EDA,NHLattice,VS-i-run14/194_1,14.00000,3.00000,12.00000,14.00000,14.00000,14.00000
EDA,NHLattice,VS-i-run14/195_1,9.00000,4.00000,9.00000,16.00000,9.00000,9.00000
EDA,NHLattice,VS-i-run14/196_1,7.00000,6.00000,7.00000,16.00000,7.00000,7.00000
EDA,NHLattice,VS-i-run14/197_1,16.00000,1.00000,16.00000,12.00000,16.00000,16.00000
EDA,NHLattice,VS-i-run14/198_1,12.00000,3.00000,14.00000,12.00000,12.00000,12.00000
EDA,NHLattice,VS-i-run14/199_1,7.00000,5.00000,7.00000,17.00000,7.00000,7.00000
EDA,NHLattice,VS-i-run14/200_1,7.00000,6.00000,7.00000,16.00000,7.00000,7.00000
EDA,NHLattice,VS-i-run14/391_1,10.00000,4.00000,10.00000,15.00000,10.00000,10.00000
EDA,NHLattice,VS-i-run14/392_1,12.00000,3.00000,14.00000,12.00000,12.00000,12.00000
EDA,NHLattice,VS-i-run14/393_1,16.00000,3.00000,16.00000,10.00000,16.00000,16.00000
EDA,NHLattice,VS-i-run14/394_1,8.00000,5.00000,8.00000,16.00000,8.00000,8.00000
EDA,NHLattice,VS-i-run14/395_1,12.00000,3.00000,12.00000,14.00000,12.00000,12.00000
EDA,NHLattice,VS-i-run14/396_1,9.00000,3.00000,17.00000,9.00000,9.00000,9.00000
EDA,NHLattice,VS-i-run14/397_1,17.00000,2.00000,17.00000,10.00000,17.00000,17.00000
EDA,NHLattice,VS-i-run14/398_1,9.00000,3.00000,9.00000,17.00000,9.00000,9.00000
EDA,NHLattice,VS-i-run14/399_1,11.00000,4.00000,14.00000,11.00000,11.00000,11.00000
EDA,NHLattice,VS-i-run14/400_1,15.00000,3.00000,15.00000,11.00000,15.00000,15.00000
EDA,NHLattice,VS-i-run15/10_1,13.00000,3.00000,13.00000,13.00000,13.00000,13.00000
EDA,NHLattice,VS-i-run15/11_1,4.00000,6.00000,4.00000,19.00000,4.00000,4.00000
EDA,NHLattice,VS-i-run15/12_1,10.00000,3.00000,16.00000,10.00000,10.00000,10.00000
EDA,NHLattice,VS-i-run15/13_1,7.00000,5.00000,17.00000,7.00000,7.00000,7.00000
EDA,NHLattice,VS-i-run15/14_1,7.00000,4.00000,7.00000,18.00000,7.00000,7.00000
EDA,NHLattice,VS-i-run15/15_1,10.00000,5.00000,10.00000,14.00000,10.00000,10.00000
EDA,NHLattice,VS-i-run15/16_1,7.00000,4.00000,7.00000,18.00000,7.00000,7.00000
EDA,NHLattice,VS-i-run15/17_1,12.00000,3.00000,14.00000,12.00000,12.00000,12.00000
EDA,NHLattice,VS-i-run15/18_1,10.00000,3.00000,10.00000,16.00000,10.00000,10.00000
EDA,NHLattice,VS-i-run15/19_1,17.00000,1.00000,11.00000,17.00000,17.00000,17.00000
EDA,NHLattice,VS-i-run15/1_1,14.00000,2.00000,13.00000,14.00000,14.00000,14.00000
EDA,NHLattice,VS-i-run15/20_1,11.00000,3.00000,11.00000,15.00000,11.00000,11.00000
EDA,NHLattice,VS-i-run15/21_1,9.00000,5.00000,9.00000,15.00000,9.00000,9.00000
EDA,NHLattice,VS-i-run15/22_1,12.00000,2.00000,12.00000,15.00000,12.00000,12.00000
EDA,NHLattice,VS-i-run15/23_1,6.00000,5.00000,6.00000,18.00000,6.00000,6.00000
EDA,NHLattice,VS-i-run15/24_1,8.00000,4.00000,17.00000,8.00000,8.00000,8.00000
EDA,NHLattice,VS-i-run15/25_1,14.00000,2.00000,14.00000,13.00000,14.00000,14.00000
EDA,NHLattice,VS-i-run15/26_1,9.00000,5.00000,9.00000,15.00000,9.00000,9.00000
EDA,NHLattice,VS-i-run15/27_1,10.00000,4.00000,10.00000,15.00000,10.00000,10.00000
EDA,NHLattice,VS-i-run15/28_1,15.00000,2.00000,12.00000,15.00000,15.00000,15.00000
EDA,NHLattice,VS-i-run15/29_1,9.00000,4.00000,9.00000,16.00000,9.00000,9.00000
EDA,NHLattice,VS-i-run15/2_1,13.00000,3.00000,13.00000,13.00000,13.00000,13.00000
EDA,NHLattice,VS-i-run15/30_1,7.00000,6.00000,7.00000,16.00000,7.00000,7.00000
EDA,NHLattice,VS-i-run15/3_1,13.00000,3.00000,13.00000,13.00000,13.00000,13.00000
EDA,NHLattice,VS-i-run15/4_1,10.00000,4.00000,15.00000,10.00000,10.00000,10.00000
EDA,NHLattice,VS-i-run15/5_1,7.00000,4.00000,18.00000,7.00000,7.00000,7.00000
EDA,NHLattice,VS-i-run15/6_1,14.00000,2.00000,14.00000,13.00000,14.00000,14.00000
EDA,NHLattice,VS-i-run15/7_1,16.00000,2.00000,11.00000,16.00000,16.00000,16.00000
EDA,NHLattice,VS-i-run15/8_1,9.00000,5.00000,9.00000,15.00000,9.00000,9.00000
EDA,NHLattice,VS-i-run15/9_1,7.00000,6.00000,16.00000,7.00000,7.00000,7.00000
EDA,NHLattice,VS-i-run16/31_1,9.00000,5.00000,9.00000,15.00000,9.00000,9.00000
EDA,NHLattice,VS-i-run16/32_1,7.00000,6.00000,7.00000,16.00000,7.00000,7.00000
EDA,NHLattice,VS-i-run16/33_1,7.00000,4.00000,7.00000,18.00000,7.00000,7.00000
EDA,NHLattice,VS-i-run16/34_1,6.00000,3.00000,6.00000,20.00000,6.00000,6.00000
EDA,NHLattice,VS-i-run16/35_1,8.00000,6.00000,8.00000,15.00000,8.00000,8.00000
EDA,NHLattice,VS-i-run16/36_1,6.00000,5.00000,6.00000,18.00000,6.00000,6.00000
EDA,NHLattice,VS-i-run16/37_1,7.00000,7.00000,15.00000,7.00000,7.00000,7.00000
EDA,NHLattice,VS-i-run16/38_1,9.00000,6.00000,14.00000,9.00000,9.00000,9.00000
EDA,NHLattice,VS-i-run16/39_1,10.00000,2.00000,10.00000,17.00000,10.00000,10.00000
EDA,NHLattice,VS-i-run16/40_1,11.00000,4.00000,11.00000,14.00000,11.00000,11.00000
EDA,NHLattice,VS-i-run16/41_1,12.00000,3.00000,12.00000,14.00000,12.00000,12.00000
EDA,NHLattice,VS-i-run16/42_1,9.00000,3.00000,9.00000,17.00000,9.00000,9.00000
EDA,NHLattice,VS-i-run16/43_1,8.00000,4.00000,8.00000,17.00000,8.00000,8.00000
EDA,NHLattice,VS-i-run16/44_1,10.00000,3.00000,16.00000,10.00000,10.00000,10.00000
EDA,NHLattice,VS-i-run16/45_1,7.00000,4.00000,18.00000,7.00000,7.00000,7.00000
EDA,NHLattice,VS-i-run16/46_1,4.00000,7.00000,4.00000,18.00000,4.00000,4.00000
EDA,NHLattice,VS-i-run16/47_1,6.00000,6.00000,17.00000,6.00000,6.00000,6.00000
EDA,NHLattice,VS-i-run16/48_1,2.00000,6.00000,2.00000,21.00000,2.00000,2.00000
EDA,NHLattice,VS-i-run16/49_1,12.00000,3.00000,12.00000,14.00000,12.00000,12.00000
EDA,NHLattice,VS-i-run16/50_1,12.00000,2.00000,15.00000,12.00000,12.00000,12.00000
EDA,NHLattice,VS-i-run16/51_1,11.00000,4.00000,14.00000,11.00000,11.00000,11.00000
EDA,NHLattice,VS-i-run16/52_1,10.00000,6.00000,10.00000,13.00000,10.00000,10.00000
EDA,NHLattice,VS-i-run16/53_1,7.00000,5.00000,7.00000,17.00000,7.00000,7.00000
EDA,NHLattice,VS-i-run16/54_1,8.00000,5.00000,16.00000,8.00000,8.00000,8.00000
EDA,NHLattice,VS-i-run16/55_1,8.00000,5.00000,8.00000,16.00000,8.00000,8.00000
EDA,NHLattice,VS-i-run16/56_1,10.00000,4.00000,10.00000,15.00000,10.00000,10.00000
EDA,NHLattice,VS-i-run16/57_1,2.00000,7.00000,2.00000,20.00000,2.00000,2.00000
EDA,NHLattice,VS-i-run16/58_1,10.00000,3.00000,10.00000,16.00000,10.00000,10.00000
EDA,NHLattice,VS-i-run16/59_1,9.00000,3.00000,17.00000,9.00000,9.00000,9.00000
EDA,NHLattice,VS-i-run16/60_1,12.00000,3.00000,14.00000,12.00000,12.00000,12.00000
EDA,NHLattice,VS-i-run17/61_1,10.00000,5.00000,10.00000,14.00000,10.00000,10.00000
EDA,NHLattice,VS-i-run17/62_1,7.00000,3.00000,7.00000,19.00000,7.00000,7.00000
EDA,NHLattice,VS-i-run17/63_1,4.00000,6.00000,4.00000,19.00000,4.00000,4.00000
EDA,NHLattice,VS-i-run17/64_1,4.00000,5.00000,4.00000,20.00000,4.00000,4.00000
EDA,NHLattice,VS-i-run17/65_1,10.00000,4.00000,10.00000,15.00000,10.00000,10.00000
EDA,NHLattice,VS-i-run17/66_1,14.00000,3.00000,12.00000,14.00000,14.00000,14.00000
EDA,NHLattice,VS-i-run17/67_1,11.00000,2.00000,11.00000,16.00000,11.00000,11.00000
EDA,NHLattice,VS-i-run17/68_1,11.00000,4.00000,11.00000,14.00000,11.00000,11.00000
EDA,NHLattice,VS-i-run17/69_1,16.00000,2.00000,11.00000,16.00000,16.00000,16.00000
EDA,NHLattice,VS-i-run17/70_1,11.00000,4.00000,11.00000,14.00000,11.00000,11.00000
EDA,NHLattice,VS-i-run17/71_1,6.00000,4.00000,6.00000,19.00000,6.00000,6.00000
EDA,NHLattice,VS-i-run17/72_1,15.00000,1.00000,13.00000,15.00000,15.00000,15.00000
EDA,NHLattice,VS-i-run17/73_1,13.00000,2.00000,14.00000,13.00000,13.00000,13.00000
EDA,NHLattice,VS-i-run17/74_1,7.00000,5.00000,7.00000,17.00000,7.00000,7.00000
EDA,NHLattice,VS-i-run17/75_1,11.00000,2.00000,16.00000,11.00000,11.00000,11.00000
EDA,NHLattice,VS-i-run17/76_1,9.00000,4.00000,9.00000,16.00000,9.00000,9.00000
EDA,NHLattice,VS-i-run17/77_1,7.00000,5.00000,17.00000,7.00000,7.00000,7.00000
EDA,NHLattice,VS-i-run17/78_1,12.00000,4.00000,13.00000,12.00000,12.00000,12.00000
EDA,NHLattice,VS-i-run17/79_1,9.00000,5.00000,9.00000,15.00000,9.00000,9.00000
EDA,NHLattice,VS-i-run17/80_1,13.00000,3.00000,13.00000,13.00000,13.00000,13.00000
EDA,NHLattice,VS-i-run17/81_1,3.00000,8.00000,18.00000,3.00000,3.00000,3.00000
EDA,NHLattice,VS-i-run17/82_1,4.00000,4.00000,4.00000,21.00000,4.00000,4.00000
EDA,NHLattice,VS-i-run17/83_1,9.00000,4.00000,9.00000,16.00000,9.00000,9.00000
EDA,NHLattice,VS-i-run17/84_1,15.00000,2.00000,12.00000,15.00000,15.00000,15.00000
EDA,NHLattice,VS-i-run17/85_1,7.00000,6.00000,16.00000,7.00000,7.00000,7.00000
EDA,NHLattice,VS-i-run17/86_1,8.00000,5.00000,16.00000,8.00000,8.00000,8.00000
EDA,NHLattice,VS-i-run17/87_1,7.00000,3.00000,19.00000,7.00000,7.00000,7.00000
EDA,NHLattice,VS-i-run17/88_1,12.00000,5.00000,12.00000,12.00000,12.00000,12.00000
EDA,NHLattice,VS-i-run17/89_1,7.00000,4.00000,7.00000,18.00000,7.00000,7.00000
EDA,NHLattice,VS-i-run17/90_1,10.00000,4.00000,10.00000,15.00000,10.00000,10.00000
EDA,NHLattice,VS-i-run18/100_1,8.00000,4.00000,8.00000,17.00000,8.00000,8.00000
EDA,NHLattice,VS-i-run18/101_1,8.00000,5.00000,8.00000,16.00000,8.00000,8.00000
EDA,NHLattice,VS-i-run18/102_1,5.00000,4.00000,5.00000,20.00000,5.00000,5.00000
EDA,NHLattice,VS-i-run18/103_1,8.00000,8.00000,8.00000,13.00000,8.00000,8.00000
EDA,NHLattice,VS-i-run18/104_1,8.00000,6.00000,8.00000,15.00000,8.00000,8.00000
EDA,NHLattice,VS-i-run18/105_1,8.00000,6.00000,15.00000,8.00000,8.00000,8.00000
EDA,NHLattice,VS-i-run18/106_1,7.00000,4.00000,18.00000,7.00000,7.00000,7.00000
EDA,NHLattice,VS-i-run18/107_1,10.00000,4.00000,10.00000,15.00000,10.00000,10.00000
EDA,NHLattice,VS-i-run18/108_1,8.00000,4.00000,17.00000,8.00000,8.00000,8.00000
EDA,NHLattice,VS-i-run18/109_1,6.00000,5.00000,6.00000,18.00000,6.00000,6.00000
EDA,NHLattice,VS-i-run18/110_1,11.00000,3.00000,11.00000,15.00000,11.00000,11.00000
EDA,NHLattice,VS-i-run18/111_1,6.00000,4.00000,19.00000,6.00000,6.00000,6.00000
EDA,NHLattice,VS-i-run18/112_1,10.00000,5.00000,10.00000,14.00000,10.00000,10.00000
EDA,NHLattice,VS-i-run18/113_1,10.00000,2.00000,10.00000,17.00000,10.00000,10.00000
EDA,NHLattice,VS-i-run18/114_1,10.00000,4.00000,10.00000,15.00000,10.00000,10.00000
EDA,NHLattice,VS-i-run18/115_1,8.00000,5.00000,16.00000,8.00000,8.00000,8.00000
EDA,NHLattice,VS-i-run18/116_1,7.00000,6.00000,7.00000,16.00000,7.00000,7.00000
EDA,NHLattice,VS-i-run18/117_1,9.00000,5.00000,9.00000,15.00000,9.00000,9.00000
EDA,NHLattice,VS-i-run18/118_1,7.00000,6.00000,16.00000,7.00000,7.00000,7.00000
EDA,NHLattice,VS-i-run18/119_1,10.00000,3.00000,10.00000,16.00000,10.00000,10.00000
EDA,NHLattice,VS-i-run18/120_1,4.00000,8.00000,17.00000,4.00000,4.00000,4.00000
EDA,NHLattice,VS-i-run18/91_1,7.00000,4.00000,18.00000,7.00000,7.00000,7.00000
EDA,NHLattice,VS-i-run18/92_1,8.00000,4.00000,8.00000,17.00000,8.00000,8.00000
EDA,NHLattice,VS-i-run18/93_1,9.00000,4.00000,9.00000,16.00000,9.00000,9.00000
EDA,NHLattice,VS-i-run18/94_1,6.00000,5.00000,18.00000,6.00000,6.00000,6.00000
EDA,NHLattice,VS-i-run18/95_1,7.00000,5.00000,7.00000,17.00000,7.00000,7.00000
EDA,NHLattice,VS-i-run18/96_1,8.00000,3.00000,8.00000,18.00000,8.00000,8.00000
EDA,NHLattice,VS-i-run18/97_1,6.00000,5.00000,6.00000,18.00000,6.00000,6.00000
EDA,NHLattice,VS-i-run18/98_1,9.00000,3.00000,9.00000,17.00000,9.00000,9.00000
EDA,NHLattice,VS-i-run18/99_1,5.00000,6.00000,5.00000,18.00000,5.00000,5.00000
EDA,NHLattice,VS-i-run19/121_1,10.00000,3.00000,16.00000,10.00000,10.00000,10.00000
EDA,NHLattice,VS-i-run19/122_1,5.00000,5.00000,5.00000,19.00000,5.00000,5.00000
EDA,NHLattice,VS-i-run19/123_1,10.00000,4.00000,10.00000,15.00000,10.00000,10.00000
EDA,NHLattice,VS-i-run19/124_1,6.00000,6.00000,17.00000,6.00000,6.00000,6.00000
EDA,NHLattice,VS-i-run19/125_1,5.00000,6.00000,5.00000,18.00000,5.00000,5.00000
EDA,NHLattice,VS-i-run19/126_1,8.00000,4.00000,8.00000,17.00000,8.00000,8.00000
EDA,NHLattice,VS-i-run19/127_1,9.00000,4.00000,9.00000,16.00000,9.00000,9.00000
EDA,NHLattice,VS-i-run19/128_1,14.00000,3.00000,14.00000,12.00000,14.00000,14.00000
EDA,NHLattice,VS-i-run19/129_1,9.00000,4.00000,9.00000,16.00000,9.00000,9.00000
EDA,NHLattice,VS-i-run19/130_1,12.00000,2.00000,12.00000,15.00000,12.00000,12.00000
EDA,NHLattice,VS-i-run19/131_1,8.00000,4.00000,17.00000,8.00000,8.00000,8.00000
EDA,NHLattice,VS-i-run19/132_1,7.00000,6.00000,7.00000,16.00000,7.00000,7.00000
EDA,NHLattice,VS-i-run19/133_1,10.00000,4.00000,10.00000,15.00000,10.00000,10.00000
EDA,NHLattice,VS-i-run19/134_1,5.00000,7.00000,17.00000,5.00000,5.00000,5.00000
EDA,NHLattice,VS-i-run19/135_1,12.00000,2.00000,15.00000,12.00000,12.00000,12.00000
EDA,NHLattice,VS-i-run19/136_1,8.00000,4.00000,17.00000,8.00000,8.00000,8.00000
EDA,NHLattice,VS-i-run19/137_1,8.00000,4.00000,8.00000,17.00000,8.00000,8.00000
EDA,NHLattice,VS-i-run19/138_1,10.00000,6.00000,10.00000,13.00000,10.00000,10.00000
EDA,NHLattice,VS-i-run19/139_1,8.00000,5.00000,8.00000,16.00000,8.00000,8.00000
EDA,NHLattice,VS-i-run19/140_1,4.00000,3.00000,4.00000,22.00000,4.00000,4.00000
EDA,NHLattice,VS-i-run19/141_1,6.00000,6.00000,17.00000,6.00000,6.00000,6.00000
EDA,NHLattice,VS-i-run19/142_1,12.00000,4.00000,12.00000,13.00000,12.00000,12.00000
EDA,NHLattice,VS-i-run19/143_1,5.00000,4.00000,5.00000,20.00000,5.00000,5.00000
EDA,NHLattice,VS-i-run19/144_1,7.00000,6.00000,7.00000,16.00000,7.00000,7.00000
EDA,NHLattice,VS-i-run19/145_1,5.00000,5.00000,5.00000,19.00000,5.00000,5.00000
EDA,NHLattice,VS-i-run19/146_1,9.00000,4.00000,9.00000,16.00000,9.00000,9.00000
EDA,NHLattice,VS-i-run19/147_1,7.00000,5.00000,7.00000,17.00000,7.00000,7.00000
EDA,NHLattice,VS-i-run19/148_1,9.00000,3.00000,9.00000,17.00000,9.00000,9.00000
EDA,NHLattice,VS-i-run19/149_1,5.00000,4.00000,5.00000,20.00000,5.00000,5.00000
EDA,NHLattice,VS-i-run19/150_1,9.00000,4.00000,9.00000,16.00000,9.00000,9.00000
EDA,NHLattice,VS-i-run2/31_1,9.00000,4.00000,9.00000,16.00000,9.00000,9.00000
EDA,NHLattice,VS-i-run2/32_1,4.00000,8.00000,17.00000,4.00000,4.00000,4.00000
EDA,NHLattice,VS-i-run2/33_1,5.00000,5.00000,5.00000,19.00000,5.00000,5.00000
EDA,NHLattice,VS-i-run2/34_1,6.00000,5.00000,6.00000,18.00000,6.00000,6.00000
EDA,NHLattice,VS-i-run2/35_1,8.00000,6.00000,8.00000,15.00000,8.00000,8.00000
EDA,NHLattice,VS-i-run2/36_1,7.00000,4.00000,7.00000,18.00000,7.00000,7.00000
EDA,NHLattice,VS-i-run2/37_1,7.00000,6.00000,16.00000,7.00000,7.00000,7.00000
EDA,NHLattice,VS-i-run2/38_1,4.00000,7.00000,4.00000,18.00000,4.00000,4.00000
EDA,NHLattice,VS-i-run2/39_1,8.00000,4.00000,17.00000,8.00000,8.00000,8.00000
EDA,NHLattice,VS-i-run2/40_1,10.00000,4.00000,10.00000,15.00000,10.00000,10.00000
EDA,NHLattice,VS-i-run2/41_1,8.00000,6.00000,8.00000,15.00000,8.00000,8.00000
EDA,NHLattice,VS-i-run2/42_1,6.00000,6.00000,6.00000,17.00000,6.00000,6.00000
EDA,NHLattice,VS-i-run2/43_1,6.00000,6.00000,6.00000,17.00000,6.00000,6.00000
EDA,NHLattice,VS-i-run2/44_1,9.00000,7.00000,13.00000,9.00000,9.00000,9.00000
EDA,NHLattice,VS-i-run2/45_1,2.00000,4.00000,23.00000,2.00000,2.00000,2.00000
EDA,NHLattice,VS-i-run2/46_1,5.00000,8.00000,16.00000,5.00000,5.00000,5.00000
EDA,NHLattice,VS-i-run2/47_1,12.00000,5.00000,12.00000,12.00000,12.00000,12.00000
EDA,NHLattice,VS-i-run2/48_1,11.00000,5.00000,13.00000,11.00000,11.00000,11.00000
EDA,NHLattice,VS-i-run2/49_1,5.00000,6.00000,5.00000,18.00000,5.00000,5.00000
EDA,NHLattice,VS-i-run2/50_1,13.00000,5.00000,11.00000,13.00000,13.00000,13.00000
EDA,NHLattice,VS-i-run2/51_1,11.00000,3.00000,15.00000,11.00000,11.00000,11.00000
EDA,NHLattice,VS-i-run2/52_1,10.00000,6.00000,10.00000,13.00000,10.00000,10.00000
EDA,NHLattice,VS-i-run2/53_1,5.00000,6.00000,5.00000,18.00000,5.00000,5.00000
EDA,NHLattice,VS-i-run2/54_1,6.00000,6.00000,6.00000,17.00000,6.00000,6.00000
EDA,NHLattice,VS-i-run2/55_1,7.00000,4.00000,7.00000,18.00000,7.00000,7.00000
EDA,NHLattice,VS-i-run2/56_1,10.00000,3.00000,10.00000,16.00000,10.00000,10.00000
EDA,NHLattice,VS-i-run2/57_1,13.00000,1.00000,15.00000,13.00000,13.00000,13.00000
EDA,NHLattice,VS-i-run2/58_1,14.00000,2.00000,14.00000,13.00000,14.00000,14.00000
EDA,NHLattice,VS-i-run2/59_1,10.00000,3.00000,10.00000,16.00000,10.00000,10.00000
EDA,NHLattice,VS-i-run2/60_1,8.00000,7.00000,8.00000,14.00000,8.00000,8.00000
EDA,NHLattice,VS-i-run20/151_1,9.00000,4.00000,9.00000,16.00000,9.00000,9.00000
EDA,NHLattice,VS-i-run20/152_1,9.00000,4.00000,9.00000,16.00000,9.00000,9.00000
EDA,NHLattice,VS-i-run20/153_1,13.00000,4.00000,13.00000,12.00000,13.00000,13.00000
EDA,NHLattice,VS-i-run20/154_1,15.00000,2.00000,12.00000,15.00000,15.00000,15.00000
EDA,NHLattice,VS-i-run20/155_1,6.00000,5.00000,18.00000,6.00000,6.00000,6.00000
EDA,NHLattice,VS-i-run20/156_1,5.00000,8.00000,5.00000,16.00000,5.00000,5.00000
EDA,NHLattice,VS-i-run20/157_1,14.00000,3.00000,14.00000,12.00000,14.00000,14.00000
EDA,NHLattice,VS-i-run20/158_1,11.00000,4.00000,11.00000,14.00000,11.00000,11.00000
EDA,NHLattice,VS-i-run20/159_1,12.00000,2.00000,12.00000,15.00000,12.00000,12.00000
EDA,NHLattice,VS-i-run20/160_1,10.00000,4.00000,10.00000,15.00000,10.00000,10.00000
EDA,NHLattice,VS-i-run20/161_1,13.00000,2.00000,13.00000,14.00000,13.00000,13.00000
EDA,NHLattice,VS-i-run20/162_1,13.00000,3.00000,13.00000,13.00000,13.00000,13.00000
EDA,NHLattice,VS-i-run20/163_1,9.00000,4.00000,9.00000,16.00000,9.00000,9.00000
EDA,NHLattice,VS-i-run20/164_1,10.00000,3.00000,10.00000,16.00000,10.00000,10.00000
EDA,NHLattice,VS-i-run20/165_1,7.00000,4.00000,7.00000,18.00000,7.00000,7.00000
EDA,NHLattice,VS-i-run20/166_1,7.00000,4.00000,7.00000,18.00000,7.00000,7.00000
EDA,NHLattice,VS-i-run20/167_1,10.00000,2.00000,10.00000,17.00000,10.00000,10.00000
EDA,NHLattice,VS-i-run20/168_1,10.00000,5.00000,10.00000,14.00000,10.00000,10.00000
EDA,NHLattice,VS-i-run20/169_1,11.00000,4.00000,14.00000,11.00000,11.00000,11.00000
EDA,NHLattice,VS-i-run20/170_1,9.00000,4.00000,16.00000,9.00000,9.00000,9.00000
EDA,NHLattice,VS-i-run20/171_1,16.00000,1.00000,16.00000,12.00000,16.00000,16.00000
EDA,NHLattice,VS-i-run20/172_1,9.00000,3.00000,9.00000,17.00000,9.00000,9.00000
EDA,NHLattice,VS-i-run20/173_1,3.00000,5.00000,3.00000,21.00000,3.00000,3.00000
EDA,NHLattice,VS-i-run20/174_1,11.00000,5.00000,11.00000,13.00000,11.00000,11.00000
EDA,NHLattice,VS-i-run20/175_1,10.00000,4.00000,10.00000,15.00000,10.00000,10.00000
EDA,NHLattice,VS-i-run20/176_1,10.00000,4.00000,10.00000,15.00000,10.00000,10.00000
EDA,NHLattice,VS-i-run20/177_1,7.00000,5.00000,7.00000,17.00000,7.00000,7.00000
EDA,NHLattice,VS-i-run20/178_1,8.00000,4.00000,8.00000,17.00000,8.00000,8.00000
EDA,NHLattice,VS-i-run20/179_1,10.00000,3.00000,10.00000,16.00000,10.00000,10.00000
EDA,NHLattice,VS-i-run20/180_1,7.00000,6.00000,7.00000,16.00000,7.00000,7.00000
EDA,NHLattice,VS-i-run3/61_1,9.00000,4.00000,16.00000,9.00000,9.00000,9.00000
EDA,NHLattice,VS-i-run3/62_1,10.00000,5.00000,10.00000,14.00000,10.00000,10.00000
EDA,NHLattice,VS-i-run3/63_1,9.00000,5.00000,15.00000,9.00000,9.00000,9.00000
EDA,NHLattice,VS-i-run3/64_1,10.00000,4.00000,15.00000,10.00000,10.00000,10.00000
EDA,NHLattice,VS-i-run3/65_1,7.00000,5.00000,17.00000,7.00000,7.00000,7.00000
EDA,NHLattice,VS-i-run3/66_1,8.00000,3.00000,8.00000,18.00000,8.00000,8.00000
EDA,NHLattice,VS-i-run3/67_1,6.00000,5.00000,18.00000,6.00000,6.00000,6.00000
EDA,NHLattice,VS-i-run3/68_1,5.00000,6.00000,5.00000,18.00000,5.00000,5.00000
EDA,NHLattice,VS-i-run3/69_1,5.00000,8.00000,16.00000,5.00000,5.00000,5.00000
EDA,NHLattice,VS-i-run3/70_1,5.00000,5.00000,5.00000,19.00000,5.00000,5.00000
EDA,NHLattice,VS-i-run3/71_1,5.00000,6.00000,18.00000,5.00000,5.00000,5.00000
EDA,NHLattice,VS-i-run3/72_1,7.00000,5.00000,17.00000,7.00000,7.00000,7.00000
EDA,NHLattice,VS-i-run3/73_1,12.00000,3.00000,14.00000,12.00000,12.00000,12.00000
EDA,NHLattice,VS-i-run3/74_1,11.00000,4.00000,14.00000,11.00000,11.00000,11.00000
EDA,NHLattice,VS-i-run3/75_1,6.00000,6.00000,6.00000,17.00000,6.00000,6.00000
EDA,NHLattice,VS-i-run3/76_1,9.00000,4.00000,16.00000,9.00000,9.00000,9.00000
EDA,NHLattice,VS-i-run3/77_1,13.00000,3.00000,13.00000,13.00000,13.00000,13.00000
EDA,NHLattice,VS-i-run3/78_1,11.00000,5.00000,11.00000,13.00000,11.00000,11.00000
EDA,NHLattice,VS-i-run3/79_1,10.00000,4.00000,10.00000,15.00000,10.00000,10.00000
EDA,NHLattice,VS-i-run3/80_1,12.00000,3.00000,12.00000,14.00000,12.00000,12.00000
EDA,NHLattice,VS-i-run3/81_1,7.00000,5.00000,17.00000,7.00000,7.00000,7.00000
EDA,NHLattice,VS-i-run3/82_1,10.00000,4.00000,15.00000,10.00000,10.00000,10.00000
EDA,NHLattice,VS-i-run3/83_1,11.00000,3.00000,11.00000,15.00000,11.00000,11.00000
EDA,NHLattice,VS-i-run3/84_1,10.00000,6.00000,13.00000,10.00000,10.00000,10.00000
EDA,NHLattice,VS-i-run3/85_1,7.00000,6.00000,7.00000,16.00000,7.00000,7.00000
EDA,NHLattice,VS-i-run3/86_1,12.00000,3.00000,14.00000,12.00000,12.00000,12.00000
EDA,NHLattice,VS-i-run3/87_1,9.00000,4.00000,16.00000,9.00000,9.00000,9.00000
EDA,NHLattice,VS-i-run3/88_1,6.00000,4.00000,19.00000,6.00000,6.00000,6.00000
EDA,NHLattice,VS-i-run3/89_1,14.00000,2.00000,14.00000,13.00000,14.00000,14.00000
EDA,NHLattice,VS-i-run3/90_1,8.00000,4.00000,8.00000,17.00000,8.00000,8.00000
EDA,NHLattice,VS-i-run4/100_1,11.00000,2.00000,16.00000,11.00000,11.00000,11.00000
EDA,NHLattice,VS-i-run4/101_1,6.00000,7.00000,16.00000,6.00000,6.00000,6.00000
EDA,NHLattice,VS-i-run4/102_1,11.00000,3.00000,11.00000,15.00000,11.00000,11.00000
EDA,NHLattice,VS-i-run4/103_1,17.00000,1.00000,17.00000,11.00000,17.00000,17.00000
EDA,NHLattice,VS-i-run4/104_1,13.00000,2.00000,14.00000,13.00000,13.00000,13.00000
EDA,NHLattice,VS-i-run4/105_1,17.00000,2.00000,17.00000,10.00000,17.00000,17.00000
EDA,NHLattice,VS-i-run4/106_1,5.00000,5.00000,19.00000,5.00000,5.00000,5.00000
EDA,NHLattice,VS-i-run4/107_1,12.00000,2.00000,12.00000,15.00000,12.00000,12.00000
EDA,NHLattice,VS-i-run4/108_1,8.00000,3.00000,8.00000,18.00000,8.00000,8.00000
EDA,NHLattice,VS-i-run4/109_1,10.00000,2.00000,10.00000,17.00000,10.00000,10.00000
EDA,NHLattice,VS-i-run4/110_1,8.00000,5.00000,16.00000,8.00000,8.00000,8.00000
EDA,NHLattice,VS-i-run4/111_1,15.00000,2.00000,12.00000,15.00000,15.00000,15.00000
EDA,NHLattice,VS-i-run4/112_1,4.00000,5.00000,20.00000,4.00000,4.00000,4.00000
EDA,NHLattice,VS-i-run4/113_1,7.00000,5.00000,17.00000,7.00000,7.00000,7.00000
EDA,NHLattice,VS-i-run4/114_1,6.00000,6.00000,6.00000,17.00000,6.00000,6.00000
EDA,NHLattice,VS-i-run4/115_1,11.00000,4.00000,11.00000,14.00000,11.00000,11.00000
EDA,NHLattice,VS-i-run4/116_1,14.00000,3.00000,14.00000,12.00000,14.00000,14.00000
EDA,NHLattice,VS-i-run4/117_1,11.00000,3.00000,11.00000,15.00000,11.00000,11.00000
EDA,NHLattice,VS-i-run4/118_1,10.00000,4.00000,10.00000,15.00000,10.00000,10.00000
EDA,NHLattice,VS-i-run4/119_1,15.00000,2.00000,15.00000,12.00000,15.00000,15.00000
EDA,NHLattice,VS-i-run4/120_1,10.00000,3.00000,10.00000,16.00000,10.00000,10.00000
EDA,NHLattice,VS-i-run4/91_1,5.00000,5.00000,5.00000,19.00000,5.00000,5.00000
EDA,NHLattice,VS-i-run4/92_1,10.00000,3.00000,10.00000,16.00000,10.00000,10.00000
EDA,NHLattice,VS-i-run4/93_1,15.00000,2.00000,12.00000,15.00000,15.00000,15.00000
EDA,NHLattice,VS-i-run4/94_1,7.00000,5.00000,17.00000,7.00000,7.00000,7.00000
EDA,NHLattice,VS-i-run4/95_1,11.00000,3.00000,11.00000,15.00000,11.00000,11.00000
EDA,NHLattice,VS-i-run4/96_1,12.00000,2.00000,12.00000,15.00000,12.00000,12.00000
EDA,NHLattice,VS-i-run4/97_1,13.00000,2.00000,13.00000,14.00000,13.00000,13.00000
EDA,NHLattice,VS-i-run4/98_1,10.00000,3.00000,10.00000,16.00000,10.00000,10.00000
EDA,NHLattice,VS-i-run4/99_1,12.00000,2.00000,12.00000,15.00000,12.00000,12.00000
EDA,NHLattice,VS-i-run5/121_1,14.00000,2.00000,14.00000,13.00000,14.00000,14.00000
EDA,NHLattice,VS-i-run5/122_1,3.00000,5.00000,21.00000,3.00000,3.00000,3.00000
EDA,NHLattice,VS-i-run5/123_1,7.00000,8.00000,7.00000,14.00000,7.00000,7.00000
EDA,NHLattice,VS-i-run5/124_1,9.00000,4.00000,9.00000,16.00000,9.00000,9.00000
EDA,NHLattice,VS-i-run5/125_1,13.00000,2.00000,13.00000,14.00000,13.00000,13.00000
EDA,NHLattice,VS-i-run5/126_1,9.00000,4.00000,9.00000,16.00000,9.00000,9.00000
EDA,NHLattice,VS-i-run5/127_1,10.00000,5.00000,10.00000,14.00000,10.00000,10.00000
EDA,NHLattice,VS-i-run5/128_1,10.00000,3.00000,10.00000,16.00000,10.00000,10.00000
EDA,NHLattice,VS-i-run5/129_1,5.00000,7.00000,5.00000,17.00000,5.00000,5.00000
EDA,NHLattice,VS-i-run5/130_1,8.00000,3.00000,8.00000,18.00000,8.00000,8.00000
EDA,NHLattice,VS-i-run5/131_1,10.00000,4.00000,15.00000,10.00000,10.00000,10.00000
EDA,NHLattice,VS-i-run5/132_1,6.00000,4.00000,6.00000,19.00000,6.00000,6.00000
EDA,NHLattice,VS-i-run5/133_1,9.00000,3.00000,9.00000,17.00000,9.00000,9.00000
EDA,NHLattice,VS-i-run5/134_1,9.00000,4.00000,9.00000,16.00000,9.00000,9.00000
EDA,NHLattice,VS-i-run5/135_1,11.00000,2.00000,16.00000,11.00000,11.00000,11.00000
EDA,NHLattice,VS-i-run5/136_1,16.00000,3.00000,16.00000,10.00000,16.00000,16.00000
EDA,NHLattice,VS-i-run5/137_1,9.00000,4.00000,16.00000,9.00000,9.00000,9.00000
EDA,NHLattice,VS-i-run5/138_1,6.00000,6.00000,6.00000,17.00000,6.00000,6.00000
EDA,NHLattice,VS-i-run5/139_1,11.00000,4.00000,11.00000,14.00000,11.00000,11.00000
EDA,NHLattice,VS-i-run5/140_1,8.00000,5.00000,16.00000,8.00000,8.00000,8.00000
EDA,NHLattice,VS-i-run5/141_1,8.00000,4.00000,8.00000,17.00000,8.00000,8.00000
EDA,NHLattice,VS-i-run5/142_1,7.00000,4.00000,18.00000,7.00000,7.00000,7.00000
EDA,NHLattice,VS-i-run5/143_1,7.00000,6.00000,7.00000,16.00000,7.00000,7.00000
EDA,NHLattice,VS-i-run5/144_1,8.00000,5.00000,16.00000,8.00000,8.00000,8.00000
EDA,NHLattice,VS-i-run5/145_1,4.00000,6.00000,4.00000,19.00000,4.00000,4.00000
EDA,NHLattice,VS-i-run5/146_1,10.00000,5.00000,14.00000,10.00000,10.00000,10.00000
EDA,NHLattice,VS-i-run5/147_1,8.00000,5.00000,8.00000,16.00000,8.00000,8.00000
EDA,NHLattice,VS-i-run5/148_1,6.00000,8.00000,6.00000,15.00000,6.00000,6.00000
EDA,NHLattice,VS-i-run5/149_1,16.00000,3.00000,10.00000,16.00000,16.00000,16.00000
EDA,NHLattice,VS-i-run5/150_1,7.00000,6.00000,7.00000,16.00000,7.00000,7.00000
EDA,NHLattice,VS-i-run6/151_1,12.00000,5.00000,12.00000,12.00000,12.00000,12.00000
EDA,NHLattice,VS-i-run6/152_1,9.00000,4.00000,9.00000,16.00000,9.00000,9.00000
EDA,NHLattice,VS-i-run6/153_1,8.00000,5.00000,16.00000,8.00000,8.00000,8.00000
EDA,NHLattice,VS-i-run6/154_1,13.00000,2.00000,13.00000,14.00000,13.00000,13.00000
EDA,NHLattice,VS-i-run6/155_1,7.00000,5.00000,7.00000,17.00000,7.00000,7.00000
EDA,NHLattice,VS-i-run6/156_1,8.00000,4.00000,8.00000,17.00000,8.00000,8.00000
EDA,NHLattice,VS-i-run6/157_1,13.00000,3.00000,13.00000,13.00000,13.00000,13.00000
EDA,NHLattice,VS-i-run6/158_1,6.00000,3.00000,6.00000,20.00000,6.00000,6.00000
EDA,NHLattice,VS-i-run6/159_1,8.00000,4.00000,17.00000,8.00000,8.00000,8.00000
EDA,NHLattice,VS-i-run6/160_1,7.00000,4.00000,18.00000,7.00000,7.00000,7.00000
EDA,NHLattice,VS-i-run6/161_1,10.00000,6.00000,10.00000,13.00000,10.00000,10.00000
EDA,NHLattice,VS-i-run6/162_1,9.00000,4.00000,9.00000,16.00000,9.00000,9.00000
EDA,NHLattice,VS-i-run6/163_1,14.00000,2.00000,14.00000,13.00000,14.00000,14.00000
EDA,NHLattice,VS-i-run6/164_1,4.00000,8.00000,17.00000,4.00000,4.00000,4.00000
EDA,NHLattice,VS-i-run6/165_1,13.00000,2.00000,13.00000,14.00000,13.00000,13.00000
EDA,NHLattice,VS-i-run6/166_1,5.00000,6.00000,18.00000,5.00000,5.00000,5.00000
EDA,NHLattice,VS-i-run6/167_1,6.00000,7.00000,16.00000,6.00000,6.00000,6.00000
EDA,NHLattice,VS-i-run6/168_1,10.00000,4.00000,15.00000,10.00000,10.00000,10.00000
EDA,NHLattice,VS-i-run6/169_1,9.00000,3.00000,17.00000,9.00000,9.00000,9.00000
EDA,NHLattice,VS-i-run6/170_1,11.00000,3.00000,11.00000,15.00000,11.00000,11.00000
EDA,NHLattice,VS-i-run6/171_1,8.00000,5.00000,8.00000,16.00000,8.00000,8.00000
EDA,NHLattice,VS-i-run6/172_1,5.00000,7.00000,5.00000,17.00000,5.00000,5.00000
EDA,NHLattice,VS-i-run6/173_1,15.00000,2.00000,12.00000,15.00000,15.00000,15.00000
EDA,NHLattice,VS-i-run6/174_1,12.00000,3.00000,12.00000,14.00000,12.00000,12.00000
EDA,NHLattice,VS-i-run6/175_1,11.00000,5.00000,13.00000,11.00000,11.00000,11.00000
EDA,NHLattice,VS-i-run6/176_1,12.00000,4.00000,13.00000,12.00000,12.00000,12.00000
EDA,NHLattice,VS-i-run6/177_1,9.00000,4.00000,9.00000,16.00000,9.00000,9.00000
EDA,NHLattice,VS-i-run6/178_1,8.00000,5.00000,16.00000,8.00000,8.00000,8.00000
EDA,NHLattice,VS-i-run6/179_1,6.00000,6.00000,6.00000,17.00000,6.00000,6.00000
EDA,NHLattice,VS-i-run6/180_1,10.00000,4.00000,15.00000,10.00000,10.00000,10.00000
EDA,NHLattice,VS-i-run7/181_1,9.00000,4.00000,9.00000,16.00000,9.00000,9.00000
EDA,NHLattice,VS-i-run7/182_1,10.00000,5.00000,10.00000,14.00000,10.00000,10.00000
EDA,NHLattice,VS-i-run7/183_1,11.00000,6.00000,12.00000,11.00000,11.00000,11.00000
EDA,NHLattice,VS-i-run7/184_1,6.00000,4.00000,6.00000,19.00000,6.00000,6.00000
EDA,NHLattice,VS-i-run7/185_1,10.00000,3.00000,10.00000,16.00000,10.00000,10.00000
EDA,NHLattice,VS-i-run7/186_1,3.00000,7.00000,19.00000,3.00000,3.00000,3.00000
EDA,NHLattice,VS-i-run7/187_1,9.00000,4.00000,9.00000,16.00000,9.00000,9.00000
EDA,NHLattice,VS-i-run7/188_1,11.00000,4.00000,11.00000,14.00000,11.00000,11.00000
EDA,NHLattice,VS-i-run7/189_1,6.00000,6.00000,6.00000,17.00000,6.00000,6.00000
EDA,NHLattice,VS-i-run7/190_1,11.00000,3.00000,11.00000,15.00000,11.00000,11.00000
EDA,NHLattice,VS-i-run7/191_1,7.00000,4.00000,7.00000,18.00000,7.00000,7.00000
EDA,NHLattice,VS-i-run7/192_1,7.00000,7.00000,7.00000,15.00000,7.00000,7.00000
EDA,NHLattice,VS-i-run7/193_1,11.00000,5.00000,11.00000,13.00000,11.00000,11.00000
EDA,NHLattice,VS-i-run7/194_1,5.00000,6.00000,5.00000,18.00000,5.00000,5.00000
EDA,NHLattice,VS-i-run7/195_1,13.00000,4.00000,12.00000,13.00000,13.00000,13.00000
EDA,NHLattice,VS-i-run7/196_1,13.00000,3.00000,13.00000,13.00000,13.00000,13.00000
EDA,NHLattice,VS-i-run7/197_1,8.00000,5.00000,8.00000,16.00000,8.00000,8.00000
EDA,NHLattice,VS-i-run7/198_1,10.00000,4.00000,10.00000,15.00000,10.00000,10.00000
EDA,NHLattice,VS-i-run7/199_1,11.00000,3.00000,11.00000,15.00000,11.00000,11.00000
EDA,NHLattice,VS-i-run7/200_1,7.00000,5.00000,7.00000,17.00000,7.00000,7.00000
EDA,NHLattice,VS-i-run7/201_1,6.00000,8.00000,15.00000,6.00000,6.00000,6.00000
EDA,NHLattice,VS-i-run7/202_1,8.00000,5.00000,8.00000,16.00000,8.00000,8.00000
EDA,NHLattice,VS-i-run7/203_1,7.00000,7.00000,7.00000,15.00000,7.00000,7.00000
EDA,NHLattice,VS-i-run7/204_1,8.00000,6.00000,8.00000,15.00000,8.00000,8.00000
EDA,NHLattice,VS-i-run7/205_1,9.00000,4.00000,9.00000,16.00000,9.00000,9.00000
EDA,NHLattice,VS-i-run7/206_1,7.00000,4.00000,7.00000,18.00000,7.00000,7.00000
EDA,NHLattice,VS-i-run7/207_1,10.00000,3.00000,16.00000,10.00000,10.00000,10.00000
EDA,NHLattice,VS-i-run7/208_1,11.00000,3.00000,11.00000,15.00000,11.00000,11.00000
EDA,NHLattice,VS-i-run7/209_1,13.00000,4.00000,12.00000,13.00000,13.00000,13.00000
EDA,NHLattice,VS-i-run7/210_1,4.00000,6.00000,4.00000,19.00000,4.00000,4.00000
EDA,NHLattice,VS-i-run8/211_1,6.00000,5.00000,6.00000,18.00000,6.00000,6.00000
EDA,NHLattice,VS-i-run8/212_1,11.00000,4.00000,11.00000,14.00000,11.00000,11.00000
EDA,NHLattice,VS-i-run8/213_1,6.00000,5.00000,6.00000,18.00000,6.00000,6.00000
EDA,NHLattice,VS-i-run8/214_1,12.00000,2.00000,12.00000,15.00000,12.00000,12.00000
EDA,NHLattice,VS-i-run8/215_1,13.00000,3.00000,13.00000,13.00000,13.00000,13.00000
EDA,NHLattice,VS-i-run8/216_1,12.00000,2.00000,15.00000,12.00000,12.00000,12.00000
EDA,NHLattice,VS-i-run8/217_1,6.00000,5.00000,6.00000,18.00000,6.00000,6.00000
EDA,NHLattice,VS-i-run8/218_1,10.00000,3.00000,10.00000,16.00000,10.00000,10.00000
EDA,NHLattice,VS-i-run8/219_1,6.00000,6.00000,17.00000,6.00000,6.00000,6.00000
EDA,NHLattice,VS-i-run8/220_1,8.00000,4.00000,8.00000,17.00000,8.00000,8.00000
EDA,NHLattice,VS-i-run8/221_1,10.00000,2.00000,10.00000,17.00000,10.00000,10.00000
EDA,NHLattice,VS-i-run8/222_1,10.00000,4.00000,15.00000,10.00000,10.00000,10.00000
EDA,NHLattice,VS-i-run8/223_1,7.00000,5.00000,17.00000,7.00000,7.00000,7.00000
EDA,NHLattice,VS-i-run8/224_1,4.00000,8.00000,17.00000,4.00000,4.00000,4.00000
EDA,NHLattice,VS-i-run8/225_1,13.00000,3.00000,13.00000,13.00000,13.00000,13.00000
EDA,NHLattice,VS-i-run8/226_1,14.00000,3.00000,14.00000,12.00000,14.00000,14.00000
EDA,NHLattice,VS-i-run8/227_1,9.00000,4.00000,16.00000,9.00000,9.00000,9.00000
EDA,NHLattice,VS-i-run8/228_1,9.00000,4.00000,9.00000,16.00000,9.00000,9.00000
EDA,NHLattice,VS-i-run8/229_1,7.00000,6.00000,16.00000,7.00000,7.00000,7.00000
EDA,NHLattice,VS-i-run8/230_1,8.00000,5.00000,16.00000,8.00000,8.00000,8.00000
EDA,NHLattice,VS-i-run8/231_1,11.00000,2.00000,11.00000,16.00000,11.00000,11.00000
EDA,NHLattice,VS-i-run8/232_1,12.00000,3.00000,12.00000,14.00000,12.00000,12.00000
EDA,NHLattice,VS-i-run8/233_1,16.00000,2.00000,16.00000,11.00000,16.00000,16.00000
EDA,NHLattice,VS-i-run8/234_1,9.00000,4.00000,16.00000,9.00000,9.00000,9.00000
EDA,NHLattice,VS-i-run8/235_1,6.00000,4.00000,19.00000,6.00000,6.00000,6.00000
EDA,NHLattice,VS-i-run8/236_1,10.00000,2.00000,10.00000,17.00000,10.00000,10.00000
EDA,NHLattice,VS-i-run8/237_1,6.00000,5.00000,6.00000,18.00000,6.00000,6.00000
EDA,NHLattice,VS-i-run8/238_1,13.00000,2.00000,14.00000,13.00000,13.00000,13.00000
EDA,NHLattice,VS-i-run8/239_1,10.00000,3.00000,10.00000,16.00000,10.00000,10.00000
EDA,NHLattice,VS-i-run8/240_1,10.00000,3.00000,10.00000,16.00000,10.00000,10.00000
EDA,NHLattice,VS-i-run9/241_1,7.00000,6.00000,16.00000,7.00000,7.00000,7.00000
EDA,NHLattice,VS-i-run9/242_1,6.00000,5.00000,18.00000,6.00000,6.00000,6.00000
EDA,NHLattice,VS-i-run9/243_1,6.00000,9.00000,6.00000,14.00000,6.00000,6.00000
EDA,NHLattice,VS-i-run9/244_1,4.00000,4.00000,21.00000,4.00000,4.00000,4.00000
EDA,NHLattice,VS-i-run9/245_1,10.00000,4.00000,10.00000,15.00000,10.00000,10.00000
EDA,NHLattice,VS-i-run9/246_1,6.00000,3.00000,6.00000,20.00000,6.00000,6.00000
EDA,NHLattice,VS-i-run9/247_1,4.00000,5.00000,4.00000,20.00000,4.00000,4.00000
EDA,NHLattice,VS-i-run9/248_1,10.00000,4.00000,15.00000,10.00000,10.00000,10.00000
EDA,NHLattice,VS-i-run9/249_1,11.00000,4.00000,14.00000,11.00000,11.00000,11.00000
EDA,NHLattice,VS-i-run9/250_1,7.00000,6.00000,7.00000,16.00000,7.00000,7.00000
EDA,NHLattice,VS-i-run9/251_1,10.00000,3.00000,16.00000,10.00000,10.00000,10.00000
EDA,NHLattice,VS-i-run9/252_1,9.00000,4.00000,9.00000,16.00000,9.00000,9.00000
EDA,NHLattice,VS-i-run9/253_1,10.00000,6.00000,10.00000,13.00000,10.00000,10.00000
EDA,NHLattice,VS-i-run9/254_1,14.00000,2.00000,13.00000,14.00000,14.00000,14.00000
EDA,NHLattice,VS-i-run9/255_1,11.00000,2.00000,16.00000,11.00000,11.00000,11.00000
EDA,NHLattice,VS-i-run9/256_1,13.00000,3.00000,13.00000,13.00000,13.00000,13.00000
EDA,NHLattice,VS-i-run9/257_1,12.00000,3.00000,12.00000,14.00000,12.00000,12.00000
EDA,NHLattice,VS-i-run9/258_1,12.00000,3.00000,14.00000,12.00000,12.00000,12.00000
EDA,NHLattice,VS-i-run9/259_1,8.00000,4.00000,8.00000,17.00000,8.00000,8.00000
EDA,NHLattice,VS-i-run9/260_1,10.00000,4.00000,15.00000,10.00000,10.00000,10.00000
EDA,NHLattice,VS-i-run9/261_1,11.00000,5.00000,13.00000,11.00000,11.00000,11.00000
EDA,NHLattice,VS-i-run9/262_1,16.00000,2.00000,16.00000,11.00000,16.00000,16.00000
EDA,NHLattice,VS-i-run9/263_1,5.00000,5.00000,19.00000,5.00000,5.00000,5.00000
EDA,NHLattice,VS-i-run9/264_1,14.00000,2.00000,14.00000,13.00000,14.00000,14.00000
EDA,NHLattice,VS-i-run9/265_1,13.00000,4.00000,13.00000,12.00000,13.00000,13.00000
EDA,NHLattice,VS-i-run9/266_1,10.00000,3.00000,10.00000,16.00000,10.00000,10.00000
EDA,NHLattice,VS-i-run9/267_1,5.00000,5.00000,19.00000,5.00000,5.00000,5.00000
EDA,NHLattice,VS-i-run9/268_1,9.00000,6.00000,9.00000,14.00000,9.00000,9.00000
EDA,NHLattice,VS-i-run9/269_1,10.00000,3.00000,10.00000,16.00000,10.00000,10.00000
EDA,NHLattice,VS-i-run9/270_1,6.00000,6.00000,17.00000,6.00000,6.00000,6.00000
