NDA,Model,VS-i-run1/10_1,10.00000,6.00000,5.00000,26.00000,5.00000,6.00000
NDA,Model,VS-i-run1/11_1,8.00000,18.00000,17.00000,16.00000,17.00000,18.00000
NDA,Model,VS-i-run1/12_1,7.00000,19.00000,21.00000,17.00000,21.00000,19.00000
NDA,Model,VS-i-run1/13_1,6.00000,19.00000,20.00000,16.00000,20.00000,19.00000
NDA,Model,VS-i-run1/14_1,7.00000,17.00000,15.00000,18.00000,15.00000,17.00000
NDA,Model,VS-i-run1/15_1,3.00000,21.00000,22.00000,16.00000,22.00000,21.00000
NDA,Model,VS-i-run1/16_1,6.00000,13.00000,13.00000,22.00000,13.00000,13.00000
NDA,Model,VS-i-run1/17_1,7.00000,18.00000,18.00000,17.00000,18.00000,18.00000
NDA,Model,VS-i-run1/18_1,7.00000,22.00000,19.00000,16.00000,19.00000,22.00000
NDA,Model,VS-i-run1/19_1,6.00000,15.00000,14.00000,18.00000,14.00000,15.00000
NDA,Model,VS-i-run1/1_1,6.00000,14.00000,17.00000,19.00000,17.00000,14.00000
NDA,Model,VS-i-run1/20_1,7.00000,20.00000,18.00000,18.00000,18.00000,20.00000
NDA,Model,VS-i-run1/21_1,8.00000,16.00000,16.00000,18.00000,16.00000,16.00000
NDA,Model,VS-i-run1/22_1,8.00000,9.00000,9.00000,23.00000,9.00000,9.00000
NDA,Model,VS-i-run1/23_1,7.00000,16.00000,14.00000,20.00000,14.00000,16.00000
NDA,Model,VS-i-run1/24_1,5.00000,21.00000,19.00000,16.00000,19.00000,21.00000
NDA,Model,VS-i-run1/25_1,10.00000,11.00000,12.00000,21.00000,12.00000,11.00000
NDA,Model,VS-i-run1/26_1,5.00000,21.00000,21.00000,14.00000,21.00000,21.00000
NDA,Model,VS-i-run1/27_1,8.00000,14.00000,15.00000,20.00000,15.00000,14.00000
NDA,Model,VS-i-run1/28_1,7.00000,16.00000,18.00000,17.00000,18.00000,16.00000
NDA,Model,VS-i-run1/29_1,5.00000,12.00000,15.00000,20.00000,15.00000,12.00000
NDA,Model,VS-i-run1/2_1,5.00000,16.00000,16.00000,20.00000,16.00000,16.00000
NDA,Model,VS-i-run1/30_1,6.00000,16.00000,14.00000,19.00000,14.00000,16.00000
NDA,Model,VS-i-run1/3_1,6.00000,18.00000,19.00000,17.00000,19.00000,18.00000
NDA,Model,VS-i-run1/4_1,7.00000,12.00000,13.00000,21.00000,13.00000,12.00000
NDA,Model,VS-i-run1/5_1,8.00000,10.00000,8.00000,23.00000,8.00000,10.00000
NDA,Model,VS-i-run1/6_1,7.00000,13.00000,14.00000,22.00000,14.00000,13.00000
NDA,Model,VS-i-run1/7_1,2.00000,20.00000,19.00000,18.00000,19.00000,20.00000
NDA,Model,VS-i-run1/8_1,9.00000,13.00000,12.00000,21.00000,12.00000,13.00000
NDA,Model,VS-i-run1/9_1,5.00000,18.00000,17.00000,18.00000,17.00000,18.00000
NDA,Model,VS-i-run10/271_1,9.00000,12.00000,13.00000,19.00000,13.00000,12.00000
NDA,Model,VS-i-run10/272_1,6.00000,12.00000,13.00000,21.00000,13.00000,12.00000
NDA,Model,VS-i-run10/273_1,8.00000,10.00000,10.00000,22.00000,10.00000,10.00000
NDA,Model,VS-i-run10/274_1,4.00000,21.00000,20.00000,16.00000,20.00000,21.00000
NDA,Model,VS-i-run10/275_1,6.00000,13.00000,11.00000,22.00000,11.00000,13.00000
NDA,Model,VS-i-run10/276_1,9.00000,12.00000,11.00000,23.00000,11.00000,12.00000
NDA,Model,VS-i-run10/277_1,6.00000,14.00000,12.00000,22.00000,12.00000,14.00000
NDA,Model,VS-i-run10/278_1,5.00000,15.00000,14.00000,21.00000,14.00000,15.00000
NDA,Model,VS-i-run10/279_1,5.00000,20.00000,21.00000,15.00000,21.00000,20.00000
NDA,Model,VS-i-run10/280_1,8.00000,11.00000,13.00000,21.00000,13.00000,11.00000
NDA,Model,VS-i-run10/281_1,8.00000,15.00000,14.00000,20.00000,14.00000,15.00000
NDA,Model,VS-i-run10/282_1,5.00000,18.00000,17.00000,18.00000,17.00000,18.00000
NDA,Model,VS-i-run10/283_1,4.00000,19.00000,17.00000,18.00000,17.00000,19.00000
NDA,Model,VS-i-run10/284_1,5.00000,22.00000,23.00000,13.00000,23.00000,22.00000
NDA,Model,VS-i-run10/285_1,4.00000,23.00000,23.00000,12.00000,23.00000,23.00000
NDA,Model,VS-i-run10/286_1,6.00000,17.00000,18.00000,17.00000,18.00000,17.00000
NDA,Model,VS-i-run10/287_1,4.00000,17.00000,18.00000,17.00000,18.00000,17.00000
NDA,Model,VS-i-run10/288_1,3.00000,18.00000,19.00000,19.00000,19.00000,18.00000
NDA,Model,VS-i-run10/289_1,5.00000,17.00000,18.00000,19.00000,18.00000,17.00000
NDA,Model,VS-i-run10/290_1,6.00000,14.00000,11.00000,22.00000,11.00000,14.00000
NDA,Model,VS-i-run10/291_1,5.00000,14.00000,16.00000,20.00000,16.00000,14.00000
NDA,Model,VS-i-run10/292_1,4.00000,20.00000,18.00000,17.00000,18.00000,20.00000
NDA,Model,VS-i-run10/293_1,4.00000,18.00000,19.00000,19.00000,19.00000,18.00000
NDA,Model,VS-i-run10/294_1,11.00000,14.00000,13.00000,18.00000,13.00000,14.00000
NDA,Model,VS-i-run10/295_1,10.00000,9.00000,10.00000,20.00000,10.00000,9.00000
NDA,Model,VS-i-run10/296_1,8.00000,9.00000,10.00000,24.00000,10.00000,9.00000
NDA,Model,VS-i-run10/297_1,7.00000,15.00000,16.00000,20.00000,16.00000,15.00000
NDA,Model,VS-i-run10/298_1,9.00000,14.00000,14.00000,19.00000,14.00000,14.00000
NDA,Model,VS-i-run10/299_1,5.00000,16.00000,17.00000,18.00000,17.00000,16.00000
NDA,Model,VS-i-run10/300_1,4.00000,12.00000,13.00000,22.00000,13.00000,12.00000
NDA,Model,VS-i-run11/301_1,10.00000,9.00000,10.00000,24.00000,10.00000,9.00000
NDA,Model,VS-i-run11/302_1,5.00000,14.00000,16.00000,20.00000,16.00000,14.00000
NDA,Model,VS-i-run11/303_1,5.00000,16.00000,15.00000,20.00000,15.00000,16.00000
NDA,Model,VS-i-run11/304_1,6.00000,14.00000,16.00000,20.00000,16.00000,14.00000
NDA,Model,VS-i-run11/305_1,7.00000,14.00000,12.00000,21.00000,12.00000,14.00000
NDA,Model,VS-i-run11/306_1,6.00000,13.00000,14.00000,21.00000,14.00000,13.00000
NDA,Model,VS-i-run11/307_1,8.00000,15.00000,16.00000,19.00000,16.00000,15.00000
NDA,Model,VS-i-run11/308_1,3.00000,16.00000,18.00000,19.00000,18.00000,16.00000
NDA,Model,VS-i-run11/309_1,7.00000,8.00000,10.00000,24.00000,10.00000,8.00000
NDA,Model,VS-i-run11/310_1,8.00000,17.00000,18.00000,18.00000,18.00000,17.00000
NDA,Model,VS-i-run11/311_1,7.00000,15.00000,14.00000,19.00000,14.00000,15.00000
NDA,Model,VS-i-run11/312_1,6.00000,18.00000,18.00000,18.00000,18.00000,18.00000
NDA,Model,VS-i-run11/313_1,3.00000,24.00000,22.00000,16.00000,22.00000,24.00000
NDA,Model,VS-i-run11/314_1,7.00000,17.00000,15.00000,18.00000,15.00000,17.00000
NDA,Model,VS-i-run11/315_1,6.00000,17.00000,16.00000,18.00000,16.00000,17.00000
NDA,Model,VS-i-run11/316_1,9.00000,11.00000,12.00000,21.00000,12.00000,11.00000
NDA,Model,VS-i-run11/317_1,8.00000,11.00000,12.00000,23.00000,12.00000,11.00000
NDA,Model,VS-i-run11/318_1,5.00000,18.00000,18.00000,18.00000,18.00000,18.00000
NDA,Model,VS-i-run11/319_1,10.00000,14.00000,14.00000,19.00000,14.00000,14.00000
NDA,Model,VS-i-run11/320_1,6.00000,19.00000,17.00000,18.00000,17.00000,19.00000
NDA,Model,VS-i-run11/321_1,10.00000,14.00000,14.00000,19.00000,14.00000,14.00000
NDA,Model,VS-i-run11/322_1,5.00000,20.00000,20.00000,16.00000,20.00000,20.00000
NDA,Model,VS-i-run11/323_1,4.00000,17.00000,20.00000,16.00000,20.00000,17.00000
NDA,Model,VS-i-run11/324_1,6.00000,14.00000,14.00000,21.00000,14.00000,14.00000
NDA,Model,VS-i-run11/325_1,10.00000,12.00000,11.00000,22.00000,11.00000,12.00000
NDA,Model,VS-i-run11/326_1,8.00000,17.00000,15.00000,20.00000,15.00000,17.00000
NDA,Model,VS-i-run11/327_1,7.00000,12.00000,11.00000,22.00000,11.00000,12.00000
NDA,Model,VS-i-run11/328_1,3.00000,17.00000,17.00000,19.00000,17.00000,17.00000
NDA,Model,VS-i-run11/329_1,2.00000,26.00000,25.00000,12.00000,25.00000,26.00000
NDA,Model,VS-i-run11/330_1,7.00000,10.00000,10.00000,23.00000,10.00000,10.00000
NDA,Model,VS-i-run12/331_1,8.00000,8.00000,7.00000,23.00000,7.00000,8.00000
NDA,Model,VS-i-run12/332_1,5.00000,20.00000,18.00000,16.00000,18.00000,20.00000
NDA,Model,VS-i-run12/333_1,9.00000,8.00000,7.00000,24.00000,7.00000,8.00000
NDA,Model,VS-i-run12/334_1,8.00000,18.00000,17.00000,18.00000,17.00000,18.00000
NDA,Model,VS-i-run12/335_1,6.00000,9.00000,10.00000,23.00000,10.00000,9.00000
NDA,Model,VS-i-run12/336_1,4.00000,18.00000,18.00000,18.00000,18.00000,18.00000
NDA,Model,VS-i-run12/337_1,4.00000,16.00000,15.00000,20.00000,15.00000,16.00000
NDA,Model,VS-i-run12/338_1,5.00000,17.00000,17.00000,18.00000,17.00000,17.00000
NDA,Model,VS-i-run12/339_1,8.00000,12.00000,13.00000,20.00000,13.00000,12.00000
NDA,Model,VS-i-run12/340_1,5.00000,16.00000,15.00000,20.00000,15.00000,16.00000
NDA,Model,VS-i-run12/341_1,5.00000,11.00000,11.00000,23.00000,11.00000,11.00000
NDA,Model,VS-i-run12/342_1,6.00000,5.00000,6.00000,25.00000,6.00000,5.00000
NDA,Model,VS-i-run12/343_1,6.00000,17.00000,14.00000,19.00000,14.00000,17.00000
NDA,Model,VS-i-run12/344_1,7.00000,19.00000,18.00000,17.00000,18.00000,19.00000
NDA,Model,VS-i-run12/345_1,5.00000,15.00000,12.00000,19.00000,12.00000,15.00000
NDA,Model,VS-i-run12/346_1,4.00000,18.00000,18.00000,18.00000,18.00000,18.00000
NDA,Model,VS-i-run12/347_1,8.00000,10.00000,9.00000,23.00000,9.00000,10.00000
NDA,Model,VS-i-run12/348_1,4.00000,22.00000,23.00000,14.00000,23.00000,22.00000
NDA,Model,VS-i-run12/349_1,4.00000,24.00000,22.00000,13.00000,22.00000,24.00000
NDA,Model,VS-i-run12/350_1,6.00000,11.00000,10.00000,23.00000,10.00000,11.00000
NDA,Model,VS-i-run12/351_1,5.00000,17.00000,17.00000,20.00000,17.00000,17.00000
NDA,Model,VS-i-run12/352_1,5.00000,20.00000,19.00000,16.00000,19.00000,20.00000
NDA,Model,VS-i-run12/353_1,5.00000,17.00000,16.00000,19.00000,16.00000,17.00000
NDA,Model,VS-i-run12/354_1,8.00000,18.00000,17.00000,18.00000,17.00000,18.00000
NDA,Model,VS-i-run12/355_1,8.00000,12.00000,13.00000,21.00000,13.00000,12.00000
NDA,Model,VS-i-run12/356_1,5.00000,19.00000,18.00000,18.00000,18.00000,19.00000
NDA,Model,VS-i-run12/357_1,9.00000,16.00000,17.00000,18.00000,17.00000,16.00000
NDA,Model,VS-i-run12/358_1,7.00000,17.00000,17.00000,17.00000,17.00000,17.00000
NDA,Model,VS-i-run12/359_1,3.00000,19.00000,17.00000,18.00000,17.00000,19.00000
NDA,Model,VS-i-run12/360_1,3.00000,17.00000,15.00000,20.00000,15.00000,17.00000
NDA,Model,VS-i-run13/361_1,7.00000,16.00000,13.00000,20.00000,13.00000,16.00000
NDA,Model,VS-i-run13/362_1,5.00000,13.00000,12.00000,21.00000,12.00000,13.00000
NDA,Model,VS-i-run13/363_1,6.00000,18.00000,17.00000,17.00000,17.00000,18.00000
NDA,Model,VS-i-run13/364_1,11.00000,12.00000,11.00000,22.00000,11.00000,12.00000
NDA,Model,VS-i-run13/365_1,4.00000,17.00000,17.00000,19.00000,17.00000,17.00000
NDA,Model,VS-i-run13/366_1,6.00000,12.00000,12.00000,21.00000,12.00000,12.00000
NDA,Model,VS-i-run13/367_1,5.00000,15.00000,13.00000,21.00000,13.00000,15.00000
NDA,Model,VS-i-run13/368_1,3.00000,18.00000,19.00000,17.00000,19.00000,18.00000
NDA,Model,VS-i-run13/369_1,8.00000,12.00000,12.00000,22.00000,12.00000,12.00000
NDA,Model,VS-i-run13/370_1,3.00000,21.00000,21.00000,15.00000,21.00000,21.00000
NDA,Model,VS-i-run13/371_1,10.00000,14.00000,14.00000,18.00000,14.00000,14.00000
NDA,Model,VS-i-run13/372_1,5.00000,18.00000,17.00000,19.00000,17.00000,18.00000
NDA,Model,VS-i-run13/373_1,9.00000,6.00000,6.00000,25.00000,6.00000,6.00000
NDA,Model,VS-i-run13/374_1,7.00000,17.00000,17.00000,18.00000,17.00000,17.00000
NDA,Model,VS-i-run13/375_1,6.00000,16.00000,17.00000,18.00000,17.00000,16.00000
NDA,Model,VS-i-run13/376_1,7.00000,13.00000,14.00000,21.00000,14.00000,13.00000
NDA,Model,VS-i-run13/377_1,8.00000,11.00000,11.00000,22.00000,11.00000,11.00000
NDA,Model,VS-i-run13/378_1,7.00000,20.00000,18.00000,18.00000,18.00000,20.00000
NDA,Model,VS-i-run13/379_1,4.00000,20.00000,18.00000,16.00000,18.00000,20.00000
NDA,Model,VS-i-run13/380_1,7.00000,16.00000,16.00000,19.00000,16.00000,16.00000
NDA,Model,VS-i-run13/381_1,6.00000,14.00000,13.00000,21.00000,13.00000,14.00000
NDA,Model,VS-i-run13/382_1,5.00000,16.00000,14.00000,20.00000,14.00000,16.00000
NDA,Model,VS-i-run13/383_1,6.00000,16.00000,16.00000,19.00000,16.00000,16.00000
NDA,Model,VS-i-run13/384_1,10.00000,13.00000,14.00000,20.00000,14.00000,13.00000
NDA,Model,VS-i-run13/385_1,3.00000,21.00000,20.00000,16.00000,20.00000,21.00000
NDA,Model,VS-i-run13/386_1,7.00000,14.00000,15.00000,19.00000,15.00000,14.00000
NDA,Model,VS-i-run13/387_1,6.00000,15.00000,15.00000,20.00000,15.00000,15.00000
NDA,Model,VS-i-run13/388_1,6.00000,13.00000,12.00000,22.00000,12.00000,13.00000
NDA,Model,VS-i-run13/389_1,8.00000,8.00000,7.00000,25.00000,7.00000,8.00000
NDA,Model,VS-i-run13/390_1,6.00000,14.00000,17.00000,19.00000,17.00000,14.00000
NDA,Model,VS-i-run14/181_1,6.00000,13.00000,14.00000,20.00000,14.00000,13.00000
NDA,Model,VS-i-run14/182_1,6.00000,14.00000,16.00000,19.00000,16.00000,14.00000
NDA,Model,VS-i-run14/183_1,7.00000,17.00000,16.00000,19.00000,16.00000,17.00000
NDA,Model,VS-i-run14/184_1,11.00000,14.00000,16.00000,19.00000,16.00000,14.00000
NDA,Model,VS-i-run14/185_1,5.00000,10.00000,12.00000,22.00000,12.00000,10.00000
NDA,Model,VS-i-run14/186_1,6.00000,16.00000,17.00000,19.00000,17.00000,16.00000
NDA,Model,VS-i-run14/187_1,6.00000,13.00000,11.00000,21.00000,11.00000,13.00000
NDA,Model,VS-i-run14/188_1,9.00000,16.00000,17.00000,19.00000,17.00000,16.00000
NDA,Model,VS-i-run14/189_1,4.00000,17.00000,15.00000,19.00000,15.00000,17.00000
NDA,Model,VS-i-run14/190_1,6.00000,14.00000,15.00000,19.00000,15.00000,14.00000
NDA,Model,VS-i-run14/191_1,8.00000,14.00000,14.00000,20.00000,14.00000,14.00000
NDA,Model,VS-i-run14/192_1,3.00000,20.00000,18.00000,17.00000,18.00000,20.00000
NDA,Model,VS-i-run14/193_1,5.00000,12.00000,11.00000,23.00000,11.00000,12.00000
NDA,Model,VS-i-run14/194_1,5.00000,21.00000,22.00000,15.00000,22.00000,21.00000
NDA,Model,VS-i-run14/195_1,6.00000,16.00000,15.00000,20.00000,15.00000,16.00000
NDA,Model,VS-i-run14/196_1,9.00000,13.00000,14.00000,21.00000,14.00000,13.00000
NDA,Model,VS-i-run14/197_1,2.00000,25.00000,23.00000,13.00000,23.00000,25.00000
NDA,Model,VS-i-run14/198_1,4.00000,20.00000,21.00000,17.00000,21.00000,20.00000
NDA,Model,VS-i-run14/199_1,8.00000,13.00000,13.00000,21.00000,13.00000,13.00000
NDA,Model,VS-i-run14/200_1,9.00000,12.00000,13.00000,20.00000,13.00000,12.00000
NDA,Model,VS-i-run14/391_1,7.00000,16.00000,17.00000,18.00000,17.00000,16.00000
NDA,Model,VS-i-run14/392_1,4.00000,20.00000,22.00000,16.00000,22.00000,20.00000
NDA,Model,VS-i-run14/393_1,5.00000,24.00000,23.00000,12.00000,23.00000,24.00000
NDA,Model,VS-i-run14/394_1,7.00000,16.00000,13.00000,19.00000,13.00000,16.00000
NDA,Model,VS-i-run14/395_1,4.00000,20.00000,21.00000,17.00000,21.00000,20.00000
NDA,Model,VS-i-run14/396_1,5.00000,15.00000,16.00000,20.00000,16.00000,15.00000
NDA,Model,VS-i-run14/397_1,3.00000,25.00000,25.00000,11.00000,25.00000,25.00000
NDA,Model,VS-i-run14/398_1,4.00000,17.00000,18.00000,20.00000,18.00000,17.00000
NDA,Model,VS-i-run14/399_1,7.00000,18.00000,18.00000,17.00000,18.00000,18.00000
NDA,Model,VS-i-run14/400_1,5.00000,21.00000,24.00000,14.00000,24.00000,21.00000
NDA,Model,VS-i-run15/10_1,5.00000,23.00000,20.00000,16.00000,20.00000,23.00000
NDA,Model,VS-i-run15/11_1,9.00000,7.00000,8.00000,24.00000,8.00000,7.00000
NDA,Model,VS-i-run15/12_1,5.00000,19.00000,18.00000,19.00000,18.00000,19.00000
NDA,Model,VS-i-run15/13_1,7.00000,14.00000,13.00000,21.00000,13.00000,14.00000
NDA,Model,VS-i-run15/14_1,6.00000,12.00000,12.00000,21.00000,12.00000,12.00000
NDA,Model,VS-i-run15/15_1,9.00000,16.00000,16.00000,17.00000,16.00000,16.00000
NDA,Model,VS-i-run15/16_1,7.00000,12.00000,11.00000,22.00000,11.00000,12.00000
NDA,Model,VS-i-run15/17_1,5.00000,19.00000,17.00000,16.00000,17.00000,19.00000
NDA,Model,VS-i-run15/18_1,4.00000,14.00000,17.00000,19.00000,17.00000,14.00000
NDA,Model,VS-i-run15/19_1,2.00000,25.00000,23.00000,12.00000,23.00000,25.00000
NDA,Model,VS-i-run15/1_1,3.00000,22.00000,21.00000,15.00000,21.00000,22.00000
NDA,Model,VS-i-run15/20_1,4.00000,18.00000,18.00000,18.00000,18.00000,18.00000
NDA,Model,VS-i-run15/21_1,7.00000,16.00000,15.00000,19.00000,15.00000,16.00000
NDA,Model,VS-i-run15/22_1,3.00000,19.00000,19.00000,17.00000,19.00000,19.00000
NDA,Model,VS-i-run15/23_1,6.00000,11.00000,11.00000,23.00000,11.00000,11.00000
NDA,Model,VS-i-run15/24_1,7.00000,15.00000,16.00000,19.00000,16.00000,15.00000
NDA,Model,VS-i-run15/25_1,4.00000,24.00000,21.00000,14.00000,21.00000,24.00000
NDA,Model,VS-i-run15/26_1,8.00000,15.00000,16.00000,19.00000,16.00000,15.00000
NDA,Model,VS-i-run15/27_1,5.00000,16.00000,18.00000,18.00000,18.00000,16.00000
NDA,Model,VS-i-run15/28_1,3.00000,24.00000,24.00000,14.00000,24.00000,24.00000
NDA,Model,VS-i-run15/29_1,6.00000,17.00000,15.00000,19.00000,15.00000,17.00000
NDA,Model,VS-i-run15/2_1,6.00000,19.00000,19.00000,15.00000,19.00000,19.00000
NDA,Model,VS-i-run15/30_1,8.00000,12.00000,12.00000,21.00000,12.00000,12.00000
NDA,Model,VS-i-run15/3_1,5.00000,20.00000,22.00000,15.00000,22.00000,20.00000
NDA,Model,VS-i-run15/4_1,6.00000,15.00000,14.00000,19.00000,14.00000,15.00000
NDA,Model,VS-i-run15/5_1,5.00000,12.00000,12.00000,22.00000,12.00000,12.00000
NDA,Model,VS-i-run15/6_1,3.00000,23.00000,22.00000,15.00000,22.00000,23.00000
NDA,Model,VS-i-run15/7_1,4.00000,25.00000,23.00000,13.00000,23.00000,25.00000
NDA,Model,VS-i-run15/8_1,8.00000,15.00000,14.00000,19.00000,14.00000,15.00000
NDA,Model,VS-i-run15/9_1,9.00000,12.00000,13.00000,20.00000,13.00000,12.00000
NDA,Model,VS-i-run16/31_1,8.00000,15.00000,15.00000,18.00000,15.00000,15.00000
NDA,Model,VS-i-run16/32_1,9.00000,11.00000,12.00000,21.00000,12.00000,11.00000
NDA,Model,VS-i-run16/33_1,6.00000,12.00000,13.00000,22.00000,13.00000,12.00000
NDA,Model,VS-i-run16/34_1,5.00000,9.00000,11.00000,23.00000,11.00000,9.00000
NDA,Model,VS-i-run16/35_1,8.00000,14.00000,14.00000,19.00000,14.00000,14.00000
NDA,Model,VS-i-run16/36_1,7.00000,11.00000,11.00000,22.00000,11.00000,11.00000
NDA,Model,VS-i-run16/37_1,11.00000,14.00000,12.00000,18.00000,12.00000,14.00000
NDA,Model,VS-i-run16/38_1,8.00000,14.00000,14.00000,19.00000,14.00000,14.00000
NDA,Model,VS-i-run16/39_1,3.00000,18.00000,16.00000,19.00000,16.00000,18.00000
NDA,Model,VS-i-run16/40_1,6.00000,19.00000,17.00000,17.00000,17.00000,19.00000
NDA,Model,VS-i-run16/41_1,5.00000,21.00000,20.00000,16.00000,20.00000,21.00000
NDA,Model,VS-i-run16/42_1,5.00000,14.00000,15.00000,20.00000,15.00000,14.00000
NDA,Model,VS-i-run16/43_1,5.00000,15.00000,16.00000,21.00000,16.00000,15.00000
NDA,Model,VS-i-run16/44_1,4.00000,18.00000,17.00000,19.00000,17.00000,18.00000
NDA,Model,VS-i-run16/45_1,6.00000,13.00000,11.00000,22.00000,11.00000,13.00000
NDA,Model,VS-i-run16/46_1,10.00000,7.00000,8.00000,23.00000,8.00000,7.00000
NDA,Model,VS-i-run16/47_1,10.00000,11.00000,10.00000,23.00000,10.00000,11.00000
NDA,Model,VS-i-run16/48_1,10.00000,4.00000,4.00000,25.00000,4.00000,4.00000
NDA,Model,VS-i-run16/49_1,4.00000,20.00000,18.00000,16.00000,18.00000,20.00000
NDA,Model,VS-i-run16/50_1,3.00000,15.00000,19.00000,17.00000,19.00000,15.00000
NDA,Model,VS-i-run16/51_1,6.00000,18.00000,18.00000,17.00000,18.00000,18.00000
NDA,Model,VS-i-run16/52_1,9.00000,16.00000,16.00000,17.00000,16.00000,16.00000
NDA,Model,VS-i-run16/53_1,9.00000,12.00000,12.00000,21.00000,12.00000,12.00000
NDA,Model,VS-i-run16/54_1,8.00000,14.00000,15.00000,20.00000,15.00000,14.00000
NDA,Model,VS-i-run16/55_1,8.00000,14.00000,15.00000,20.00000,15.00000,14.00000
NDA,Model,VS-i-run16/56_1,6.00000,17.00000,18.00000,19.00000,18.00000,17.00000
NDA,Model,VS-i-run16/57_1,10.00000,4.00000,4.00000,26.00000,4.00000,4.00000
NDA,Model,VS-i-run16/58_1,4.00000,19.00000,16.00000,19.00000,16.00000,19.00000
NDA,Model,VS-i-run16/59_1,4.00000,15.00000,15.00000,20.00000,15.00000,15.00000
NDA,Model,VS-i-run16/60_1,5.00000,20.00000,19.00000,16.00000,19.00000,20.00000
NDA,Model,VS-i-run17/61_1,7.00000,19.00000,16.00000,17.00000,16.00000,19.00000
NDA,Model,VS-i-run17/62_1,4.00000,13.00000,13.00000,22.00000,13.00000,13.00000
NDA,Model,VS-i-run17/63_1,10.00000,8.00000,8.00000,24.00000,8.00000,8.00000
NDA,Model,VS-i-run17/64_1,7.00000,8.00000,8.00000,24.00000,8.00000,8.00000
NDA,Model,VS-i-run17/65_1,7.00000,19.00000,18.00000,18.00000,18.00000,19.00000
NDA,Model,VS-i-run17/66_1,5.00000,22.00000,22.00000,15.00000,22.00000,22.00000
NDA,Model,VS-i-run17/67_1,3.00000,18.00000,18.00000,18.00000,18.00000,18.00000
NDA,Model,VS-i-run17/68_1,7.00000,18.00000,17.00000,17.00000,17.00000,18.00000
NDA,Model,VS-i-run17/69_1,3.00000,23.00000,22.00000,13.00000,22.00000,23.00000
NDA,Model,VS-i-run17/70_1,6.00000,20.00000,17.00000,18.00000,17.00000,20.00000
NDA,Model,VS-i-run17/71_1,5.00000,11.00000,11.00000,22.00000,11.00000,11.00000
NDA,Model,VS-i-run17/72_1,2.00000,24.00000,22.00000,14.00000,22.00000,24.00000
NDA,Model,VS-i-run17/73_1,3.00000,21.00000,20.00000,16.00000,20.00000,21.00000
NDA,Model,VS-i-run17/74_1,8.00000,13.00000,12.00000,22.00000,12.00000,13.00000
NDA,Model,VS-i-run17/75_1,4.00000,17.00000,16.00000,18.00000,16.00000,17.00000
NDA,Model,VS-i-run17/76_1,6.00000,15.00000,14.00000,20.00000,14.00000,15.00000
NDA,Model,VS-i-run17/77_1,7.00000,11.00000,12.00000,21.00000,12.00000,11.00000
NDA,Model,VS-i-run17/78_1,6.00000,20.00000,22.00000,16.00000,22.00000,20.00000
NDA,Model,VS-i-run17/79_1,7.00000,17.00000,16.00000,19.00000,16.00000,17.00000
NDA,Model,VS-i-run17/80_1,6.00000,22.00000,21.00000,16.00000,21.00000,22.00000
NDA,Model,VS-i-run17/81_1,11.00000,6.00000,6.00000,24.00000,6.00000,6.00000
NDA,Model,VS-i-run17/82_1,6.00000,8.00000,7.00000,24.00000,7.00000,8.00000
NDA,Model,VS-i-run17/83_1,7.00000,15.00000,14.00000,20.00000,14.00000,15.00000
NDA,Model,VS-i-run17/84_1,3.00000,24.00000,20.00000,14.00000,20.00000,24.00000
NDA,Model,VS-i-run17/85_1,9.00000,13.00000,12.00000,22.00000,12.00000,13.00000
NDA,Model,VS-i-run17/86_1,8.00000,15.00000,14.00000,20.00000,14.00000,15.00000
NDA,Model,VS-i-run17/87_1,4.00000,13.00000,14.00000,22.00000,14.00000,13.00000
NDA,Model,VS-i-run17/88_1,6.00000,17.00000,20.00000,15.00000,20.00000,17.00000
NDA,Model,VS-i-run17/89_1,6.00000,13.00000,13.00000,22.00000,13.00000,13.00000
NDA,Model,VS-i-run17/90_1,6.00000,16.00000,15.00000,18.00000,15.00000,16.00000
NDA,Model,VS-i-run18/100_1,6.00000,13.00000,15.00000,21.00000,15.00000,13.00000
NDA,Model,VS-i-run18/101_1,6.00000,14.00000,13.00000,20.00000,13.00000,14.00000
NDA,Model,VS-i-run18/102_1,5.00000,10.00000,8.00000,24.00000,8.00000,10.00000
NDA,Model,VS-i-run18/103_1,11.00000,14.00000,14.00000,16.00000,14.00000,14.00000
NDA,Model,VS-i-run18/104_1,8.00000,13.00000,13.00000,21.00000,13.00000,13.00000
NDA,Model,VS-i-run18/105_1,10.00000,14.00000,13.00000,19.00000,13.00000,14.00000
NDA,Model,VS-i-run18/106_1,6.00000,13.00000,12.00000,22.00000,12.00000,13.00000
NDA,Model,VS-i-run18/107_1,6.00000,15.00000,16.00000,18.00000,16.00000,15.00000
NDA,Model,VS-i-run18/108_1,6.00000,14.00000,13.00000,20.00000,13.00000,14.00000
NDA,Model,VS-i-run18/109_1,8.00000,11.00000,12.00000,23.00000,12.00000,11.00000
NDA,Model,VS-i-run18/110_1,5.00000,18.00000,19.00000,17.00000,19.00000,18.00000
NDA,Model,VS-i-run18/111_1,5.00000,12.00000,11.00000,23.00000,11.00000,12.00000
NDA,Model,VS-i-run18/112_1,7.00000,16.00000,18.00000,16.00000,18.00000,16.00000
NDA,Model,VS-i-run18/113_1,4.00000,17.00000,16.00000,19.00000,16.00000,17.00000
NDA,Model,VS-i-run18/114_1,7.00000,18.00000,15.00000,19.00000,15.00000,18.00000
NDA,Model,VS-i-run18/115_1,9.00000,14.00000,15.00000,21.00000,15.00000,14.00000
NDA,Model,VS-i-run18/116_1,8.00000,13.00000,13.00000,21.00000,13.00000,13.00000
NDA,Model,VS-i-run18/117_1,7.00000,15.00000,15.00000,19.00000,15.00000,15.00000
NDA,Model,VS-i-run18/118_1,10.00000,13.00000,12.00000,21.00000,12.00000,13.00000
NDA,Model,VS-i-run18/119_1,5.00000,16.00000,18.00000,19.00000,18.00000,16.00000
NDA,Model,VS-i-run18/120_1,11.00000,8.00000,7.00000,23.00000,7.00000,8.00000
NDA,Model,VS-i-run18/91_1,7.00000,12.00000,13.00000,22.00000,13.00000,12.00000
NDA,Model,VS-i-run18/92_1,6.00000,15.00000,15.00000,21.00000,15.00000,15.00000
NDA,Model,VS-i-run18/93_1,7.00000,16.00000,16.00000,18.00000,16.00000,16.00000
NDA,Model,VS-i-run18/94_1,7.00000,11.00000,11.00000,23.00000,11.00000,11.00000
NDA,Model,VS-i-run18/95_1,6.00000,13.00000,11.00000,21.00000,11.00000,13.00000
NDA,Model,VS-i-run18/96_1,4.00000,14.00000,14.00000,21.00000,14.00000,14.00000
NDA,Model,VS-i-run18/97_1,7.00000,11.00000,12.00000,22.00000,12.00000,11.00000
NDA,Model,VS-i-run18/98_1,4.00000,15.00000,15.00000,20.00000,15.00000,15.00000
NDA,Model,VS-i-run18/99_1,9.00000,10.00000,9.00000,22.00000,9.00000,10.00000
NDA,Model,VS-i-run19/121_1,5.00000,18.00000,18.00000,19.00000,18.00000,18.00000
NDA,Model,VS-i-run19/122_1,7.00000,9.00000,9.00000,24.00000,9.00000,9.00000
NDA,Model,VS-i-run19/123_1,6.00000,17.00000,16.00000,18.00000,16.00000,17.00000
NDA,Model,VS-i-run19/124_1,8.00000,11.00000,10.00000,22.00000,10.00000,11.00000
NDA,Model,VS-i-run19/125_1,8.00000,9.00000,9.00000,23.00000,9.00000,9.00000
NDA,Model,VS-i-run19/126_1,5.00000,14.00000,15.00000,20.00000,15.00000,14.00000
NDA,Model,VS-i-run19/127_1,6.00000,18.00000,17.00000,20.00000,17.00000,18.00000
NDA,Model,VS-i-run19/128_1,5.00000,19.00000,20.00000,14.00000,20.00000,19.00000
NDA,Model,VS-i-run19/129_1,6.00000,15.00000,15.00000,19.00000,15.00000,15.00000
NDA,Model,VS-i-run19/130_1,3.00000,19.00000,20.00000,17.00000,20.00000,19.00000
NDA,Model,VS-i-run19/131_1,6.00000,15.00000,12.00000,21.00000,12.00000,15.00000
NDA,Model,VS-i-run19/132_1,10.00000,13.00000,11.00000,20.00000,11.00000,13.00000
NDA,Model,VS-i-run19/133_1,7.00000,17.00000,18.00000,17.00000,18.00000,17.00000
NDA,Model,VS-i-run19/134_1,10.00000,10.00000,9.00000,24.00000,9.00000,10.00000
NDA,Model,VS-i-run19/135_1,3.00000,19.00000,21.00000,17.00000,21.00000,19.00000
NDA,Model,VS-i-run19/136_1,7.00000,13.00000,12.00000,21.00000,12.00000,13.00000
NDA,Model,VS-i-run19/137_1,6.00000,14.00000,14.00000,20.00000,14.00000,14.00000
NDA,Model,VS-i-run19/138_1,9.00000,18.00000,17.00000,17.00000,17.00000,18.00000
NDA,Model,VS-i-run19/139_1,7.00000,15.00000,14.00000,21.00000,14.00000,15.00000
NDA,Model,VS-i-run19/140_1,4.00000,8.00000,7.00000,25.00000,7.00000,8.00000
NDA,Model,VS-i-run19/141_1,8.00000,11.00000,12.00000,21.00000,12.00000,11.00000
NDA,Model,VS-i-run19/142_1,6.00000,18.00000,19.00000,16.00000,19.00000,18.00000
NDA,Model,VS-i-run19/143_1,6.00000,10.00000,10.00000,24.00000,10.00000,10.00000
NDA,Model,VS-i-run19/144_1,10.00000,11.00000,11.00000,20.00000,11.00000,11.00000
NDA,Model,VS-i-run19/145_1,6.00000,9.00000,10.00000,22.00000,10.00000,9.00000
NDA,Model,VS-i-run19/146_1,5.00000,16.00000,16.00000,20.00000,16.00000,16.00000
NDA,Model,VS-i-run19/147_1,8.00000,13.00000,13.00000,21.00000,13.00000,13.00000
NDA,Model,VS-i-run19/148_1,4.00000,15.00000,16.00000,20.00000,16.00000,15.00000
NDA,Model,VS-i-run19/149_1,5.00000,9.00000,10.00000,24.00000,10.00000,9.00000
NDA,Model,VS-i-run19/150_1,7.00000,15.00000,15.00000,20.00000,15.00000,15.00000
NDA,Model,VS-i-run2/31_1,6.00000,15.00000,17.00000,19.00000,17.00000,15.00000
NDA,Model,VS-i-run2/32_1,13.00000,8.00000,6.00000,21.00000,6.00000,8.00000
NDA,Model,VS-i-run2/33_1,7.00000,8.00000,9.00000,24.00000,9.00000,8.00000
NDA,Model,VS-i-run2/34_1,7.00000,11.00000,12.00000,23.00000,12.00000,11.00000
NDA,Model,VS-i-run2/35_1,9.00000,15.00000,13.00000,18.00000,13.00000,15.00000
NDA,Model,VS-i-run2/36_1,7.00000,14.00000,13.00000,22.00000,13.00000,14.00000
NDA,Model,VS-i-run2/37_1,9.00000,11.00000,11.00000,22.00000,11.00000,11.00000
NDA,Model,VS-i-run2/38_1,10.00000,7.00000,7.00000,22.00000,7.00000,7.00000
NDA,Model,VS-i-run2/39_1,5.00000,14.00000,13.00000,21.00000,13.00000,14.00000
NDA,Model,VS-i-run2/40_1,5.00000,17.00000,17.00000,18.00000,17.00000,17.00000
NDA,Model,VS-i-run2/41_1,8.00000,15.00000,14.00000,19.00000,14.00000,15.00000
NDA,Model,VS-i-run2/42_1,8.00000,10.00000,10.00000,21.00000,10.00000,10.00000
NDA,Model,VS-i-run2/43_1,8.00000,11.00000,10.00000,22.00000,10.00000,11.00000
NDA,Model,VS-i-run2/44_1,10.00000,15.00000,14.00000,18.00000,14.00000,15.00000
NDA,Model,VS-i-run2/45_1,6.00000,3.00000,4.00000,27.00000,4.00000,3.00000
NDA,Model,VS-i-run2/46_1,12.00000,9.00000,9.00000,22.00000,9.00000,9.00000
NDA,Model,VS-i-run2/47_1,7.00000,18.00000,18.00000,16.00000,18.00000,18.00000
NDA,Model,VS-i-run2/48_1,7.00000,16.00000,17.00000,17.00000,17.00000,16.00000
NDA,Model,VS-i-run2/49_1,7.00000,9.00000,9.00000,24.00000,9.00000,9.00000
NDA,Model,VS-i-run2/50_1,8.00000,19.00000,19.00000,14.00000,19.00000,19.00000
NDA,Model,VS-i-run2/51_1,5.00000,19.00000,17.00000,18.00000,17.00000,19.00000
NDA,Model,VS-i-run2/52_1,9.00000,16.00000,15.00000,16.00000,15.00000,16.00000
NDA,Model,VS-i-run2/53_1,9.00000,10.00000,9.00000,23.00000,9.00000,10.00000
NDA,Model,VS-i-run2/54_1,8.00000,11.00000,12.00000,23.00000,12.00000,11.00000
NDA,Model,VS-i-run2/55_1,7.00000,14.00000,13.00000,22.00000,13.00000,14.00000
NDA,Model,VS-i-run2/56_1,5.00000,18.00000,16.00000,19.00000,16.00000,18.00000
NDA,Model,VS-i-run2/57_1,2.00000,19.00000,16.00000,16.00000,16.00000,19.00000
NDA,Model,VS-i-run2/58_1,4.00000,21.00000,22.00000,15.00000,22.00000,21.00000
NDA,Model,VS-i-run2/59_1,4.00000,16.00000,16.00000,19.00000,16.00000,16.00000
NDA,Model,VS-i-run2/60_1,10.00000,14.00000,15.00000,18.00000,15.00000,14.00000
NDA,Model,VS-i-run20/151_1,5.00000,14.00000,14.00000,20.00000,14.00000,14.00000
NDA,Model,VS-i-run20/152_1,6.00000,15.00000,17.00000,20.00000,17.00000,15.00000
NDA,Model,VS-i-run20/153_1,6.00000,20.00000,20.00000,16.00000,20.00000,20.00000
NDA,Model,VS-i-run20/154_1,4.00000,23.00000,24.00000,14.00000,24.00000,23.00000
NDA,Model,VS-i-run20/155_1,8.00000,12.00000,11.00000,23.00000,11.00000,12.00000
NDA,Model,VS-i-run20/156_1,12.00000,10.00000,10.00000,21.00000,10.00000,10.00000
NDA,Model,VS-i-run20/157_1,4.00000,22.00000,21.00000,15.00000,21.00000,22.00000
NDA,Model,VS-i-run20/158_1,5.00000,18.00000,20.00000,17.00000,20.00000,18.00000
NDA,Model,VS-i-run20/159_1,3.00000,20.00000,20.00000,17.00000,20.00000,20.00000
NDA,Model,VS-i-run20/160_1,6.00000,18.00000,16.00000,18.00000,16.00000,18.00000
NDA,Model,VS-i-run20/161_1,3.00000,21.00000,21.00000,16.00000,21.00000,21.00000
NDA,Model,VS-i-run20/162_1,4.00000,21.00000,22.00000,16.00000,22.00000,21.00000
NDA,Model,VS-i-run20/163_1,6.00000,15.00000,14.00000,19.00000,14.00000,15.00000
NDA,Model,VS-i-run20/164_1,4.00000,16.00000,15.00000,19.00000,15.00000,16.00000
NDA,Model,VS-i-run20/165_1,7.00000,14.00000,13.00000,22.00000,13.00000,14.00000
NDA,Model,VS-i-run20/166_1,5.00000,13.00000,13.00000,22.00000,13.00000,13.00000
NDA,Model,VS-i-run20/167_1,3.00000,19.00000,16.00000,19.00000,16.00000,19.00000
NDA,Model,VS-i-run20/168_1,7.00000,16.00000,16.00000,19.00000,16.00000,16.00000
NDA,Model,VS-i-run20/169_1,7.00000,17.00000,17.00000,17.00000,17.00000,17.00000
NDA,Model,VS-i-run20/170_1,7.00000,16.00000,16.00000,18.00000,16.00000,16.00000
NDA,Model,VS-i-run20/171_1,2.00000,25.00000,24.00000,13.00000,24.00000,25.00000
NDA,Model,VS-i-run20/172_1,4.00000,15.00000,15.00000,20.00000,15.00000,15.00000
NDA,Model,VS-i-run20/173_1,8.00000,6.00000,6.00000,25.00000,6.00000,6.00000
NDA,Model,VS-i-run20/174_1,8.00000,17.00000,20.00000,17.00000,20.00000,17.00000
NDA,Model,VS-i-run20/175_1,5.00000,17.00000,15.00000,19.00000,15.00000,17.00000
NDA,Model,VS-i-run20/176_1,7.00000,16.00000,16.00000,18.00000,16.00000,16.00000
NDA,Model,VS-i-run20/177_1,6.00000,12.00000,13.00000,21.00000,13.00000,12.00000
NDA,Model,VS-i-run20/178_1,5.00000,15.00000,12.00000,21.00000,12.00000,15.00000
NDA,Model,VS-i-run20/179_1,4.00000,15.00000,16.00000,19.00000,16.00000,15.00000
NDA,Model,VS-i-run20/180_1,8.00000,13.00000,13.00000,21.00000,13.00000,13.00000
NDA,Model,VS-i-run3/61_1,7.00000,17.00000,15.00000,19.00000,15.00000,17.00000
NDA,Model,VS-i-run3/62_1,8.00000,17.00000,16.00000,17.00000,16.00000,17.00000
NDA,Model,VS-i-run3/63_1,9.00000,15.00000,15.00000,19.00000,15.00000,15.00000
NDA,Model,VS-i-run3/64_1,5.00000,15.00000,19.00000,19.00000,19.00000,15.00000
NDA,Model,VS-i-run3/65_1,8.00000,12.00000,12.00000,22.00000,12.00000,12.00000
NDA,Model,VS-i-run3/66_1,5.00000,13.00000,15.00000,21.00000,15.00000,13.00000
NDA,Model,VS-i-run3/67_1,8.00000,9.00000,12.00000,22.00000,12.00000,9.00000
NDA,Model,VS-i-run3/68_1,8.00000,9.00000,9.00000,22.00000,9.00000,9.00000
NDA,Model,VS-i-run3/69_1,11.00000,10.00000,9.00000,22.00000,9.00000,10.00000
NDA,Model,VS-i-run3/70_1,8.00000,9.00000,8.00000,23.00000,8.00000,9.00000
NDA,Model,VS-i-run3/71_1,9.00000,9.00000,10.00000,20.00000,10.00000,9.00000
NDA,Model,VS-i-run3/72_1,7.00000,13.00000,13.00000,21.00000,13.00000,13.00000
NDA,Model,VS-i-run3/73_1,4.00000,19.00000,18.00000,16.00000,18.00000,19.00000
NDA,Model,VS-i-run3/74_1,7.00000,16.00000,17.00000,17.00000,17.00000,16.00000
NDA,Model,VS-i-run3/75_1,8.00000,10.00000,12.00000,22.00000,12.00000,10.00000
NDA,Model,VS-i-run3/76_1,6.00000,16.00000,15.00000,19.00000,15.00000,16.00000
NDA,Model,VS-i-run3/77_1,5.00000,19.00000,22.00000,16.00000,22.00000,19.00000
NDA,Model,VS-i-run3/78_1,6.00000,18.00000,18.00000,17.00000,18.00000,18.00000
NDA,Model,VS-i-run3/79_1,6.00000,17.00000,18.00000,18.00000,18.00000,17.00000
NDA,Model,VS-i-run3/80_1,5.00000,19.00000,19.00000,17.00000,19.00000,19.00000
NDA,Model,VS-i-run3/81_1,7.00000,12.00000,13.00000,22.00000,13.00000,12.00000
NDA,Model,VS-i-run3/82_1,6.00000,18.00000,16.00000,18.00000,16.00000,18.00000
NDA,Model,VS-i-run3/83_1,6.00000,19.00000,17.00000,17.00000,17.00000,19.00000
NDA,Model,VS-i-run3/84_1,10.00000,17.00000,14.00000,16.00000,14.00000,17.00000
NDA,Model,VS-i-run3/85_1,8.00000,14.00000,12.00000,22.00000,12.00000,14.00000
NDA,Model,VS-i-run3/86_1,4.00000,19.00000,21.00000,17.00000,21.00000,19.00000
NDA,Model,VS-i-run3/87_1,6.00000,15.00000,15.00000,19.00000,15.00000,15.00000
NDA,Model,VS-i-run3/88_1,6.00000,11.00000,12.00000,22.00000,12.00000,11.00000
NDA,Model,VS-i-run3/89_1,4.00000,20.00000,22.00000,15.00000,22.00000,20.00000
NDA,Model,VS-i-run3/90_1,5.00000,16.00000,16.00000,20.00000,16.00000,16.00000
NDA,Model,VS-i-run4/100_1,3.00000,17.00000,18.00000,18.00000,18.00000,17.00000
NDA,Model,VS-i-run4/101_1,12.00000,11.00000,11.00000,20.00000,11.00000,11.00000
NDA,Model,VS-i-run4/102_1,4.00000,17.00000,19.00000,17.00000,19.00000,17.00000
NDA,Model,VS-i-run4/103_1,2.00000,23.00000,25.00000,12.00000,25.00000,23.00000
NDA,Model,VS-i-run4/104_1,3.00000,23.00000,20.00000,16.00000,20.00000,23.00000
NDA,Model,VS-i-run4/105_1,3.00000,25.00000,25.00000,12.00000,25.00000,25.00000
NDA,Model,VS-i-run4/106_1,7.00000,8.00000,8.00000,24.00000,8.00000,8.00000
NDA,Model,VS-i-run4/107_1,3.00000,21.00000,22.00000,17.00000,22.00000,21.00000
NDA,Model,VS-i-run4/108_1,5.00000,14.00000,15.00000,21.00000,15.00000,14.00000
NDA,Model,VS-i-run4/109_1,4.00000,17.00000,16.00000,19.00000,16.00000,17.00000
NDA,Model,VS-i-run4/110_1,7.00000,15.00000,15.00000,21.00000,15.00000,15.00000
NDA,Model,VS-i-run4/111_1,3.00000,22.00000,22.00000,14.00000,22.00000,22.00000
NDA,Model,VS-i-run4/112_1,7.00000,8.00000,8.00000,25.00000,8.00000,8.00000
NDA,Model,VS-i-run4/113_1,8.00000,12.00000,11.00000,21.00000,11.00000,12.00000
NDA,Model,VS-i-run4/114_1,7.00000,12.00000,10.00000,22.00000,10.00000,12.00000
NDA,Model,VS-i-run4/115_1,7.00000,19.00000,20.00000,16.00000,20.00000,19.00000
NDA,Model,VS-i-run4/116_1,5.00000,20.00000,20.00000,15.00000,20.00000,20.00000
NDA,Model,VS-i-run4/117_1,4.00000,19.00000,17.00000,17.00000,17.00000,19.00000
NDA,Model,VS-i-run4/118_1,6.00000,17.00000,17.00000,17.00000,17.00000,17.00000
NDA,Model,VS-i-run4/119_1,3.00000,23.00000,22.00000,14.00000,22.00000,23.00000
NDA,Model,VS-i-run4/120_1,5.00000,15.00000,16.00000,18.00000,16.00000,15.00000
NDA,Model,VS-i-run4/91_1,7.00000,9.00000,9.00000,24.00000,9.00000,9.00000
NDA,Model,VS-i-run4/92_1,5.00000,16.00000,18.00000,18.00000,18.00000,16.00000
NDA,Model,VS-i-run4/93_1,3.00000,22.00000,23.00000,14.00000,23.00000,22.00000
NDA,Model,VS-i-run4/94_1,8.00000,14.00000,12.00000,21.00000,12.00000,14.00000
NDA,Model,VS-i-run4/95_1,4.00000,20.00000,16.00000,18.00000,16.00000,20.00000
NDA,Model,VS-i-run4/96_1,3.00000,19.00000,20.00000,17.00000,20.00000,19.00000
NDA,Model,VS-i-run4/97_1,3.00000,21.00000,20.00000,16.00000,20.00000,21.00000
NDA,Model,VS-i-run4/98_1,4.00000,18.00000,18.00000,19.00000,18.00000,18.00000
NDA,Model,VS-i-run4/99_1,3.00000,21.00000,19.00000,17.00000,19.00000,21.00000
NDA,Model,VS-i-run5/121_1,4.00000,22.00000,20.00000,14.00000,20.00000,22.00000
NDA,Model,VS-i-run5/122_1,8.00000,6.00000,6.00000,24.00000,6.00000,6.00000
NDA,Model,VS-i-run5/123_1,12.00000,13.00000,12.00000,20.00000,12.00000,13.00000
NDA,Model,VS-i-run5/124_1,7.00000,16.00000,15.00000,20.00000,15.00000,16.00000
NDA,Model,VS-i-run5/125_1,4.00000,22.00000,21.00000,16.00000,21.00000,22.00000
NDA,Model,VS-i-run5/126_1,6.00000,16.00000,15.00000,20.00000,15.00000,16.00000
NDA,Model,VS-i-run5/127_1,8.00000,17.00000,19.00000,17.00000,19.00000,17.00000
NDA,Model,VS-i-run5/128_1,5.00000,19.00000,14.00000,19.00000,14.00000,19.00000
NDA,Model,VS-i-run5/129_1,11.00000,10.00000,9.00000,22.00000,9.00000,10.00000
NDA,Model,VS-i-run5/130_1,4.00000,14.00000,12.00000,21.00000,12.00000,14.00000
NDA,Model,VS-i-run5/131_1,6.00000,15.00000,15.00000,18.00000,15.00000,15.00000
NDA,Model,VS-i-run5/132_1,6.00000,11.00000,11.00000,23.00000,11.00000,11.00000
NDA,Model,VS-i-run5/133_1,4.00000,16.00000,17.00000,20.00000,17.00000,16.00000
NDA,Model,VS-i-run5/134_1,6.00000,17.00000,15.00000,19.00000,15.00000,17.00000
NDA,Model,VS-i-run5/135_1,4.00000,18.00000,17.00000,18.00000,17.00000,18.00000
NDA,Model,VS-i-run5/136_1,5.00000,24.00000,23.00000,13.00000,23.00000,24.00000
NDA,Model,VS-i-run5/137_1,6.00000,15.00000,14.00000,19.00000,14.00000,15.00000
NDA,Model,VS-i-run5/138_1,8.00000,10.00000,12.00000,21.00000,12.00000,10.00000
NDA,Model,VS-i-run5/139_1,5.00000,18.00000,16.00000,17.00000,16.00000,18.00000
NDA,Model,VS-i-run5/140_1,7.00000,14.00000,12.00000,20.00000,12.00000,14.00000
NDA,Model,VS-i-run5/141_1,6.00000,14.00000,14.00000,20.00000,14.00000,14.00000
NDA,Model,VS-i-run5/142_1,5.00000,11.00000,11.00000,22.00000,11.00000,11.00000
NDA,Model,VS-i-run5/143_1,9.00000,12.00000,13.00000,20.00000,13.00000,12.00000
NDA,Model,VS-i-run5/144_1,8.00000,15.00000,14.00000,20.00000,14.00000,15.00000
NDA,Model,VS-i-run5/145_1,8.00000,8.00000,8.00000,25.00000,8.00000,8.00000
NDA,Model,VS-i-run5/146_1,9.00000,16.00000,14.00000,17.00000,14.00000,16.00000
NDA,Model,VS-i-run5/147_1,8.00000,16.00000,12.00000,19.00000,12.00000,16.00000
NDA,Model,VS-i-run5/148_1,10.00000,11.00000,11.00000,20.00000,11.00000,11.00000
NDA,Model,VS-i-run5/149_1,5.00000,23.00000,24.00000,11.00000,24.00000,23.00000
NDA,Model,VS-i-run5/150_1,9.00000,13.00000,13.00000,20.00000,13.00000,13.00000
NDA,Model,VS-i-run6/151_1,8.00000,19.00000,18.00000,15.00000,18.00000,19.00000
NDA,Model,VS-i-run6/152_1,6.00000,14.00000,16.00000,20.00000,16.00000,14.00000
NDA,Model,VS-i-run6/153_1,7.00000,14.00000,14.00000,21.00000,14.00000,14.00000
NDA,Model,VS-i-run6/154_1,3.00000,20.00000,19.00000,15.00000,19.00000,20.00000
NDA,Model,VS-i-run6/155_1,8.00000,11.00000,12.00000,21.00000,12.00000,11.00000
NDA,Model,VS-i-run6/156_1,6.00000,14.00000,16.00000,21.00000,16.00000,14.00000
NDA,Model,VS-i-run6/157_1,5.00000,22.00000,23.00000,15.00000,23.00000,22.00000
NDA,Model,VS-i-run6/158_1,4.00000,11.00000,12.00000,23.00000,12.00000,11.00000
NDA,Model,VS-i-run6/159_1,8.00000,14.00000,14.00000,21.00000,14.00000,14.00000
NDA,Model,VS-i-run6/160_1,6.00000,13.00000,14.00000,22.00000,14.00000,13.00000
NDA,Model,VS-i-run6/161_1,9.00000,15.00000,18.00000,16.00000,18.00000,15.00000
NDA,Model,VS-i-run6/162_1,7.00000,16.00000,16.00000,20.00000,16.00000,16.00000
NDA,Model,VS-i-run6/163_1,3.00000,21.00000,23.00000,15.00000,23.00000,21.00000
NDA,Model,VS-i-run6/164_1,11.00000,8.00000,8.00000,22.00000,8.00000,8.00000
NDA,Model,VS-i-run6/165_1,3.00000,20.00000,20.00000,16.00000,20.00000,20.00000
NDA,Model,VS-i-run6/166_1,9.00000,10.00000,10.00000,24.00000,10.00000,10.00000
NDA,Model,VS-i-run6/167_1,10.00000,10.00000,8.00000,21.00000,8.00000,10.00000
NDA,Model,VS-i-run6/168_1,5.00000,18.00000,17.00000,18.00000,17.00000,18.00000
NDA,Model,VS-i-run6/169_1,6.00000,15.00000,14.00000,20.00000,14.00000,15.00000
NDA,Model,VS-i-run6/170_1,5.00000,16.00000,18.00000,18.00000,18.00000,16.00000
NDA,Model,VS-i-run6/171_1,9.00000,13.00000,13.00000,21.00000,13.00000,13.00000
NDA,Model,VS-i-run6/172_1,10.00000,10.00000,9.00000,24.00000,9.00000,10.00000
NDA,Model,VS-i-run6/173_1,3.00000,22.00000,22.00000,13.00000,22.00000,22.00000
NDA,Model,VS-i-run6/174_1,6.00000,20.00000,20.00000,17.00000,20.00000,20.00000
NDA,Model,VS-i-run6/175_1,8.00000,19.00000,17.00000,17.00000,17.00000,19.00000
NDA,Model,VS-i-run6/176_1,7.00000,19.00000,18.00000,16.00000,18.00000,19.00000
NDA,Model,VS-i-run6/177_1,6.00000,16.00000,16.00000,19.00000,16.00000,16.00000
NDA,Model,VS-i-run6/178_1,7.00000,13.00000,14.00000,20.00000,14.00000,13.00000
NDA,Model,VS-i-run6/179_1,9.00000,11.00000,12.00000,21.00000,12.00000,11.00000
NDA,Model,VS-i-run6/180_1,6.00000,18.00000,17.00000,19.00000,17.00000,18.00000
NDA,Model,VS-i-run7/181_1,6.00000,14.00000,16.00000,19.00000,16.00000,14.00000
NDA,Model,VS-i-run7/182_1,7.00000,15.00000,18.00000,18.00000,18.00000,15.00000
NDA,Model,VS-i-run7/183_1,8.00000,18.00000,18.00000,17.00000,18.00000,18.00000
NDA,Model,VS-i-run7/184_1,5.00000,10.00000,12.00000,23.00000,12.00000,10.00000
NDA,Model,VS-i-run7/185_1,5.00000,17.00000,18.00000,18.00000,18.00000,17.00000
NDA,Model,VS-i-run7/186_1,11.00000,6.00000,5.00000,24.00000,5.00000,6.00000
NDA,Model,VS-i-run7/187_1,7.00000,16.00000,17.00000,18.00000,17.00000,16.00000
NDA,Model,VS-i-run7/188_1,6.00000,17.00000,18.00000,17.00000,18.00000,17.00000
NDA,Model,VS-i-run7/189_1,8.00000,11.00000,11.00000,22.00000,11.00000,11.00000
NDA,Model,VS-i-run7/190_1,5.00000,19.00000,19.00000,17.00000,19.00000,19.00000
NDA,Model,VS-i-run7/191_1,6.00000,12.00000,11.00000,22.00000,11.00000,12.00000
NDA,Model,VS-i-run7/192_1,10.00000,13.00000,13.00000,18.00000,13.00000,13.00000
NDA,Model,VS-i-run7/193_1,8.00000,16.00000,18.00000,18.00000,18.00000,16.00000
NDA,Model,VS-i-run7/194_1,9.00000,9.00000,10.00000,23.00000,10.00000,9.00000
NDA,Model,VS-i-run7/195_1,6.00000,21.00000,20.00000,16.00000,20.00000,21.00000
NDA,Model,VS-i-run7/196_1,5.00000,21.00000,21.00000,15.00000,21.00000,21.00000
NDA,Model,VS-i-run7/197_1,7.00000,16.00000,14.00000,20.00000,14.00000,16.00000
NDA,Model,VS-i-run7/198_1,6.00000,17.00000,18.00000,18.00000,18.00000,17.00000
NDA,Model,VS-i-run7/199_1,4.00000,18.00000,18.00000,18.00000,18.00000,18.00000
NDA,Model,VS-i-run7/200_1,8.00000,12.00000,13.00000,21.00000,13.00000,12.00000
NDA,Model,VS-i-run7/201_1,12.00000,10.00000,11.00000,22.00000,11.00000,10.00000
NDA,Model,VS-i-run7/202_1,8.00000,14.00000,15.00000,20.00000,15.00000,14.00000
NDA,Model,VS-i-run7/203_1,11.00000,12.00000,11.00000,20.00000,11.00000,12.00000
NDA,Model,VS-i-run7/204_1,9.00000,15.00000,13.00000,19.00000,13.00000,15.00000
NDA,Model,VS-i-run7/205_1,5.00000,16.00000,16.00000,20.00000,16.00000,16.00000
NDA,Model,VS-i-run7/206_1,5.00000,12.00000,12.00000,22.00000,12.00000,12.00000
NDA,Model,VS-i-run7/207_1,4.00000,18.00000,16.00000,19.00000,16.00000,18.00000
NDA,Model,VS-i-run7/208_1,5.00000,18.00000,17.00000,17.00000,17.00000,18.00000
NDA,Model,VS-i-run7/209_1,6.00000,21.00000,20.00000,15.00000,20.00000,21.00000
NDA,Model,VS-i-run7/210_1,10.00000,8.00000,8.00000,23.00000,8.00000,8.00000
NDA,Model,VS-i-run8/211_1,8.00000,11.00000,11.00000,22.00000,11.00000,11.00000
NDA,Model,VS-i-run8/212_1,6.00000,18.00000,18.00000,17.00000,18.00000,18.00000
NDA,Model,VS-i-run8/213_1,9.00000,10.00000,11.00000,21.00000,11.00000,10.00000
NDA,Model,VS-i-run8/214_1,3.00000,19.00000,20.00000,17.00000,20.00000,19.00000
NDA,Model,VS-i-run8/215_1,5.00000,20.00000,20.00000,16.00000,20.00000,20.00000
NDA,Model,VS-i-run8/216_1,3.00000,20.00000,20.00000,17.00000,20.00000,20.00000
NDA,Model,VS-i-run8/217_1,7.00000,12.00000,12.00000,22.00000,12.00000,12.00000
NDA,Model,VS-i-run8/218_1,5.00000,18.00000,18.00000,19.00000,18.00000,18.00000
NDA,Model,VS-i-run8/219_1,10.00000,12.00000,10.00000,23.00000,10.00000,12.00000
NDA,Model,VS-i-run8/220_1,6.00000,14.00000,15.00000,21.00000,15.00000,14.00000
NDA,Model,VS-i-run8/221_1,3.00000,17.00000,15.00000,19.00000,15.00000,17.00000
NDA,Model,VS-i-run8/222_1,6.00000,18.00000,17.00000,19.00000,17.00000,18.00000
NDA,Model,VS-i-run8/223_1,7.00000,13.00000,12.00000,21.00000,12.00000,13.00000
NDA,Model,VS-i-run8/224_1,12.00000,7.00000,8.00000,24.00000,8.00000,7.00000
NDA,Model,VS-i-run8/225_1,4.00000,19.00000,21.00000,16.00000,21.00000,19.00000
NDA,Model,VS-i-run8/226_1,5.00000,22.00000,21.00000,14.00000,21.00000,22.00000
NDA,Model,VS-i-run8/227_1,6.00000,16.00000,15.00000,20.00000,15.00000,16.00000
NDA,Model,VS-i-run8/228_1,6.00000,15.00000,15.00000,19.00000,15.00000,15.00000
NDA,Model,VS-i-run8/229_1,10.00000,12.00000,11.00000,20.00000,11.00000,12.00000
NDA,Model,VS-i-run8/230_1,8.00000,15.00000,13.00000,20.00000,13.00000,15.00000
NDA,Model,VS-i-run8/231_1,3.00000,19.00000,20.00000,18.00000,20.00000,19.00000
NDA,Model,VS-i-run8/232_1,5.00000,19.00000,18.00000,16.00000,18.00000,19.00000
NDA,Model,VS-i-run8/233_1,3.00000,24.00000,23.00000,12.00000,23.00000,24.00000
NDA,Model,VS-i-run8/234_1,7.00000,15.00000,15.00000,20.00000,15.00000,15.00000
NDA,Model,VS-i-run8/235_1,6.00000,11.00000,12.00000,23.00000,12.00000,11.00000
NDA,Model,VS-i-run8/236_1,4.00000,16.00000,17.00000,19.00000,17.00000,16.00000
NDA,Model,VS-i-run8/237_1,7.00000,11.00000,10.00000,23.00000,10.00000,11.00000
NDA,Model,VS-i-run8/238_1,3.00000,22.00000,19.00000,16.00000,19.00000,22.00000
NDA,Model,VS-i-run8/239_1,4.00000,18.00000,15.00000,19.00000,15.00000,18.00000
NDA,Model,VS-i-run8/240_1,5.00000,17.00000,19.00000,19.00000,19.00000,17.00000
NDA,Model,VS-i-run9/241_1,9.00000,14.00000,14.00000,21.00000,14.00000,14.00000
NDA,Model,VS-i-run9/242_1,8.00000,11.00000,12.00000,21.00000,12.00000,11.00000
NDA,Model,VS-i-run9/243_1,13.00000,10.00000,10.00000,19.00000,10.00000,10.00000
NDA,Model,VS-i-run9/244_1,7.00000,8.00000,8.00000,25.00000,8.00000,8.00000
NDA,Model,VS-i-run9/245_1,6.00000,15.00000,16.00000,18.00000,16.00000,15.00000
NDA,Model,VS-i-run9/246_1,4.00000,12.00000,10.00000,23.00000,10.00000,12.00000
NDA,Model,VS-i-run9/247_1,6.00000,7.00000,8.00000,24.00000,8.00000,7.00000
NDA,Model,VS-i-run9/248_1,7.00000,17.00000,16.00000,19.00000,16.00000,17.00000
NDA,Model,VS-i-run9/249_1,7.00000,19.00000,18.00000,16.00000,18.00000,19.00000
NDA,Model,VS-i-run9/250_1,8.00000,11.00000,13.00000,21.00000,13.00000,11.00000
NDA,Model,VS-i-run9/251_1,6.00000,17.00000,16.00000,19.00000,16.00000,17.00000
NDA,Model,VS-i-run9/252_1,5.00000,17.00000,15.00000,19.00000,15.00000,17.00000
NDA,Model,VS-i-run9/253_1,9.00000,17.00000,16.00000,17.00000,16.00000,17.00000
NDA,Model,VS-i-run9/254_1,3.00000,23.00000,22.00000,15.00000,22.00000,23.00000
NDA,Model,VS-i-run9/255_1,3.00000,19.00000,19.00000,18.00000,19.00000,19.00000
NDA,Model,VS-i-run9/256_1,5.00000,22.00000,21.00000,15.00000,21.00000,22.00000
NDA,Model,VS-i-run9/257_1,5.00000,20.00000,22.00000,17.00000,22.00000,20.00000
NDA,Model,VS-i-run9/258_1,5.00000,19.00000,18.00000,17.00000,18.00000,19.00000
NDA,Model,VS-i-run9/259_1,5.00000,14.00000,14.00000,20.00000,14.00000,14.00000
NDA,Model,VS-i-run9/260_1,5.00000,15.00000,16.00000,19.00000,16.00000,15.00000
NDA,Model,VS-i-run9/261_1,9.00000,17.00000,17.00000,16.00000,17.00000,17.00000
NDA,Model,VS-i-run9/262_1,4.00000,22.00000,22.00000,12.00000,22.00000,22.00000
NDA,Model,VS-i-run9/263_1,8.00000,9.00000,10.00000,23.00000,10.00000,9.00000
NDA,Model,VS-i-run9/264_1,4.00000,22.00000,23.00000,15.00000,23.00000,22.00000
NDA,Model,VS-i-run9/265_1,6.00000,20.00000,19.00000,15.00000,19.00000,20.00000
NDA,Model,VS-i-run9/266_1,5.00000,16.00000,17.00000,19.00000,17.00000,16.00000
NDA,Model,VS-i-run9/267_1,7.00000,10.00000,10.00000,23.00000,10.00000,10.00000
NDA,Model,VS-i-run9/268_1,9.00000,15.00000,16.00000,19.00000,16.00000,15.00000
NDA,Model,VS-i-run9/269_1,4.00000,18.00000,18.00000,19.00000,18.00000,18.00000
NDA,Model,VS-i-run9/270_1,10.00000,12.00000,12.00000,23.00000,12.00000,12.00000
NDA,NHLattice,VS-i-run1/10_1,6.00000,10.00000,5.00000,26.00000,5.00000,6.00000
NDA,NHLattice,VS-i-run1/11_1,18.00000,8.00000,16.00000,17.00000,18.00000,17.00000
NDA,NHLattice,VS-i-run1/12_1,19.00000,7.00000,17.00000,21.00000,19.00000,21.00000
NDA,NHLattice,VS-i-run1/13_1,19.00000,6.00000,16.00000,20.00000,19.00000,20.00000
NDA,NHLattice,VS-i-run1/14_1,17.00000,7.00000,18.00000,15.00000,17.00000,15.00000
NDA,NHLattice,VS-i-run1/15_1,21.00000,3.00000,16.00000,22.00000,22.00000,21.00000
NDA,NHLattice,VS-i-run1/16_1,13.00000,6.00000,13.00000,22.00000,13.00000,13.00000
NDA,NHLattice,VS-i-run1/17_1,18.00000,7.00000,18.00000,17.00000,18.00000,18.00000
NDA,NHLattice,VS-i-run1/18_1,22.00000,7.00000,16.00000,19.00000,22.00000,19.00000
NDA,NHLattice,VS-i-run1/19_1,15.00000,6.00000,14.00000,18.00000,15.00000,14.00000
NDA,NHLattice,VS-i-run1/1_1,14.00000,6.00000,19.00000,17.00000,17.00000,14.00000
NDA,NHLattice,VS-i-run1/20_1,20.00000,7.00000,18.00000,18.00000,20.00000,18.00000
NDA,NHLattice,VS-i-run1/21_1,16.00000,8.00000,18.00000,16.00000,16.00000,16.00000
NDA,NHLattice,VS-i-run1/22_1,9.00000,8.00000,23.00000,9.00000,9.00000,9.00000
NDA,NHLattice,VS-i-run1/23_1,16.00000,7.00000,14.00000,20.00000,16.00000,14.00000
NDA,NHLattice,VS-i-run1/24_1,21.00000,5.00000,16.00000,19.00000,21.00000,19.00000
NDA,NHLattice,VS-i-run1/25_1,11.00000,10.00000,21.00000,12.00000,12.00000,11.00000
NDA,NHLattice,VS-i-run1/26_1,21.00000,5.00000,14.00000,21.00000,21.00000,21.00000
NDA,NHLattice,VS-i-run1/27_1,14.00000,8.00000,20.00000,15.00000,14.00000,15.00000
NDA,NHLattice,VS-i-run1/28_1,16.00000,7.00000,17.00000,18.00000,18.00000,16.00000
NDA,NHLattice,VS-i-run1/29_1,12.00000,5.00000,20.00000,15.00000,15.00000,12.00000
NDA,NHLattice,VS-i-run1/2_1,16.00000,5.00000,20.00000,16.00000,16.00000,16.00000
NDA,NHLattice,VS-i-run1/30_1,16.00000,6.00000,19.00000,14.00000,16.00000,14.00000
NDA,NHLattice,VS-i-run1/3_1,18.00000,6.00000,17.00000,19.00000,19.00000,18.00000
NDA,NHLattice,VS-i-run1/4_1,12.00000,7.00000,13.00000,21.00000,12.00000,13.00000
NDA,NHLattice,VS-i-run1/5_1,10.00000,8.00000,23.00000,8.00000,10.00000,8.00000
NDA,NHLattice,VS-i-run1/6_1,13.00000,7.00000,22.00000,14.00000,13.00000,14.00000
NDA,NHLattice,VS-i-run1/7_1,20.00000,2.00000,18.00000,19.00000,19.00000,20.00000
NDA,NHLattice,VS-i-run1/8_1,13.00000,9.00000,21.00000,12.00000,13.00000,12.00000
NDA,NHLattice,VS-i-run1/9_1,18.00000,5.00000,18.00000,17.00000,17.00000,18.00000
NDA,NHLattice,VS-i-run10/271_1,12.00000,9.00000,13.00000,19.00000,12.00000,13.00000
NDA,NHLattice,VS-i-run10/272_1,12.00000,6.00000,21.00000,13.00000,12.00000,13.00000
NDA,NHLattice,VS-i-run10/273_1,10.00000,8.00000,22.00000,10.00000,10.00000,10.00000
NDA,NHLattice,VS-i-run10/274_1,21.00000,4.00000,20.00000,16.00000,21.00000,20.00000
NDA,NHLattice,VS-i-run10/275_1,13.00000,6.00000,22.00000,11.00000,11.00000,13.00000
NDA,NHLattice,VS-i-run10/276_1,12.00000,9.00000,23.00000,11.00000,12.00000,11.00000
NDA,NHLattice,VS-i-run10/277_1,14.00000,6.00000,22.00000,12.00000,14.00000,12.00000
NDA,NHLattice,VS-i-run10/278_1,15.00000,5.00000,14.00000,21.00000,14.00000,15.00000
NDA,NHLattice,VS-i-run10/279_1,20.00000,5.00000,15.00000,21.00000,20.00000,21.00000
NDA,NHLattice,VS-i-run10/280_1,11.00000,8.00000,21.00000,13.00000,11.00000,13.00000
NDA,NHLattice,VS-i-run10/281_1,15.00000,8.00000,20.00000,14.00000,15.00000,14.00000
NDA,NHLattice,VS-i-run10/282_1,18.00000,5.00000,18.00000,17.00000,18.00000,17.00000
NDA,NHLattice,VS-i-run10/283_1,19.00000,4.00000,18.00000,17.00000,19.00000,17.00000
NDA,NHLattice,VS-i-run10/284_1,22.00000,5.00000,13.00000,23.00000,23.00000,22.00000
NDA,NHLattice,VS-i-run10/285_1,23.00000,4.00000,12.00000,23.00000,23.00000,23.00000
NDA,NHLattice,VS-i-run10/286_1,17.00000,6.00000,18.00000,17.00000,17.00000,18.00000
NDA,NHLattice,VS-i-run10/287_1,17.00000,4.00000,17.00000,18.00000,18.00000,17.00000
NDA,NHLattice,VS-i-run10/288_1,18.00000,3.00000,19.00000,19.00000,19.00000,18.00000
NDA,NHLattice,VS-i-run10/289_1,17.00000,5.00000,19.00000,18.00000,18.00000,17.00000
NDA,NHLattice,VS-i-run10/290_1,14.00000,6.00000,22.00000,11.00000,14.00000,11.00000
NDA,NHLattice,VS-i-run10/291_1,14.00000,5.00000,20.00000,16.00000,16.00000,14.00000
NDA,NHLattice,VS-i-run10/292_1,20.00000,4.00000,18.00000,17.00000,20.00000,18.00000
NDA,NHLattice,VS-i-run10/293_1,18.00000,4.00000,19.00000,19.00000,18.00000,19.00000
NDA,NHLattice,VS-i-run10/294_1,14.00000,11.00000,18.00000,13.00000,13.00000,14.00000
NDA,NHLattice,VS-i-run10/295_1,9.00000,10.00000,10.00000,20.00000,9.00000,10.00000
NDA,NHLattice,VS-i-run10/296_1,9.00000,8.00000,24.00000,10.00000,10.00000,9.00000
NDA,NHLattice,VS-i-run10/297_1,15.00000,7.00000,20.00000,16.00000,15.00000,16.00000
NDA,NHLattice,VS-i-run10/298_1,14.00000,9.00000,19.00000,14.00000,14.00000,14.00000
NDA,NHLattice,VS-i-run10/299_1,16.00000,5.00000,17.00000,18.00000,16.00000,17.00000
NDA,NHLattice,VS-i-run10/300_1,12.00000,4.00000,22.00000,13.00000,12.00000,13.00000
NDA,NHLattice,VS-i-run11/301_1,9.00000,10.00000,24.00000,10.00000,9.00000,10.00000
NDA,NHLattice,VS-i-run11/302_1,14.00000,5.00000,20.00000,16.00000,14.00000,16.00000
NDA,NHLattice,VS-i-run11/303_1,16.00000,5.00000,15.00000,20.00000,16.00000,15.00000
NDA,NHLattice,VS-i-run11/304_1,14.00000,6.00000,20.00000,16.00000,16.00000,14.00000
NDA,NHLattice,VS-i-run11/305_1,14.00000,7.00000,12.00000,21.00000,14.00000,12.00000
NDA,NHLattice,VS-i-run11/306_1,13.00000,6.00000,14.00000,21.00000,13.00000,14.00000
NDA,NHLattice,VS-i-run11/307_1,15.00000,8.00000,19.00000,16.00000,16.00000,15.00000
NDA,NHLattice,VS-i-run11/308_1,16.00000,3.00000,19.00000,18.00000,18.00000,16.00000
NDA,NHLattice,VS-i-run11/309_1,8.00000,7.00000,24.00000,10.00000,8.00000,10.00000
NDA,NHLattice,VS-i-run11/310_1,17.00000,8.00000,18.00000,18.00000,17.00000,18.00000
NDA,NHLattice,VS-i-run11/311_1,15.00000,7.00000,19.00000,14.00000,15.00000,14.00000
NDA,NHLattice,VS-i-run11/312_1,18.00000,6.00000,18.00000,18.00000,18.00000,18.00000
NDA,NHLattice,VS-i-run11/313_1,24.00000,3.00000,22.00000,16.00000,24.00000,22.00000
NDA,NHLattice,VS-i-run11/314_1,17.00000,7.00000,18.00000,15.00000,17.00000,15.00000
NDA,NHLattice,VS-i-run11/315_1,17.00000,6.00000,18.00000,16.00000,16.00000,17.00000
NDA,NHLattice,VS-i-run11/316_1,11.00000,9.00000,21.00000,12.00000,11.00000,12.00000
NDA,NHLattice,VS-i-run11/317_1,11.00000,8.00000,23.00000,12.00000,12.00000,11.00000
NDA,NHLattice,VS-i-run11/318_1,18.00000,5.00000,18.00000,18.00000,18.00000,18.00000
NDA,NHLattice,VS-i-run11/319_1,14.00000,10.00000,19.00000,14.00000,14.00000,14.00000
NDA,NHLattice,VS-i-run11/320_1,19.00000,6.00000,17.00000,18.00000,19.00000,17.00000
NDA,NHLattice,VS-i-run11/321_1,14.00000,10.00000,19.00000,14.00000,14.00000,14.00000
NDA,NHLattice,VS-i-run11/322_1,20.00000,5.00000,16.00000,20.00000,20.00000,20.00000
NDA,NHLattice,VS-i-run11/323_1,17.00000,4.00000,16.00000,20.00000,20.00000,17.00000
NDA,NHLattice,VS-i-run11/324_1,14.00000,6.00000,21.00000,14.00000,14.00000,14.00000
NDA,NHLattice,VS-i-run11/325_1,12.00000,10.00000,22.00000,11.00000,12.00000,11.00000
NDA,NHLattice,VS-i-run11/326_1,17.00000,8.00000,20.00000,15.00000,17.00000,15.00000
NDA,NHLattice,VS-i-run11/327_1,12.00000,7.00000,22.00000,11.00000,12.00000,11.00000
NDA,NHLattice,VS-i-run11/328_1,17.00000,3.00000,19.00000,17.00000,17.00000,17.00000
NDA,NHLattice,VS-i-run11/329_1,26.00000,2.00000,25.00000,12.00000,26.00000,25.00000
NDA,NHLattice,VS-i-run11/330_1,10.00000,7.00000,23.00000,10.00000,10.00000,10.00000
NDA,NHLattice,VS-i-run12/331_1,8.00000,8.00000,23.00000,7.00000,8.00000,7.00000
NDA,NHLattice,VS-i-run12/332_1,20.00000,5.00000,16.00000,18.00000,20.00000,18.00000
NDA,NHLattice,VS-i-run12/333_1,8.00000,9.00000,24.00000,7.00000,8.00000,7.00000
NDA,NHLattice,VS-i-run12/334_1,18.00000,8.00000,18.00000,17.00000,18.00000,17.00000
NDA,NHLattice,VS-i-run12/335_1,9.00000,6.00000,23.00000,10.00000,9.00000,10.00000
NDA,NHLattice,VS-i-run12/336_1,18.00000,4.00000,18.00000,18.00000,18.00000,18.00000
NDA,NHLattice,VS-i-run12/337_1,16.00000,4.00000,20.00000,15.00000,15.00000,16.00000
NDA,NHLattice,VS-i-run12/338_1,17.00000,5.00000,18.00000,17.00000,17.00000,17.00000
NDA,NHLattice,VS-i-run12/339_1,12.00000,8.00000,20.00000,13.00000,13.00000,12.00000
NDA,NHLattice,VS-i-run12/340_1,16.00000,5.00000,15.00000,20.00000,16.00000,15.00000
NDA,NHLattice,VS-i-run12/341_1,11.00000,5.00000,23.00000,11.00000,11.00000,11.00000
NDA,NHLattice,VS-i-run12/342_1,5.00000,6.00000,25.00000,6.00000,5.00000,6.00000
NDA,NHLattice,VS-i-run12/343_1,17.00000,6.00000,19.00000,14.00000,17.00000,14.00000
NDA,NHLattice,VS-i-run12/344_1,19.00000,7.00000,17.00000,18.00000,19.00000,18.00000
NDA,NHLattice,VS-i-run12/345_1,15.00000,5.00000,19.00000,12.00000,15.00000,12.00000
NDA,NHLattice,VS-i-run12/346_1,18.00000,4.00000,18.00000,18.00000,18.00000,18.00000
NDA,NHLattice,VS-i-run12/347_1,10.00000,8.00000,23.00000,9.00000,10.00000,9.00000
NDA,NHLattice,VS-i-run12/348_1,22.00000,4.00000,14.00000,23.00000,23.00000,22.00000
NDA,NHLattice,VS-i-run12/349_1,24.00000,4.00000,13.00000,22.00000,22.00000,24.00000
NDA,NHLattice,VS-i-run12/350_1,11.00000,6.00000,23.00000,10.00000,11.00000,10.00000
NDA,NHLattice,VS-i-run12/351_1,17.00000,5.00000,20.00000,17.00000,17.00000,17.00000
NDA,NHLattice,VS-i-run12/352_1,20.00000,5.00000,19.00000,16.00000,20.00000,19.00000
NDA,NHLattice,VS-i-run12/353_1,17.00000,5.00000,19.00000,16.00000,16.00000,17.00000
NDA,NHLattice,VS-i-run12/354_1,18.00000,8.00000,18.00000,17.00000,17.00000,18.00000
NDA,NHLattice,VS-i-run12/355_1,12.00000,8.00000,13.00000,21.00000,13.00000,12.00000
NDA,NHLattice,VS-i-run12/356_1,19.00000,5.00000,18.00000,18.00000,18.00000,19.00000
NDA,NHLattice,VS-i-run12/357_1,16.00000,9.00000,18.00000,17.00000,17.00000,16.00000
NDA,NHLattice,VS-i-run12/358_1,17.00000,7.00000,17.00000,17.00000,17.00000,17.00000
NDA,NHLattice,VS-i-run12/359_1,19.00000,3.00000,18.00000,17.00000,19.00000,17.00000
NDA,NHLattice,VS-i-run12/360_1,17.00000,3.00000,15.00000,20.00000,17.00000,15.00000
NDA,NHLattice,VS-i-run13/361_1,16.00000,7.00000,20.00000,13.00000,16.00000,13.00000
NDA,NHLattice,VS-i-run13/362_1,13.00000,5.00000,21.00000,12.00000,13.00000,12.00000
NDA,NHLattice,VS-i-run13/363_1,18.00000,6.00000,17.00000,17.00000,18.00000,17.00000
NDA,NHLattice,VS-i-run13/364_1,12.00000,11.00000,22.00000,11.00000,12.00000,11.00000
NDA,NHLattice,VS-i-run13/365_1,17.00000,4.00000,19.00000,17.00000,17.00000,17.00000
NDA,NHLattice,VS-i-run13/366_1,12.00000,6.00000,21.00000,12.00000,12.00000,12.00000
NDA,NHLattice,VS-i-run13/367_1,15.00000,5.00000,21.00000,13.00000,15.00000,13.00000
NDA,NHLattice,VS-i-run13/368_1,18.00000,3.00000,19.00000,17.00000,18.00000,19.00000
NDA,NHLattice,VS-i-run13/369_1,12.00000,8.00000,22.00000,12.00000,12.00000,12.00000
NDA,NHLattice,VS-i-run13/370_1,21.00000,3.00000,15.00000,21.00000,21.00000,21.00000
NDA,NHLattice,VS-i-run13/371_1,14.00000,10.00000,18.00000,14.00000,14.00000,14.00000
NDA,NHLattice,VS-i-run13/372_1,18.00000,5.00000,19.00000,17.00000,18.00000,17.00000
NDA,NHLattice,VS-i-run13/373_1,6.00000,9.00000,25.00000,6.00000,6.00000,6.00000
NDA,NHLattice,VS-i-run13/374_1,17.00000,7.00000,17.00000,18.00000,17.00000,17.00000
NDA,NHLattice,VS-i-run13/375_1,16.00000,6.00000,18.00000,17.00000,16.00000,17.00000
NDA,NHLattice,VS-i-run13/376_1,13.00000,7.00000,21.00000,14.00000,14.00000,13.00000
NDA,NHLattice,VS-i-run13/377_1,11.00000,8.00000,11.00000,22.00000,11.00000,11.00000
NDA,NHLattice,VS-i-run13/378_1,20.00000,7.00000,18.00000,18.00000,20.00000,18.00000
NDA,NHLattice,VS-i-run13/379_1,20.00000,4.00000,16.00000,18.00000,18.00000,20.00000
NDA,NHLattice,VS-i-run13/380_1,16.00000,7.00000,19.00000,16.00000,16.00000,16.00000
NDA,NHLattice,VS-i-run13/381_1,14.00000,6.00000,21.00000,13.00000,13.00000,14.00000
NDA,NHLattice,VS-i-run13/382_1,16.00000,5.00000,20.00000,14.00000,16.00000,14.00000
NDA,NHLattice,VS-i-run13/383_1,16.00000,6.00000,16.00000,19.00000,16.00000,16.00000
NDA,NHLattice,VS-i-run13/384_1,13.00000,10.00000,14.00000,20.00000,13.00000,14.00000
NDA,NHLattice,VS-i-run13/385_1,21.00000,3.00000,16.00000,20.00000,20.00000,21.00000
NDA,NHLattice,VS-i-run13/386_1,14.00000,7.00000,19.00000,15.00000,15.00000,14.00000
NDA,NHLattice,VS-i-run13/387_1,15.00000,6.00000,20.00000,15.00000,15.00000,15.00000
NDA,NHLattice,VS-i-run13/388_1,13.00000,6.00000,12.00000,22.00000,13.00000,12.00000
NDA,NHLattice,VS-i-run13/389_1,8.00000,8.00000,25.00000,7.00000,8.00000,7.00000
NDA,NHLattice,VS-i-run13/390_1,14.00000,6.00000,19.00000,17.00000,14.00000,17.00000
NDA,NHLattice,VS-i-run14/181_1,13.00000,6.00000,14.00000,20.00000,13.00000,14.00000
NDA,NHLattice,VS-i-run14/182_1,14.00000,6.00000,19.00000,16.00000,14.00000,16.00000
NDA,NHLattice,VS-i-run14/183_1,17.00000,7.00000,19.00000,16.00000,17.00000,16.00000
NDA,NHLattice,VS-i-run14/184_1,14.00000,11.00000,19.00000,16.00000,14.00000,16.00000
NDA,NHLattice,VS-i-run14/185_1,10.00000,5.00000,22.00000,12.00000,10.00000,12.00000
NDA,NHLattice,VS-i-run14/186_1,16.00000,6.00000,17.00000,19.00000,17.00000,16.00000
NDA,NHLattice,VS-i-run14/187_1,13.00000,6.00000,21.00000,11.00000,13.00000,11.00000
NDA,NHLattice,VS-i-run14/188_1,16.00000,9.00000,19.00000,17.00000,17.00000,16.00000
NDA,NHLattice,VS-i-run14/189_1,17.00000,4.00000,19.00000,15.00000,15.00000,17.00000
NDA,NHLattice,VS-i-run14/190_1,14.00000,6.00000,19.00000,15.00000,15.00000,14.00000
NDA,NHLattice,VS-i-run14/191_1,14.00000,8.00000,20.00000,14.00000,14.00000,14.00000
NDA,NHLattice,VS-i-run14/192_1,20.00000,3.00000,18.00000,17.00000,20.00000,18.00000
NDA,NHLattice,VS-i-run14/193_1,12.00000,5.00000,23.00000,11.00000,12.00000,11.00000
NDA,NHLattice,VS-i-run14/194_1,21.00000,5.00000,22.00000,15.00000,21.00000,22.00000
NDA,NHLattice,VS-i-run14/195_1,16.00000,6.00000,20.00000,15.00000,16.00000,15.00000
NDA,NHLattice,VS-i-run14/196_1,13.00000,9.00000,21.00000,14.00000,13.00000,14.00000
NDA,NHLattice,VS-i-run14/197_1,25.00000,2.00000,13.00000,23.00000,23.00000,25.00000
NDA,NHLattice,VS-i-run14/198_1,20.00000,4.00000,17.00000,21.00000,20.00000,21.00000
NDA,NHLattice,VS-i-run14/199_1,13.00000,8.00000,21.00000,13.00000,13.00000,13.00000
NDA,NHLattice,VS-i-run14/200_1,12.00000,9.00000,20.00000,13.00000,13.00000,12.00000
NDA,NHLattice,VS-i-run14/391_1,16.00000,7.00000,17.00000,18.00000,16.00000,17.00000
NDA,NHLattice,VS-i-run14/392_1,20.00000,4.00000,22.00000,16.00000,20.00000,22.00000
NDA,NHLattice,VS-i-run14/393_1,24.00000,5.00000,12.00000,23.00000,24.00000,23.00000
NDA,NHLattice,VS-i-run14/394_1,16.00000,7.00000,19.00000,13.00000,16.00000,13.00000
NDA,NHLattice,VS-i-run14/395_1,20.00000,4.00000,17.00000,21.00000,20.00000,21.00000
NDA,NHLattice,VS-i-run14/396_1,15.00000,5.00000,16.00000,20.00000,16.00000,15.00000
NDA,NHLattice,VS-i-run14/397_1,25.00000,3.00000,11.00000,25.00000,25.00000,25.00000
NDA,NHLattice,VS-i-run14/398_1,17.00000,4.00000,20.00000,18.00000,18.00000,17.00000
NDA,NHLattice,VS-i-run14/399_1,18.00000,7.00000,17.00000,18.00000,18.00000,18.00000
NDA,NHLattice,VS-i-run14/400_1,21.00000,5.00000,14.00000,24.00000,24.00000,21.00000
NDA,NHLattice,VS-i-run15/10_1,23.00000,5.00000,20.00000,16.00000,23.00000,20.00000
NDA,NHLattice,VS-i-run15/11_1,7.00000,9.00000,24.00000,8.00000,7.00000,8.00000
NDA,NHLattice,VS-i-run15/12_1,19.00000,5.00000,19.00000,18.00000,19.00000,18.00000
NDA,NHLattice,VS-i-run15/13_1,14.00000,7.00000,21.00000,13.00000,13.00000,14.00000
NDA,NHLattice,VS-i-run15/14_1,12.00000,6.00000,21.00000,12.00000,12.00000,12.00000
NDA,NHLattice,VS-i-run15/15_1,16.00000,9.00000,17.00000,16.00000,16.00000,16.00000
NDA,NHLattice,VS-i-run15/16_1,12.00000,7.00000,22.00000,11.00000,11.00000,12.00000
NDA,NHLattice,VS-i-run15/17_1,19.00000,5.00000,16.00000,17.00000,19.00000,17.00000
NDA,NHLattice,VS-i-run15/18_1,14.00000,4.00000,19.00000,17.00000,17.00000,14.00000
NDA,NHLattice,VS-i-run15/19_1,25.00000,2.00000,12.00000,23.00000,25.00000,23.00000
NDA,NHLattice,VS-i-run15/1_1,22.00000,3.00000,15.00000,21.00000,22.00000,21.00000
NDA,NHLattice,VS-i-run15/20_1,18.00000,4.00000,18.00000,18.00000,18.00000,18.00000
NDA,NHLattice,VS-i-run15/21_1,16.00000,7.00000,19.00000,15.00000,16.00000,15.00000
NDA,NHLattice,VS-i-run15/22_1,19.00000,3.00000,17.00000,19.00000,19.00000,19.00000
NDA,NHLattice,VS-i-run15/23_1,11.00000,6.00000,23.00000,11.00000,11.00000,11.00000
NDA,NHLattice,VS-i-run15/24_1,15.00000,7.00000,19.00000,16.00000,15.00000,16.00000
NDA,NHLattice,VS-i-run15/25_1,24.00000,4.00000,14.00000,21.00000,24.00000,21.00000
NDA,NHLattice,VS-i-run15/26_1,15.00000,8.00000,16.00000,19.00000,15.00000,16.00000
NDA,NHLattice,VS-i-run15/27_1,16.00000,5.00000,18.00000,18.00000,16.00000,18.00000
NDA,NHLattice,VS-i-run15/28_1,24.00000,3.00000,14.00000,24.00000,24.00000,24.00000
NDA,NHLattice,VS-i-run15/29_1,17.00000,6.00000,19.00000,15.00000,15.00000,17.00000
NDA,NHLattice,VS-i-run15/2_1,19.00000,6.00000,15.00000,19.00000,19.00000,19.00000
NDA,NHLattice,VS-i-run15/30_1,12.00000,8.00000,12.00000,21.00000,12.00000,12.00000
NDA,NHLattice,VS-i-run15/3_1,20.00000,5.00000,15.00000,22.00000,22.00000,20.00000
NDA,NHLattice,VS-i-run15/4_1,15.00000,6.00000,19.00000,14.00000,15.00000,14.00000
NDA,NHLattice,VS-i-run15/5_1,12.00000,5.00000,22.00000,12.00000,12.00000,12.00000
NDA,NHLattice,VS-i-run15/6_1,23.00000,3.00000,15.00000,22.00000,23.00000,22.00000
NDA,NHLattice,VS-i-run15/7_1,25.00000,4.00000,13.00000,23.00000,23.00000,25.00000
NDA,NHLattice,VS-i-run15/8_1,15.00000,8.00000,19.00000,14.00000,14.00000,15.00000
NDA,NHLattice,VS-i-run15/9_1,12.00000,9.00000,13.00000,20.00000,12.00000,13.00000
NDA,NHLattice,VS-i-run16/31_1,15.00000,8.00000,18.00000,15.00000,15.00000,15.00000
NDA,NHLattice,VS-i-run16/32_1,11.00000,9.00000,21.00000,12.00000,12.00000,11.00000
NDA,NHLattice,VS-i-run16/33_1,12.00000,6.00000,22.00000,13.00000,13.00000,12.00000
NDA,NHLattice,VS-i-run16/34_1,9.00000,5.00000,23.00000,11.00000,11.00000,9.00000
NDA,NHLattice,VS-i-run16/35_1,14.00000,8.00000,19.00000,14.00000,14.00000,14.00000
NDA,NHLattice,VS-i-run16/36_1,11.00000,7.00000,11.00000,22.00000,11.00000,11.00000
NDA,NHLattice,VS-i-run16/37_1,14.00000,11.00000,12.00000,18.00000,12.00000,14.00000
NDA,NHLattice,VS-i-run16/38_1,14.00000,8.00000,19.00000,14.00000,14.00000,14.00000
NDA,NHLattice,VS-i-run16/39_1,18.00000,3.00000,16.00000,19.00000,18.00000,16.00000
NDA,NHLattice,VS-i-run16/40_1,19.00000,6.00000,17.00000,17.00000,19.00000,17.00000
NDA,NHLattice,VS-i-run16/41_1,21.00000,5.00000,16.00000,20.00000,20.00000,21.00000
NDA,NHLattice,VS-i-run16/42_1,14.00000,5.00000,15.00000,20.00000,14.00000,15.00000
NDA,NHLattice,VS-i-run16/43_1,15.00000,5.00000,21.00000,16.00000,15.00000,16.00000
NDA,NHLattice,VS-i-run16/44_1,18.00000,4.00000,19.00000,17.00000,18.00000,17.00000
NDA,NHLattice,VS-i-run16/45_1,13.00000,6.00000,22.00000,11.00000,13.00000,11.00000
NDA,NHLattice,VS-i-run16/46_1,7.00000,10.00000,23.00000,8.00000,8.00000,7.00000
NDA,NHLattice,VS-i-run16/47_1,11.00000,10.00000,23.00000,10.00000,11.00000,10.00000
NDA,NHLattice,VS-i-run16/48_1,4.00000,10.00000,25.00000,4.00000,4.00000,4.00000
NDA,NHLattice,VS-i-run16/49_1,20.00000,4.00000,18.00000,16.00000,20.00000,18.00000
NDA,NHLattice,VS-i-run16/50_1,15.00000,3.00000,19.00000,17.00000,15.00000,19.00000
NDA,NHLattice,VS-i-run16/51_1,18.00000,6.00000,17.00000,18.00000,18.00000,18.00000
NDA,NHLattice,VS-i-run16/52_1,16.00000,9.00000,17.00000,16.00000,16.00000,16.00000
NDA,NHLattice,VS-i-run16/53_1,12.00000,9.00000,21.00000,12.00000,12.00000,12.00000
NDA,NHLattice,VS-i-run16/54_1,14.00000,8.00000,20.00000,15.00000,14.00000,15.00000
NDA,NHLattice,VS-i-run16/55_1,14.00000,8.00000,15.00000,20.00000,14.00000,15.00000
NDA,NHLattice,VS-i-run16/56_1,17.00000,6.00000,19.00000,18.00000,18.00000,17.00000
NDA,NHLattice,VS-i-run16/57_1,4.00000,10.00000,4.00000,26.00000,4.00000,4.00000
NDA,NHLattice,VS-i-run16/58_1,19.00000,4.00000,19.00000,16.00000,19.00000,16.00000
NDA,NHLattice,VS-i-run16/59_1,15.00000,4.00000,20.00000,15.00000,15.00000,15.00000
NDA,NHLattice,VS-i-run16/60_1,20.00000,5.00000,16.00000,19.00000,20.00000,19.00000
NDA,NHLattice,VS-i-run17/61_1,19.00000,7.00000,17.00000,16.00000,16.00000,19.00000
NDA,NHLattice,VS-i-run17/62_1,13.00000,4.00000,22.00000,13.00000,13.00000,13.00000
NDA,NHLattice,VS-i-run17/63_1,8.00000,10.00000,24.00000,8.00000,8.00000,8.00000
NDA,NHLattice,VS-i-run17/64_1,8.00000,7.00000,24.00000,8.00000,8.00000,8.00000
NDA,NHLattice,VS-i-run17/65_1,19.00000,7.00000,18.00000,18.00000,19.00000,18.00000
NDA,NHLattice,VS-i-run17/66_1,22.00000,5.00000,15.00000,22.00000,22.00000,22.00000
NDA,NHLattice,VS-i-run17/67_1,18.00000,3.00000,18.00000,18.00000,18.00000,18.00000
NDA,NHLattice,VS-i-run17/68_1,18.00000,7.00000,17.00000,17.00000,18.00000,17.00000
NDA,NHLattice,VS-i-run17/69_1,23.00000,3.00000,13.00000,22.00000,23.00000,22.00000
NDA,NHLattice,VS-i-run17/70_1,20.00000,6.00000,17.00000,18.00000,17.00000,20.00000
NDA,NHLattice,VS-i-run17/71_1,11.00000,5.00000,22.00000,11.00000,11.00000,11.00000
NDA,NHLattice,VS-i-run17/72_1,24.00000,2.00000,22.00000,14.00000,24.00000,22.00000
NDA,NHLattice,VS-i-run17/73_1,21.00000,3.00000,20.00000,16.00000,21.00000,20.00000
NDA,NHLattice,VS-i-run17/74_1,13.00000,8.00000,22.00000,12.00000,12.00000,13.00000
NDA,NHLattice,VS-i-run17/75_1,17.00000,4.00000,18.00000,16.00000,16.00000,17.00000
NDA,NHLattice,VS-i-run17/76_1,15.00000,6.00000,20.00000,14.00000,14.00000,15.00000
NDA,NHLattice,VS-i-run17/77_1,11.00000,7.00000,12.00000,21.00000,12.00000,11.00000
NDA,NHLattice,VS-i-run17/78_1,20.00000,6.00000,16.00000,22.00000,22.00000,20.00000
NDA,NHLattice,VS-i-run17/79_1,17.00000,7.00000,16.00000,19.00000,16.00000,17.00000
NDA,NHLattice,VS-i-run17/80_1,22.00000,6.00000,16.00000,21.00000,22.00000,21.00000
NDA,NHLattice,VS-i-run17/81_1,6.00000,11.00000,24.00000,6.00000,6.00000,6.00000
NDA,NHLattice,VS-i-run17/82_1,8.00000,6.00000,24.00000,7.00000,8.00000,7.00000
NDA,NHLattice,VS-i-run17/83_1,15.00000,7.00000,20.00000,14.00000,15.00000,14.00000
NDA,NHLattice,VS-i-run17/84_1,24.00000,3.00000,14.00000,20.00000,24.00000,20.00000
NDA,NHLattice,VS-i-run17/85_1,13.00000,9.00000,22.00000,12.00000,13.00000,12.00000
NDA,NHLattice,VS-i-run17/86_1,15.00000,8.00000,20.00000,14.00000,15.00000,14.00000
NDA,NHLattice,VS-i-run17/87_1,13.00000,4.00000,22.00000,14.00000,13.00000,14.00000
NDA,NHLattice,VS-i-run17/88_1,17.00000,6.00000,15.00000,20.00000,17.00000,20.00000
NDA,NHLattice,VS-i-run17/89_1,13.00000,6.00000,22.00000,13.00000,13.00000,13.00000
NDA,NHLattice,VS-i-run17/90_1,16.00000,6.00000,18.00000,15.00000,16.00000,15.00000
NDA,NHLattice,VS-i-run18/100_1,13.00000,6.00000,21.00000,15.00000,13.00000,15.00000
NDA,NHLattice,VS-i-run18/101_1,14.00000,6.00000,20.00000,13.00000,14.00000,13.00000
NDA,NHLattice,VS-i-run18/102_1,10.00000,5.00000,8.00000,24.00000,10.00000,8.00000
NDA,NHLattice,VS-i-run18/103_1,14.00000,11.00000,14.00000,16.00000,14.00000,14.00000
NDA,NHLattice,VS-i-run18/104_1,13.00000,8.00000,21.00000,13.00000,13.00000,13.00000
NDA,NHLattice,VS-i-run18/105_1,14.00000,10.00000,19.00000,13.00000,14.00000,13.00000
NDA,NHLattice,VS-i-run18/106_1,13.00000,6.00000,22.00000,12.00000,12.00000,13.00000
NDA,NHLattice,VS-i-run18/107_1,15.00000,6.00000,16.00000,18.00000,15.00000,16.00000
NDA,NHLattice,VS-i-run18/108_1,14.00000,6.00000,20.00000,13.00000,14.00000,13.00000
NDA,NHLattice,VS-i-run18/109_1,11.00000,8.00000,12.00000,23.00000,11.00000,12.00000
NDA,NHLattice,VS-i-run18/110_1,18.00000,5.00000,19.00000,17.00000,18.00000,19.00000
NDA,NHLattice,VS-i-run18/111_1,12.00000,5.00000,23.00000,11.00000,11.00000,12.00000
NDA,NHLattice,VS-i-run18/112_1,16.00000,7.00000,16.00000,18.00000,16.00000,18.00000
NDA,NHLattice,VS-i-run18/113_1,17.00000,4.00000,19.00000,16.00000,17.00000,16.00000
NDA,NHLattice,VS-i-run18/114_1,18.00000,7.00000,19.00000,15.00000,18.00000,15.00000
NDA,NHLattice,VS-i-run18/115_1,14.00000,9.00000,21.00000,15.00000,15.00000,14.00000
NDA,NHLattice,VS-i-run18/116_1,13.00000,8.00000,21.00000,13.00000,13.00000,13.00000
NDA,NHLattice,VS-i-run18/117_1,15.00000,7.00000,15.00000,19.00000,15.00000,15.00000
NDA,NHLattice,VS-i-run18/118_1,13.00000,10.00000,21.00000,12.00000,13.00000,12.00000
NDA,NHLattice,VS-i-run18/119_1,16.00000,5.00000,18.00000,19.00000,16.00000,18.00000
NDA,NHLattice,VS-i-run18/120_1,8.00000,11.00000,23.00000,7.00000,8.00000,7.00000
NDA,NHLattice,VS-i-run18/91_1,12.00000,7.00000,13.00000,22.00000,13.00000,12.00000
NDA,NHLattice,VS-i-run18/92_1,15.00000,6.00000,15.00000,21.00000,15.00000,15.00000
NDA,NHLattice,VS-i-run18/93_1,16.00000,7.00000,18.00000,16.00000,16.00000,16.00000
NDA,NHLattice,VS-i-run18/94_1,11.00000,7.00000,11.00000,23.00000,11.00000,11.00000
NDA,NHLattice,VS-i-run18/95_1,13.00000,6.00000,21.00000,11.00000,13.00000,11.00000
NDA,NHLattice,VS-i-run18/96_1,14.00000,4.00000,21.00000,14.00000,14.00000,14.00000
NDA,NHLattice,VS-i-run18/97_1,11.00000,7.00000,22.00000,12.00000,11.00000,12.00000
NDA,NHLattice,VS-i-run18/98_1,15.00000,4.00000,20.00000,15.00000,15.00000,15.00000
NDA,NHLattice,VS-i-run18/99_1,10.00000,9.00000,22.00000,9.00000,10.00000,9.00000
NDA,NHLattice,VS-i-run19/121_1,18.00000,5.00000,19.00000,18.00000,18.00000,18.00000
NDA,NHLattice,VS-i-run19/122_1,9.00000,7.00000,24.00000,9.00000,9.00000,9.00000
NDA,NHLattice,VS-i-run19/123_1,17.00000,6.00000,18.00000,16.00000,17.00000,16.00000
NDA,NHLattice,VS-i-run19/124_1,11.00000,8.00000,22.00000,10.00000,11.00000,10.00000
NDA,NHLattice,VS-i-run19/125_1,9.00000,8.00000,23.00000,9.00000,9.00000,9.00000
NDA,NHLattice,VS-i-run19/126_1,14.00000,5.00000,15.00000,20.00000,14.00000,15.00000
NDA,NHLattice,VS-i-run19/127_1,18.00000,6.00000,20.00000,17.00000,18.00000,17.00000
NDA,NHLattice,VS-i-run19/128_1,19.00000,5.00000,20.00000,14.00000,19.00000,20.00000
NDA,NHLattice,VS-i-run19/129_1,15.00000,6.00000,15.00000,19.00000,15.00000,15.00000
NDA,NHLattice,VS-i-run19/130_1,19.00000,3.00000,17.00000,20.00000,19.00000,20.00000
NDA,NHLattice,VS-i-run19/131_1,15.00000,6.00000,21.00000,12.00000,15.00000,12.00000
NDA,NHLattice,VS-i-run19/132_1,13.00000,10.00000,20.00000,11.00000,11.00000,13.00000
NDA,NHLattice,VS-i-run19/133_1,17.00000,7.00000,17.00000,18.00000,17.00000,18.00000
NDA,NHLattice,VS-i-run19/134_1,10.00000,10.00000,9.00000,24.00000,10.00000,9.00000
NDA,NHLattice,VS-i-run19/135_1,19.00000,3.00000,17.00000,21.00000,19.00000,21.00000
NDA,NHLattice,VS-i-run19/136_1,13.00000,7.00000,21.00000,12.00000,12.00000,13.00000
NDA,NHLattice,VS-i-run19/137_1,14.00000,6.00000,20.00000,14.00000,14.00000,14.00000
NDA,NHLattice,VS-i-run19/138_1,18.00000,9.00000,17.00000,17.00000,18.00000,17.00000
NDA,NHLattice,VS-i-run19/139_1,15.00000,7.00000,21.00000,14.00000,15.00000,14.00000
NDA,NHLattice,VS-i-run19/140_1,8.00000,4.00000,7.00000,25.00000,8.00000,7.00000
NDA,NHLattice,VS-i-run19/141_1,11.00000,8.00000,21.00000,12.00000,12.00000,11.00000
NDA,NHLattice,VS-i-run19/142_1,18.00000,6.00000,19.00000,16.00000,18.00000,19.00000
NDA,NHLattice,VS-i-run19/143_1,10.00000,6.00000,24.00000,10.00000,10.00000,10.00000
NDA,NHLattice,VS-i-run19/144_1,11.00000,10.00000,20.00000,11.00000,11.00000,11.00000
NDA,NHLattice,VS-i-run19/145_1,9.00000,6.00000,10.00000,22.00000,9.00000,10.00000
NDA,NHLattice,VS-i-run19/146_1,16.00000,5.00000,20.00000,16.00000,16.00000,16.00000
NDA,NHLattice,VS-i-run19/147_1,13.00000,8.00000,21.00000,13.00000,13.00000,13.00000
NDA,NHLattice,VS-i-run19/148_1,15.00000,4.00000,20.00000,16.00000,15.00000,16.00000
NDA,NHLattice,VS-i-run19/149_1,9.00000,5.00000,24.00000,10.00000,9.00000,10.00000
NDA,NHLattice,VS-i-run19/150_1,15.00000,7.00000,20.00000,15.00000,15.00000,15.00000
NDA,NHLattice,VS-i-run2/31_1,15.00000,6.00000,19.00000,17.00000,15.00000,17.00000
NDA,NHLattice,VS-i-run2/32_1,8.00000,13.00000,21.00000,6.00000,8.00000,6.00000
NDA,NHLattice,VS-i-run2/33_1,8.00000,7.00000,24.00000,9.00000,8.00000,9.00000
NDA,NHLattice,VS-i-run2/34_1,11.00000,7.00000,23.00000,12.00000,12.00000,11.00000
NDA,NHLattice,VS-i-run2/35_1,15.00000,9.00000,18.00000,13.00000,15.00000,13.00000
NDA,NHLattice,VS-i-run2/36_1,14.00000,7.00000,13.00000,22.00000,14.00000,13.00000
NDA,NHLattice,VS-i-run2/37_1,11.00000,9.00000,22.00000,11.00000,11.00000,11.00000
NDA,NHLattice,VS-i-run2/38_1,7.00000,10.00000,22.00000,7.00000,7.00000,7.00000
NDA,NHLattice,VS-i-run2/39_1,14.00000,5.00000,21.00000,13.00000,13.00000,14.00000
NDA,NHLattice,VS-i-run2/40_1,17.00000,5.00000,17.00000,18.00000,17.00000,17.00000
NDA,NHLattice,VS-i-run2/41_1,15.00000,8.00000,19.00000,14.00000,14.00000,15.00000
NDA,NHLattice,VS-i-run2/42_1,10.00000,8.00000,21.00000,10.00000,10.00000,10.00000
NDA,NHLattice,VS-i-run2/43_1,11.00000,8.00000,22.00000,10.00000,10.00000,11.00000
NDA,NHLattice,VS-i-run2/44_1,15.00000,10.00000,14.00000,18.00000,14.00000,15.00000
NDA,NHLattice,VS-i-run2/45_1,3.00000,6.00000,27.00000,4.00000,3.00000,4.00000
NDA,NHLattice,VS-i-run2/46_1,9.00000,12.00000,22.00000,9.00000,9.00000,9.00000
NDA,NHLattice,VS-i-run2/47_1,18.00000,7.00000,16.00000,18.00000,18.00000,18.00000
NDA,NHLattice,VS-i-run2/48_1,16.00000,7.00000,17.00000,17.00000,17.00000,16.00000
NDA,NHLattice,VS-i-run2/49_1,9.00000,7.00000,24.00000,9.00000,9.00000,9.00000
NDA,NHLattice,VS-i-run2/50_1,19.00000,8.00000,19.00000,14.00000,19.00000,19.00000
NDA,NHLattice,VS-i-run2/51_1,19.00000,5.00000,18.00000,17.00000,19.00000,17.00000
NDA,NHLattice,VS-i-run2/52_1,16.00000,9.00000,15.00000,16.00000,16.00000,15.00000
NDA,NHLattice,VS-i-run2/53_1,10.00000,9.00000,23.00000,9.00000,9.00000,10.00000
NDA,NHLattice,VS-i-run2/54_1,11.00000,8.00000,23.00000,12.00000,12.00000,11.00000
NDA,NHLattice,VS-i-run2/55_1,14.00000,7.00000,22.00000,13.00000,14.00000,13.00000
NDA,NHLattice,VS-i-run2/56_1,18.00000,5.00000,16.00000,19.00000,18.00000,16.00000
NDA,NHLattice,VS-i-run2/57_1,19.00000,2.00000,16.00000,16.00000,19.00000,16.00000
NDA,NHLattice,VS-i-run2/58_1,21.00000,4.00000,22.00000,15.00000,21.00000,22.00000
NDA,NHLattice,VS-i-run2/59_1,16.00000,4.00000,19.00000,16.00000,16.00000,16.00000
NDA,NHLattice,VS-i-run2/60_1,14.00000,10.00000,18.00000,15.00000,14.00000,15.00000
NDA,NHLattice,VS-i-run20/151_1,14.00000,5.00000,20.00000,14.00000,14.00000,14.00000
NDA,NHLattice,VS-i-run20/152_1,15.00000,6.00000,20.00000,17.00000,15.00000,17.00000
NDA,NHLattice,VS-i-run20/153_1,20.00000,6.00000,16.00000,20.00000,20.00000,20.00000
NDA,NHLattice,VS-i-run20/154_1,23.00000,4.00000,14.00000,24.00000,23.00000,24.00000
NDA,NHLattice,VS-i-run20/155_1,12.00000,8.00000,23.00000,11.00000,11.00000,12.00000
NDA,NHLattice,VS-i-run20/156_1,10.00000,12.00000,21.00000,10.00000,10.00000,10.00000
NDA,NHLattice,VS-i-run20/157_1,22.00000,4.00000,15.00000,21.00000,21.00000,22.00000
NDA,NHLattice,VS-i-run20/158_1,18.00000,5.00000,17.00000,20.00000,20.00000,18.00000
NDA,NHLattice,VS-i-run20/159_1,20.00000,3.00000,20.00000,17.00000,20.00000,20.00000
NDA,NHLattice,VS-i-run20/160_1,18.00000,6.00000,18.00000,16.00000,18.00000,16.00000
NDA,NHLattice,VS-i-run20/161_1,21.00000,3.00000,16.00000,21.00000,21.00000,21.00000
NDA,NHLattice,VS-i-run20/162_1,21.00000,4.00000,16.00000,22.00000,21.00000,22.00000
NDA,NHLattice,VS-i-run20/163_1,15.00000,6.00000,19.00000,14.00000,15.00000,14.00000
NDA,NHLattice,VS-i-run20/164_1,16.00000,4.00000,19.00000,15.00000,16.00000,15.00000
NDA,NHLattice,VS-i-run20/165_1,14.00000,7.00000,13.00000,22.00000,14.00000,13.00000
NDA,NHLattice,VS-i-run20/166_1,13.00000,5.00000,22.00000,13.00000,13.00000,13.00000
NDA,NHLattice,VS-i-run20/167_1,19.00000,3.00000,19.00000,16.00000,19.00000,16.00000
NDA,NHLattice,VS-i-run20/168_1,16.00000,7.00000,19.00000,16.00000,16.00000,16.00000
NDA,NHLattice,VS-i-run20/169_1,17.00000,7.00000,17.00000,17.00000,17.00000,17.00000
NDA,NHLattice,VS-i-run20/170_1,16.00000,7.00000,18.00000,16.00000,16.00000,16.00000
NDA,NHLattice,VS-i-run20/171_1,25.00000,2.00000,13.00000,24.00000,24.00000,25.00000
NDA,NHLattice,VS-i-run20/172_1,15.00000,4.00000,20.00000,15.00000,15.00000,15.00000
NDA,NHLattice,VS-i-run20/173_1,6.00000,8.00000,25.00000,6.00000,6.00000,6.00000
NDA,NHLattice,VS-i-run20/174_1,17.00000,8.00000,20.00000,17.00000,17.00000,20.00000
NDA,NHLattice,VS-i-run20/175_1,17.00000,5.00000,15.00000,19.00000,17.00000,15.00000
NDA,NHLattice,VS-i-run20/176_1,16.00000,7.00000,18.00000,16.00000,16.00000,16.00000
NDA,NHLattice,VS-i-run20/177_1,12.00000,6.00000,21.00000,13.00000,12.00000,13.00000
NDA,NHLattice,VS-i-run20/178_1,15.00000,5.00000,21.00000,12.00000,15.00000,12.00000
NDA,NHLattice,VS-i-run20/179_1,15.00000,4.00000,19.00000,16.00000,15.00000,16.00000
NDA,NHLattice,VS-i-run20/180_1,13.00000,8.00000,13.00000,21.00000,13.00000,13.00000
NDA,NHLattice,VS-i-run3/61_1,17.00000,7.00000,19.00000,15.00000,15.00000,17.00000
NDA,NHLattice,VS-i-run3/62_1,17.00000,8.00000,17.00000,16.00000,17.00000,16.00000
NDA,NHLattice,VS-i-run3/63_1,15.00000,9.00000,15.00000,19.00000,15.00000,15.00000
NDA,NHLattice,VS-i-run3/64_1,15.00000,5.00000,19.00000,19.00000,15.00000,19.00000
NDA,NHLattice,VS-i-run3/65_1,12.00000,8.00000,12.00000,22.00000,12.00000,12.00000
NDA,NHLattice,VS-i-run3/66_1,13.00000,5.00000,21.00000,15.00000,15.00000,13.00000
NDA,NHLattice,VS-i-run3/67_1,9.00000,8.00000,22.00000,12.00000,9.00000,12.00000
NDA,NHLattice,VS-i-run3/68_1,9.00000,8.00000,22.00000,9.00000,9.00000,9.00000
NDA,NHLattice,VS-i-run3/69_1,10.00000,11.00000,22.00000,9.00000,10.00000,9.00000
NDA,NHLattice,VS-i-run3/70_1,9.00000,8.00000,23.00000,8.00000,9.00000,8.00000
NDA,NHLattice,VS-i-run3/71_1,9.00000,9.00000,20.00000,10.00000,10.00000,9.00000
NDA,NHLattice,VS-i-run3/72_1,13.00000,7.00000,21.00000,13.00000,13.00000,13.00000
NDA,NHLattice,VS-i-run3/73_1,19.00000,4.00000,16.00000,18.00000,19.00000,18.00000
NDA,NHLattice,VS-i-run3/74_1,16.00000,7.00000,17.00000,17.00000,16.00000,17.00000
NDA,NHLattice,VS-i-run3/75_1,10.00000,8.00000,22.00000,12.00000,10.00000,12.00000
NDA,NHLattice,VS-i-run3/76_1,16.00000,6.00000,15.00000,19.00000,15.00000,16.00000
NDA,NHLattice,VS-i-run3/77_1,19.00000,5.00000,16.00000,22.00000,22.00000,19.00000
NDA,NHLattice,VS-i-run3/78_1,18.00000,6.00000,17.00000,18.00000,18.00000,18.00000
NDA,NHLattice,VS-i-run3/79_1,17.00000,6.00000,18.00000,18.00000,17.00000,18.00000
NDA,NHLattice,VS-i-run3/80_1,19.00000,5.00000,17.00000,19.00000,19.00000,19.00000
NDA,NHLattice,VS-i-run3/81_1,12.00000,7.00000,22.00000,13.00000,12.00000,13.00000
NDA,NHLattice,VS-i-run3/82_1,18.00000,6.00000,18.00000,16.00000,18.00000,16.00000
NDA,NHLattice,VS-i-run3/83_1,19.00000,6.00000,17.00000,17.00000,17.00000,19.00000
NDA,NHLattice,VS-i-run3/84_1,17.00000,10.00000,16.00000,14.00000,14.00000,17.00000
NDA,NHLattice,VS-i-run3/85_1,14.00000,8.00000,22.00000,12.00000,14.00000,12.00000
NDA,NHLattice,VS-i-run3/86_1,19.00000,4.00000,17.00000,21.00000,21.00000,19.00000
NDA,NHLattice,VS-i-run3/87_1,15.00000,6.00000,19.00000,15.00000,15.00000,15.00000
NDA,NHLattice,VS-i-run3/88_1,11.00000,6.00000,12.00000,22.00000,12.00000,11.00000
NDA,NHLattice,VS-i-run3/89_1,20.00000,4.00000,15.00000,22.00000,22.00000,20.00000
NDA,NHLattice,VS-i-run3/90_1,16.00000,5.00000,20.00000,16.00000,16.00000,16.00000
NDA,NHLattice,VS-i-run4/100_1,17.00000,3.00000,18.00000,18.00000,18.00000,17.00000
NDA,NHLattice,VS-i-run4/101_1,11.00000,12.00000,11.00000,20.00000,11.00000,11.00000
NDA,NHLattice,VS-i-run4/102_1,17.00000,4.00000,17.00000,19.00000,17.00000,19.00000
NDA,NHLattice,VS-i-run4/103_1,23.00000,2.00000,25.00000,12.00000,23.00000,25.00000
NDA,NHLattice,VS-i-run4/104_1,23.00000,3.00000,16.00000,20.00000,23.00000,20.00000
NDA,NHLattice,VS-i-run4/105_1,25.00000,3.00000,12.00000,25.00000,25.00000,25.00000
NDA,NHLattice,VS-i-run4/106_1,8.00000,7.00000,24.00000,8.00000,8.00000,8.00000
NDA,NHLattice,VS-i-run4/107_1,21.00000,3.00000,17.00000,22.00000,22.00000,21.00000
NDA,NHLattice,VS-i-run4/108_1,14.00000,5.00000,21.00000,15.00000,15.00000,14.00000
NDA,NHLattice,VS-i-run4/109_1,17.00000,4.00000,19.00000,16.00000,17.00000,16.00000
NDA,NHLattice,VS-i-run4/110_1,15.00000,7.00000,21.00000,15.00000,15.00000,15.00000
NDA,NHLattice,VS-i-run4/111_1,22.00000,3.00000,14.00000,22.00000,22.00000,22.00000
NDA,NHLattice,VS-i-run4/112_1,8.00000,7.00000,25.00000,8.00000,8.00000,8.00000
NDA,NHLattice,VS-i-run4/113_1,12.00000,8.00000,21.00000,11.00000,12.00000,11.00000
NDA,NHLattice,VS-i-run4/114_1,12.00000,7.00000,22.00000,10.00000,12.00000,10.00000
NDA,NHLattice,VS-i-run4/115_1,19.00000,7.00000,20.00000,16.00000,20.00000,19.00000
NDA,NHLattice,VS-i-run4/116_1,20.00000,5.00000,15.00000,20.00000,20.00000,20.00000
NDA,NHLattice,VS-i-run4/117_1,19.00000,4.00000,17.00000,17.00000,19.00000,17.00000
NDA,NHLattice,VS-i-run4/118_1,17.00000,6.00000,17.00000,17.00000,17.00000,17.00000
NDA,NHLattice,VS-i-run4/119_1,23.00000,3.00000,14.00000,22.00000,23.00000,22.00000
NDA,NHLattice,VS-i-run4/120_1,15.00000,5.00000,18.00000,16.00000,16.00000,15.00000
NDA,NHLattice,VS-i-run4/91_1,9.00000,7.00000,24.00000,9.00000,9.00000,9.00000
NDA,NHLattice,VS-i-run4/92_1,16.00000,5.00000,18.00000,18.00000,16.00000,18.00000
NDA,NHLattice,VS-i-run4/93_1,22.00000,3.00000,14.00000,23.00000,22.00000,23.00000
NDA,NHLattice,VS-i-run4/94_1,14.00000,8.00000,21.00000,12.00000,14.00000,12.00000
NDA,NHLattice,VS-i-run4/95_1,20.00000,4.00000,18.00000,16.00000,20.00000,16.00000
NDA,NHLattice,VS-i-run4/96_1,19.00000,3.00000,17.00000,20.00000,19.00000,20.00000
NDA,NHLattice,VS-i-run4/97_1,21.00000,3.00000,16.00000,20.00000,20.00000,21.00000
NDA,NHLattice,VS-i-run4/98_1,18.00000,4.00000,19.00000,18.00000,18.00000,18.00000
NDA,NHLattice,VS-i-run4/99_1,21.00000,3.00000,17.00000,19.00000,19.00000,21.00000
NDA,NHLattice,VS-i-run5/121_1,22.00000,4.00000,14.00000,20.00000,22.00000,20.00000
NDA,NHLattice,VS-i-run5/122_1,6.00000,8.00000,24.00000,6.00000,6.00000,6.00000
NDA,NHLattice,VS-i-run5/123_1,13.00000,12.00000,20.00000,12.00000,13.00000,12.00000
NDA,NHLattice,VS-i-run5/124_1,16.00000,7.00000,20.00000,15.00000,15.00000,16.00000
NDA,NHLattice,VS-i-run5/125_1,22.00000,4.00000,16.00000,21.00000,21.00000,22.00000
NDA,NHLattice,VS-i-run5/126_1,16.00000,6.00000,20.00000,15.00000,16.00000,15.00000
NDA,NHLattice,VS-i-run5/127_1,17.00000,8.00000,17.00000,19.00000,17.00000,19.00000
NDA,NHLattice,VS-i-run5/128_1,19.00000,5.00000,19.00000,14.00000,14.00000,19.00000
NDA,NHLattice,VS-i-run5/129_1,10.00000,11.00000,9.00000,22.00000,10.00000,9.00000
NDA,NHLattice,VS-i-run5/130_1,14.00000,4.00000,21.00000,12.00000,14.00000,12.00000
NDA,NHLattice,VS-i-run5/131_1,15.00000,6.00000,18.00000,15.00000,15.00000,15.00000
NDA,NHLattice,VS-i-run5/132_1,11.00000,6.00000,23.00000,11.00000,11.00000,11.00000
NDA,NHLattice,VS-i-run5/133_1,16.00000,4.00000,20.00000,17.00000,16.00000,17.00000
NDA,NHLattice,VS-i-run5/134_1,17.00000,6.00000,19.00000,15.00000,15.00000,17.00000
NDA,NHLattice,VS-i-run5/135_1,18.00000,4.00000,18.00000,17.00000,18.00000,17.00000
NDA,NHLattice,VS-i-run5/136_1,24.00000,5.00000,23.00000,13.00000,24.00000,23.00000
NDA,NHLattice,VS-i-run5/137_1,15.00000,6.00000,19.00000,14.00000,15.00000,14.00000
NDA,NHLattice,VS-i-run5/138_1,10.00000,8.00000,21.00000,12.00000,10.00000,12.00000
NDA,NHLattice,VS-i-run5/139_1,18.00000,5.00000,17.00000,16.00000,18.00000,16.00000
NDA,NHLattice,VS-i-run5/140_1,14.00000,7.00000,20.00000,12.00000,14.00000,12.00000
NDA,NHLattice,VS-i-run5/141_1,14.00000,6.00000,20.00000,14.00000,14.00000,14.00000
NDA,NHLattice,VS-i-run5/142_1,11.00000,5.00000,22.00000,11.00000,11.00000,11.00000
NDA,NHLattice,VS-i-run5/143_1,12.00000,9.00000,20.00000,13.00000,12.00000,13.00000
NDA,NHLattice,VS-i-run5/144_1,15.00000,8.00000,20.00000,14.00000,15.00000,14.00000
NDA,NHLattice,VS-i-run5/145_1,8.00000,8.00000,25.00000,8.00000,8.00000,8.00000
NDA,NHLattice,VS-i-run5/146_1,16.00000,9.00000,17.00000,14.00000,16.00000,14.00000
NDA,NHLattice,VS-i-run5/147_1,16.00000,8.00000,12.00000,19.00000,16.00000,12.00000
NDA,NHLattice,VS-i-run5/148_1,11.00000,10.00000,20.00000,11.00000,11.00000,11.00000
NDA,NHLattice,VS-i-run5/149_1,23.00000,5.00000,11.00000,24.00000,23.00000,24.00000
NDA,NHLattice,VS-i-run5/150_1,13.00000,9.00000,20.00000,13.00000,13.00000,13.00000
NDA,NHLattice,VS-i-run6/151_1,19.00000,8.00000,15.00000,18.00000,19.00000,18.00000
NDA,NHLattice,VS-i-run6/152_1,14.00000,6.00000,20.00000,16.00000,16.00000,14.00000
NDA,NHLattice,VS-i-run6/153_1,14.00000,7.00000,21.00000,14.00000,14.00000,14.00000
NDA,NHLattice,VS-i-run6/154_1,20.00000,3.00000,19.00000,15.00000,20.00000,19.00000
NDA,NHLattice,VS-i-run6/155_1,11.00000,8.00000,21.00000,12.00000,11.00000,12.00000
NDA,NHLattice,VS-i-run6/156_1,14.00000,6.00000,21.00000,16.00000,14.00000,16.00000
NDA,NHLattice,VS-i-run6/157_1,22.00000,5.00000,15.00000,23.00000,23.00000,22.00000
NDA,NHLattice,VS-i-run6/158_1,11.00000,4.00000,12.00000,23.00000,11.00000,12.00000
NDA,NHLattice,VS-i-run6/159_1,14.00000,8.00000,21.00000,14.00000,14.00000,14.00000
NDA,NHLattice,VS-i-run6/160_1,13.00000,6.00000,22.00000,14.00000,14.00000,13.00000
NDA,NHLattice,VS-i-run6/161_1,15.00000,9.00000,16.00000,18.00000,15.00000,18.00000
NDA,NHLattice,VS-i-run6/162_1,16.00000,7.00000,20.00000,16.00000,16.00000,16.00000
NDA,NHLattice,VS-i-run6/163_1,21.00000,3.00000,15.00000,23.00000,23.00000,21.00000
NDA,NHLattice,VS-i-run6/164_1,8.00000,11.00000,8.00000,22.00000,8.00000,8.00000
NDA,NHLattice,VS-i-run6/165_1,20.00000,3.00000,20.00000,16.00000,20.00000,20.00000
NDA,NHLattice,VS-i-run6/166_1,10.00000,9.00000,24.00000,10.00000,10.00000,10.00000
NDA,NHLattice,VS-i-run6/167_1,10.00000,10.00000,21.00000,8.00000,10.00000,8.00000
NDA,NHLattice,VS-i-run6/168_1,18.00000,5.00000,18.00000,17.00000,18.00000,17.00000
NDA,NHLattice,VS-i-run6/169_1,15.00000,6.00000,20.00000,14.00000,14.00000,15.00000
NDA,NHLattice,VS-i-run6/170_1,16.00000,5.00000,18.00000,18.00000,16.00000,18.00000
NDA,NHLattice,VS-i-run6/171_1,13.00000,9.00000,21.00000,13.00000,13.00000,13.00000
NDA,NHLattice,VS-i-run6/172_1,10.00000,10.00000,24.00000,9.00000,10.00000,9.00000
NDA,NHLattice,VS-i-run6/173_1,22.00000,3.00000,13.00000,22.00000,22.00000,22.00000
NDA,NHLattice,VS-i-run6/174_1,20.00000,6.00000,17.00000,20.00000,20.00000,20.00000
NDA,NHLattice,VS-i-run6/175_1,19.00000,8.00000,17.00000,17.00000,19.00000,17.00000
NDA,NHLattice,VS-i-run6/176_1,19.00000,7.00000,18.00000,16.00000,19.00000,18.00000
NDA,NHLattice,VS-i-run6/177_1,16.00000,6.00000,19.00000,16.00000,16.00000,16.00000
NDA,NHLattice,VS-i-run6/178_1,13.00000,7.00000,20.00000,14.00000,13.00000,14.00000
NDA,NHLattice,VS-i-run6/179_1,11.00000,9.00000,21.00000,12.00000,12.00000,11.00000
NDA,NHLattice,VS-i-run6/180_1,18.00000,6.00000,19.00000,17.00000,18.00000,17.00000
NDA,NHLattice,VS-i-run7/181_1,14.00000,6.00000,19.00000,16.00000,14.00000,16.00000
NDA,NHLattice,VS-i-run7/182_1,15.00000,7.00000,18.00000,18.00000,15.00000,18.00000
NDA,NHLattice,VS-i-run7/183_1,18.00000,8.00000,17.00000,18.00000,18.00000,18.00000
NDA,NHLattice,VS-i-run7/184_1,10.00000,5.00000,23.00000,12.00000,10.00000,12.00000
NDA,NHLattice,VS-i-run7/185_1,17.00000,5.00000,18.00000,18.00000,17.00000,18.00000
NDA,NHLattice,VS-i-run7/186_1,6.00000,11.00000,24.00000,5.00000,6.00000,5.00000
NDA,NHLattice,VS-i-run7/187_1,16.00000,7.00000,18.00000,17.00000,17.00000,16.00000
NDA,NHLattice,VS-i-run7/188_1,17.00000,6.00000,17.00000,18.00000,17.00000,18.00000
NDA,NHLattice,VS-i-run7/189_1,11.00000,8.00000,22.00000,11.00000,11.00000,11.00000
NDA,NHLattice,VS-i-run7/190_1,19.00000,5.00000,17.00000,19.00000,19.00000,19.00000
NDA,NHLattice,VS-i-run7/191_1,12.00000,6.00000,11.00000,22.00000,12.00000,11.00000
NDA,NHLattice,VS-i-run7/192_1,13.00000,10.00000,18.00000,13.00000,13.00000,13.00000
NDA,NHLattice,VS-i-run7/193_1,16.00000,8.00000,18.00000,18.00000,16.00000,18.00000
NDA,NHLattice,VS-i-run7/194_1,9.00000,9.00000,10.00000,23.00000,9.00000,10.00000
NDA,NHLattice,VS-i-run7/195_1,21.00000,6.00000,16.00000,20.00000,21.00000,20.00000
NDA,NHLattice,VS-i-run7/196_1,21.00000,5.00000,15.00000,21.00000,21.00000,21.00000
NDA,NHLattice,VS-i-run7/197_1,16.00000,7.00000,20.00000,14.00000,16.00000,14.00000
NDA,NHLattice,VS-i-run7/198_1,17.00000,6.00000,18.00000,18.00000,18.00000,17.00000
NDA,NHLattice,VS-i-run7/199_1,18.00000,4.00000,18.00000,18.00000,18.00000,18.00000
NDA,NHLattice,VS-i-run7/200_1,12.00000,8.00000,21.00000,13.00000,12.00000,13.00000
NDA,NHLattice,VS-i-run7/201_1,10.00000,12.00000,11.00000,22.00000,10.00000,11.00000
NDA,NHLattice,VS-i-run7/202_1,14.00000,8.00000,20.00000,15.00000,15.00000,14.00000
NDA,NHLattice,VS-i-run7/203_1,12.00000,11.00000,20.00000,11.00000,12.00000,11.00000
NDA,NHLattice,VS-i-run7/204_1,15.00000,9.00000,19.00000,13.00000,15.00000,13.00000
NDA,NHLattice,VS-i-run7/205_1,16.00000,5.00000,16.00000,20.00000,16.00000,16.00000
NDA,NHLattice,VS-i-run7/206_1,12.00000,5.00000,22.00000,12.00000,12.00000,12.00000
NDA,NHLattice,VS-i-run7/207_1,18.00000,4.00000,19.00000,16.00000,16.00000,18.00000
NDA,NHLattice,VS-i-run7/208_1,18.00000,5.00000,17.00000,17.00000,17.00000,18.00000
NDA,NHLattice,VS-i-run7/209_1,21.00000,6.00000,15.00000,20.00000,21.00000,20.00000
NDA,NHLattice,VS-i-run7/210_1,8.00000,10.00000,23.00000,8.00000,8.00000,8.00000
NDA,NHLattice,VS-i-run8/211_1,11.00000,8.00000,11.00000,22.00000,11.00000,11.00000
NDA,NHLattice,VS-i-run8/212_1,18.00000,6.00000,17.00000,18.00000,18.00000,18.00000
NDA,NHLattice,VS-i-run8/213_1,10.00000,9.00000,21.00000,11.00000,11.00000,10.00000
NDA,NHLattice,VS-i-run8/214_1,19.00000,3.00000,17.00000,20.00000,20.00000,19.00000
NDA,NHLattice,VS-i-run8/215_1,20.00000,5.00000,16.00000,20.00000,20.00000,20.00000
NDA,NHLattice,VS-i-run8/216_1,20.00000,3.00000,20.00000,17.00000,20.00000,20.00000
NDA,NHLattice,VS-i-run8/217_1,12.00000,7.00000,12.00000,22.00000,12.00000,12.00000
NDA,NHLattice,VS-i-run8/218_1,18.00000,5.00000,19.00000,18.00000,18.00000,18.00000
NDA,NHLattice,VS-i-run8/219_1,12.00000,10.00000,23.00000,10.00000,12.00000,10.00000
NDA,NHLattice,VS-i-run8/220_1,14.00000,6.00000,21.00000,15.00000,15.00000,14.00000
NDA,NHLattice,VS-i-run8/221_1,17.00000,3.00000,19.00000,15.00000,15.00000,17.00000
NDA,NHLattice,VS-i-run8/222_1,18.00000,6.00000,19.00000,17.00000,17.00000,18.00000
NDA,NHLattice,VS-i-run8/223_1,13.00000,7.00000,21.00000,12.00000,12.00000,13.00000
NDA,NHLattice,VS-i-run8/224_1,7.00000,12.00000,24.00000,8.00000,7.00000,8.00000
NDA,NHLattice,VS-i-run8/225_1,19.00000,4.00000,16.00000,21.00000,21.00000,19.00000
NDA,NHLattice,VS-i-run8/226_1,22.00000,5.00000,21.00000,14.00000,21.00000,22.00000
NDA,NHLattice,VS-i-run8/227_1,16.00000,6.00000,20.00000,15.00000,16.00000,15.00000
NDA,NHLattice,VS-i-run8/228_1,15.00000,6.00000,19.00000,15.00000,15.00000,15.00000
NDA,NHLattice,VS-i-run8/229_1,12.00000,10.00000,20.00000,11.00000,12.00000,11.00000
NDA,NHLattice,VS-i-run8/230_1,15.00000,8.00000,13.00000,20.00000,15.00000,13.00000
NDA,NHLattice,VS-i-run8/231_1,19.00000,3.00000,18.00000,20.00000,19.00000,20.00000
NDA,NHLattice,VS-i-run8/232_1,19.00000,5.00000,16.00000,18.00000,18.00000,19.00000
NDA,NHLattice,VS-i-run8/233_1,24.00000,3.00000,12.00000,23.00000,24.00000,23.00000
NDA,NHLattice,VS-i-run8/234_1,15.00000,7.00000,15.00000,20.00000,15.00000,15.00000
NDA,NHLattice,VS-i-run8/235_1,11.00000,6.00000,23.00000,12.00000,12.00000,11.00000
NDA,NHLattice,VS-i-run8/236_1,16.00000,4.00000,19.00000,17.00000,17.00000,16.00000
NDA,NHLattice,VS-i-run8/237_1,11.00000,7.00000,23.00000,10.00000,10.00000,11.00000
NDA,NHLattice,VS-i-run8/238_1,22.00000,3.00000,16.00000,19.00000,22.00000,19.00000
NDA,NHLattice,VS-i-run8/239_1,18.00000,4.00000,19.00000,15.00000,15.00000,18.00000
NDA,NHLattice,VS-i-run8/240_1,17.00000,5.00000,19.00000,19.00000,17.00000,19.00000
NDA,NHLattice,VS-i-run9/241_1,14.00000,9.00000,21.00000,14.00000,14.00000,14.00000
NDA,NHLattice,VS-i-run9/242_1,11.00000,8.00000,21.00000,12.00000,12.00000,11.00000
NDA,NHLattice,VS-i-run9/243_1,10.00000,13.00000,19.00000,10.00000,10.00000,10.00000
NDA,NHLattice,VS-i-run9/244_1,8.00000,7.00000,25.00000,8.00000,8.00000,8.00000
NDA,NHLattice,VS-i-run9/245_1,15.00000,6.00000,18.00000,16.00000,16.00000,15.00000
NDA,NHLattice,VS-i-run9/246_1,12.00000,4.00000,23.00000,10.00000,10.00000,12.00000
NDA,NHLattice,VS-i-run9/247_1,7.00000,6.00000,24.00000,8.00000,7.00000,8.00000
NDA,NHLattice,VS-i-run9/248_1,17.00000,7.00000,16.00000,19.00000,17.00000,16.00000
NDA,NHLattice,VS-i-run9/249_1,19.00000,7.00000,16.00000,18.00000,19.00000,18.00000
NDA,NHLattice,VS-i-run9/250_1,11.00000,8.00000,21.00000,13.00000,13.00000,11.00000
NDA,NHLattice,VS-i-run9/251_1,17.00000,6.00000,19.00000,16.00000,17.00000,16.00000
NDA,NHLattice,VS-i-run9/252_1,17.00000,5.00000,19.00000,15.00000,15.00000,17.00000
NDA,NHLattice,VS-i-run9/253_1,17.00000,9.00000,16.00000,17.00000,17.00000,16.00000
NDA,NHLattice,VS-i-run9/254_1,23.00000,3.00000,15.00000,22.00000,23.00000,22.00000
NDA,NHLattice,VS-i-run9/255_1,19.00000,3.00000,18.00000,19.00000,19.00000,19.00000
NDA,NHLattice,VS-i-run9/256_1,22.00000,5.00000,21.00000,15.00000,21.00000,22.00000
NDA,NHLattice,VS-i-run9/257_1,20.00000,5.00000,17.00000,22.00000,22.00000,20.00000
NDA,NHLattice,VS-i-run9/258_1,19.00000,5.00000,17.00000,18.00000,19.00000,18.00000
NDA,NHLattice,VS-i-run9/259_1,14.00000,5.00000,20.00000,14.00000,14.00000,14.00000
NDA,NHLattice,VS-i-run9/260_1,15.00000,5.00000,16.00000,19.00000,15.00000,16.00000
NDA,NHLattice,VS-i-run9/261_1,17.00000,9.00000,17.00000,16.00000,17.00000,17.00000
NDA,NHLattice,VS-i-run9/262_1,22.00000,4.00000,12.00000,22.00000,22.00000,22.00000
NDA,NHLattice,VS-i-run9/263_1,9.00000,8.00000,23.00000,10.00000,9.00000,10.00000
NDA,NHLattice,VS-i-run9/264_1,22.00000,4.00000,15.00000,23.00000,23.00000,22.00000
NDA,NHLattice,VS-i-run9/265_1,20.00000,6.00000,19.00000,15.00000,19.00000,20.00000
NDA,NHLattice,VS-i-run9/266_1,16.00000,5.00000,19.00000,17.00000,16.00000,17.00000
NDA,NHLattice,VS-i-run9/267_1,10.00000,7.00000,10.00000,23.00000,10.00000,10.00000
NDA,NHLattice,VS-i-run9/268_1,15.00000,9.00000,16.00000,19.00000,16.00000,15.00000
NDA,NHLattice,VS-i-run9/269_1,18.00000,4.00000,19.00000,18.00000,18.00000,18.00000
NDA,NHLattice,VS-i-run9/270_1,12.00000,10.00000,23.00000,12.00000,12.00000,12.00000
