NDC,Model,VS-i-run1/10_1,0.33334,0.20000,0.16667,0.86667,0.16667,0.20000
NDC,Model,VS-i-run1/11_1,0.26667,0.60000,0.56667,0.53334,0.56667,0.60000
NDC,Model,VS-i-run1/12_1,0.23334,0.63334,0.70000,0.56667,0.70000,0.63334
NDC,Model,VS-i-run1/13_1,0.20000,0.63334,0.66667,0.53334,0.66667,0.63334
NDC,Model,VS-i-run1/14_1,0.23334,0.56667,0.50000,0.60000,0.50000,0.56667
NDC,Model,VS-i-run1/15_1,0.10000,0.70000,0.73334,0.53334,0.73334,0.70000
NDC,Model,VS-i-run1/16_1,0.20000,0.43334,0.43334,0.73334,0.43334,0.43334
NDC,Model,VS-i-run1/17_1,0.23334,0.60000,0.60000,0.56667,0.60000,0.60000
NDC,Model,VS-i-run1/18_1,0.23334,0.73334,0.63334,0.53334,0.63334,0.73334
NDC,Model,VS-i-run1/19_1,0.20000,0.50000,0.46667,0.60000,0.46667,0.50000
NDC,Model,VS-i-run1/1_1,0.20000,0.46667,0.56667,0.63334,0.56667,0.46667
NDC,Model,VS-i-run1/20_1,0.23334,0.66667,0.60000,0.60000,0.60000,0.66667
NDC,Model,VS-i-run1/21_1,0.26667,0.53334,0.53334,0.60000,0.53334,0.53334
NDC,Model,VS-i-run1/22_1,0.26667,0.30000,0.30000,0.76667,0.30000,0.30000
NDC,Model,VS-i-run1/23_1,0.23334,0.53334,0.46667,0.66667,0.46667,0.53334
NDC,Model,VS-i-run1/24_1,0.16667,0.70000,0.63334,0.53334,0.63334,0.70000
NDC,Model,VS-i-run1/25_1,0.33334,0.36667,0.40000,0.70000,0.40000,0.36667
NDC,Model,VS-i-run1/26_1,0.16667,0.70000,0.70000,0.46667,0.70000,0.70000
NDC,Model,VS-i-run1/27_1,0.26667,0.46667,0.50000,0.66667,0.50000,0.46667
NDC,Model,VS-i-run1/28_1,0.23334,0.53334,0.60000,0.56667,0.60000,0.53334
NDC,Model,VS-i-run1/29_1,0.16667,0.40000,0.50000,0.66667,0.50000,0.40000
NDC,Model,VS-i-run1/2_1,0.16667,0.53334,0.53334,0.66667,0.53334,0.53334
NDC,Model,VS-i-run1/30_1,0.20000,0.53334,0.46667,0.63334,0.46667,0.53334
NDC,Model,VS-i-run1/3_1,0.20000,0.60000,0.63334,0.56667,0.63334,0.60000
NDC,Model,VS-i-run1/4_1,0.23334,0.40000,0.43334,0.70000,0.43334,0.40000
NDC,Model,VS-i-run1/5_1,0.26667,0.33334,0.26667,0.76667,0.26667,0.33334
NDC,Model,VS-i-run1/6_1,0.23334,0.43334,0.46667,0.73334,0.46667,0.43334
NDC,Model,VS-i-run1/7_1,0.06667,0.66667,0.63334,0.60000,0.63334,0.66667
NDC,Model,VS-i-run1/8_1,0.30000,0.43334,0.40000,0.70000,0.40000,0.43334
NDC,Model,VS-i-run1/9_1,0.16667,0.60000,0.56667,0.60000,0.56667,0.60000
NDC,Model,VS-i-run10/271_1,0.30000,0.40000,0.43334,0.63334,0.43334,0.40000
NDC,Model,VS-i-run10/272_1,0.20000,0.40000,0.43334,0.70000,0.43334,0.40000
NDC,Model,VS-i-run10/273_1,0.26667,0.33334,0.33334,0.73334,0.33334,0.33334
NDC,Model,VS-i-run10/274_1,0.13334,0.70000,0.66667,0.53334,0.66667,0.70000
NDC,Model,VS-i-run10/275_1,0.20000,0.43334,0.36667,0.73334,0.36667,0.43334
NDC,Model,VS-i-run10/276_1,0.30000,0.40000,0.36667,0.76667,0.36667,0.40000
NDC,Model,VS-i-run10/277_1,0.20000,0.46667,0.40000,0.73334,0.40000,0.46667
NDC,Model,VS-i-run10/278_1,0.16667,0.50000,0.46667,0.70000,0.46667,0.50000
NDC,Model,VS-i-run10/279_1,0.16667,0.66667,0.70000,0.50000,0.70000,0.66667
NDC,Model,VS-i-run10/280_1,0.26667,0.36667,0.43334,0.70000,0.43334,0.36667
NDC,Model,VS-i-run10/281_1,0.26667,0.50000,0.46667,0.66667,0.46667,0.50000
NDC,Model,VS-i-run10/282_1,0.16667,0.60000,0.56667,0.60000,0.56667,0.60000
NDC,Model,VS-i-run10/283_1,0.13334,0.63334,0.56667,0.60000,0.56667,0.63334
NDC,Model,VS-i-run10/284_1,0.16667,0.73334,0.76667,0.43334,0.76667,0.73334
NDC,Model,VS-i-run10/285_1,0.13334,0.76667,0.76667,0.40000,0.76667,0.76667
NDC,Model,VS-i-run10/286_1,0.20000,0.56667,0.60000,0.56667,0.60000,0.56667
NDC,Model,VS-i-run10/287_1,0.13334,0.56667,0.60000,0.56667,0.60000,0.56667
NDC,Model,VS-i-run10/288_1,0.10000,0.60000,0.63334,0.63334,0.63334,0.60000
NDC,Model,VS-i-run10/289_1,0.16667,0.56667,0.60000,0.63334,0.60000,0.56667
NDC,Model,VS-i-run10/290_1,0.20000,0.46667,0.36667,0.73334,0.36667,0.46667
NDC,Model,VS-i-run10/291_1,0.16667,0.46667,0.53334,0.66667,0.53334,0.46667
NDC,Model,VS-i-run10/292_1,0.13334,0.66667,0.60000,0.56667,0.60000,0.66667
NDC,Model,VS-i-run10/293_1,0.13334,0.60000,0.63334,0.63334,0.63334,0.60000
NDC,Model,VS-i-run10/294_1,0.36667,0.46667,0.43334,0.60000,0.43334,0.46667
NDC,Model,VS-i-run10/295_1,0.33334,0.30000,0.33334,0.66667,0.33334,0.30000
NDC,Model,VS-i-run10/296_1,0.26667,0.30000,0.33334,0.80000,0.33334,0.30000
NDC,Model,VS-i-run10/297_1,0.23334,0.50000,0.53334,0.66667,0.53334,0.50000
NDC,Model,VS-i-run10/298_1,0.30000,0.46667,0.46667,0.63334,0.46667,0.46667
NDC,Model,VS-i-run10/299_1,0.16667,0.53334,0.56667,0.60000,0.56667,0.53334
NDC,Model,VS-i-run10/300_1,0.13334,0.40000,0.43334,0.73334,0.43334,0.40000
NDC,Model,VS-i-run11/301_1,0.33334,0.30000,0.33334,0.80000,0.33334,0.30000
NDC,Model,VS-i-run11/302_1,0.16667,0.46667,0.53334,0.66667,0.53334,0.46667
NDC,Model,VS-i-run11/303_1,0.16667,0.53334,0.50000,0.66667,0.50000,0.53334
NDC,Model,VS-i-run11/304_1,0.20000,0.46667,0.53334,0.66667,0.53334,0.46667
NDC,Model,VS-i-run11/305_1,0.23334,0.46667,0.40000,0.70000,0.40000,0.46667
NDC,Model,VS-i-run11/306_1,0.20000,0.43334,0.46667,0.70000,0.46667,0.43334
NDC,Model,VS-i-run11/307_1,0.26667,0.50000,0.53334,0.63334,0.53334,0.50000
NDC,Model,VS-i-run11/308_1,0.10000,0.53334,0.60000,0.63334,0.60000,0.53334
NDC,Model,VS-i-run11/309_1,0.23334,0.26667,0.33334,0.80000,0.33334,0.26667
NDC,Model,VS-i-run11/310_1,0.26667,0.56667,0.60000,0.60000,0.60000,0.56667
NDC,Model,VS-i-run11/311_1,0.23334,0.50000,0.46667,0.63334,0.46667,0.50000
NDC,Model,VS-i-run11/312_1,0.20000,0.60000,0.60000,0.60000,0.60000,0.60000
NDC,Model,VS-i-run11/313_1,0.10000,0.80000,0.73334,0.53334,0.73334,0.80000
NDC,Model,VS-i-run11/314_1,0.23334,0.56667,0.50000,0.60000,0.50000,0.56667
NDC,Model,VS-i-run11/315_1,0.20000,0.56667,0.53334,0.60000,0.53334,0.56667
NDC,Model,VS-i-run11/316_1,0.30000,0.36667,0.40000,0.70000,0.40000,0.36667
NDC,Model,VS-i-run11/317_1,0.26667,0.36667,0.40000,0.76667,0.40000,0.36667
NDC,Model,VS-i-run11/318_1,0.16667,0.60000,0.60000,0.60000,0.60000,0.60000
NDC,Model,VS-i-run11/319_1,0.33334,0.46667,0.46667,0.63334,0.46667,0.46667
NDC,Model,VS-i-run11/320_1,0.20000,0.63334,0.56667,0.60000,0.56667,0.63334
NDC,Model,VS-i-run11/321_1,0.33334,0.46667,0.46667,0.63334,0.46667,0.46667
NDC,Model,VS-i-run11/322_1,0.16667,0.66667,0.66667,0.53334,0.66667,0.66667
NDC,Model,VS-i-run11/323_1,0.13334,0.56667,0.66667,0.53334,0.66667,0.56667
NDC,Model,VS-i-run11/324_1,0.20000,0.46667,0.46667,0.70000,0.46667,0.46667
NDC,Model,VS-i-run11/325_1,0.33334,0.40000,0.36667,0.73334,0.36667,0.40000
NDC,Model,VS-i-run11/326_1,0.26667,0.56667,0.50000,0.66667,0.50000,0.56667
NDC,Model,VS-i-run11/327_1,0.23334,0.40000,0.36667,0.73334,0.36667,0.40000
NDC,Model,VS-i-run11/328_1,0.10000,0.56667,0.56667,0.63334,0.56667,0.56667
NDC,Model,VS-i-run11/329_1,0.06667,0.86667,0.83334,0.40000,0.83334,0.86667
NDC,Model,VS-i-run11/330_1,0.23334,0.33334,0.33334,0.76667,0.33334,0.33334
NDC,Model,VS-i-run12/331_1,0.26667,0.26667,0.23334,0.76667,0.23334,0.26667
NDC,Model,VS-i-run12/332_1,0.16667,0.66667,0.60000,0.53334,0.60000,0.66667
NDC,Model,VS-i-run12/333_1,0.30000,0.26667,0.23334,0.80000,0.23334,0.26667
NDC,Model,VS-i-run12/334_1,0.26667,0.60000,0.56667,0.60000,0.56667,0.60000
NDC,Model,VS-i-run12/335_1,0.20000,0.30000,0.33334,0.76667,0.33334,0.30000
NDC,Model,VS-i-run12/336_1,0.13334,0.60000,0.60000,0.60000,0.60000,0.60000
NDC,Model,VS-i-run12/337_1,0.13334,0.53334,0.50000,0.66667,0.50000,0.53334
NDC,Model,VS-i-run12/338_1,0.16667,0.56667,0.56667,0.60000,0.56667,0.56667
NDC,Model,VS-i-run12/339_1,0.26667,0.40000,0.43334,0.66667,0.43334,0.40000
NDC,Model,VS-i-run12/340_1,0.16667,0.53334,0.50000,0.66667,0.50000,0.53334
NDC,Model,VS-i-run12/341_1,0.16667,0.36667,0.36667,0.76667,0.36667,0.36667
NDC,Model,VS-i-run12/342_1,0.20000,0.16667,0.20000,0.83334,0.20000,0.16667
NDC,Model,VS-i-run12/343_1,0.20000,0.56667,0.46667,0.63334,0.46667,0.56667
NDC,Model,VS-i-run12/344_1,0.23334,0.63334,0.60000,0.56667,0.60000,0.63334
NDC,Model,VS-i-run12/345_1,0.16667,0.50000,0.40000,0.63334,0.40000,0.50000
NDC,Model,VS-i-run12/346_1,0.13334,0.60000,0.60000,0.60000,0.60000,0.60000
NDC,Model,VS-i-run12/347_1,0.26667,0.33334,0.30000,0.76667,0.30000,0.33334
NDC,Model,VS-i-run12/348_1,0.13334,0.73334,0.76667,0.46667,0.76667,0.73334
NDC,Model,VS-i-run12/349_1,0.13334,0.80000,0.73334,0.43334,0.73334,0.80000
NDC,Model,VS-i-run12/350_1,0.20000,0.36667,0.33334,0.76667,0.33334,0.36667
NDC,Model,VS-i-run12/351_1,0.16667,0.56667,0.56667,0.66667,0.56667,0.56667
NDC,Model,VS-i-run12/352_1,0.16667,0.66667,0.63334,0.53334,0.63334,0.66667
NDC,Model,VS-i-run12/353_1,0.16667,0.56667,0.53334,0.63334,0.53334,0.56667
NDC,Model,VS-i-run12/354_1,0.26667,0.60000,0.56667,0.60000,0.56667,0.60000
NDC,Model,VS-i-run12/355_1,0.26667,0.40000,0.43334,0.70000,0.43334,0.40000
NDC,Model,VS-i-run12/356_1,0.16667,0.63334,0.60000,0.60000,0.60000,0.63334
NDC,Model,VS-i-run12/357_1,0.30000,0.53334,0.56667,0.60000,0.56667,0.53334
NDC,Model,VS-i-run12/358_1,0.23334,0.56667,0.56667,0.56667,0.56667,0.56667
NDC,Model,VS-i-run12/359_1,0.10000,0.63334,0.56667,0.60000,0.56667,0.63334
NDC,Model,VS-i-run12/360_1,0.10000,0.56667,0.50000,0.66667,0.50000,0.56667
NDC,Model,VS-i-run13/361_1,0.23334,0.53334,0.43334,0.66667,0.43334,0.53334
NDC,Model,VS-i-run13/362_1,0.16667,0.43334,0.40000,0.70000,0.40000,0.43334
NDC,Model,VS-i-run13/363_1,0.20000,0.60000,0.56667,0.56667,0.56667,0.60000
NDC,Model,VS-i-run13/364_1,0.36667,0.40000,0.36667,0.73334,0.36667,0.40000
NDC,Model,VS-i-run13/365_1,0.13334,0.56667,0.56667,0.63334,0.56667,0.56667
NDC,Model,VS-i-run13/366_1,0.20000,0.40000,0.40000,0.70000,0.40000,0.40000
NDC,Model,VS-i-run13/367_1,0.16667,0.50000,0.43334,0.70000,0.43334,0.50000
NDC,Model,VS-i-run13/368_1,0.10000,0.60000,0.63334,0.56667,0.63334,0.60000
NDC,Model,VS-i-run13/369_1,0.26667,0.40000,0.40000,0.73334,0.40000,0.40000
NDC,Model,VS-i-run13/370_1,0.10000,0.70000,0.70000,0.50000,0.70000,0.70000
NDC,Model,VS-i-run13/371_1,0.33334,0.46667,0.46667,0.60000,0.46667,0.46667
NDC,Model,VS-i-run13/372_1,0.16667,0.60000,0.56667,0.63334,0.56667,0.60000
NDC,Model,VS-i-run13/373_1,0.30000,0.20000,0.20000,0.83334,0.20000,0.20000
NDC,Model,VS-i-run13/374_1,0.23334,0.56667,0.56667,0.60000,0.56667,0.56667
NDC,Model,VS-i-run13/375_1,0.20000,0.53334,0.56667,0.60000,0.56667,0.53334
NDC,Model,VS-i-run13/376_1,0.23334,0.43334,0.46667,0.70000,0.46667,0.43334
NDC,Model,VS-i-run13/377_1,0.26667,0.36667,0.36667,0.73334,0.36667,0.36667
NDC,Model,VS-i-run13/378_1,0.23334,0.66667,0.60000,0.60000,0.60000,0.66667
NDC,Model,VS-i-run13/379_1,0.13334,0.66667,0.60000,0.53334,0.60000,0.66667
NDC,Model,VS-i-run13/380_1,0.23334,0.53334,0.53334,0.63334,0.53334,0.53334
NDC,Model,VS-i-run13/381_1,0.20000,0.46667,0.43334,0.70000,0.43334,0.46667
NDC,Model,VS-i-run13/382_1,0.16667,0.53334,0.46667,0.66667,0.46667,0.53334
NDC,Model,VS-i-run13/383_1,0.20000,0.53334,0.53334,0.63334,0.53334,0.53334
NDC,Model,VS-i-run13/384_1,0.33334,0.43334,0.46667,0.66667,0.46667,0.43334
NDC,Model,VS-i-run13/385_1,0.10000,0.70000,0.66667,0.53334,0.66667,0.70000
NDC,Model,VS-i-run13/386_1,0.23334,0.46667,0.50000,0.63334,0.50000,0.46667
NDC,Model,VS-i-run13/387_1,0.20000,0.50000,0.50000,0.66667,0.50000,0.50000
NDC,Model,VS-i-run13/388_1,0.20000,0.43334,0.40000,0.73334,0.40000,0.43334
NDC,Model,VS-i-run13/389_1,0.26667,0.26667,0.23334,0.83334,0.23334,0.26667
NDC,Model,VS-i-run13/390_1,0.20000,0.46667,0.56667,0.63334,0.56667,0.46667
NDC,Model,VS-i-run14/181_1,0.20000,0.43334,0.46667,0.66667,0.46667,0.43334
NDC,Model,VS-i-run14/182_1,0.20000,0.46667,0.53334,0.63334,0.53334,0.46667
NDC,Model,VS-i-run14/183_1,0.23334,0.56667,0.53334,0.63334,0.53334,0.56667
NDC,Model,VS-i-run14/184_1,0.36667,0.46667,0.53334,0.63334,0.53334,0.46667
NDC,Model,VS-i-run14/185_1,0.16667,0.33334,0.40000,0.73334,0.40000,0.33334
NDC,Model,VS-i-run14/186_1,0.20000,0.53334,0.56667,0.63334,0.56667,0.53334
NDC,Model,VS-i-run14/187_1,0.20000,0.43334,0.36667,0.70000,0.36667,0.43334
NDC,Model,VS-i-run14/188_1,0.30000,0.53334,0.56667,0.63334,0.56667,0.53334
NDC,Model,VS-i-run14/189_1,0.13334,0.56667,0.50000,0.63334,0.50000,0.56667
NDC,Model,VS-i-run14/190_1,0.20000,0.46667,0.50000,0.63334,0.50000,0.46667
NDC,Model,VS-i-run14/191_1,0.26667,0.46667,0.46667,0.66667,0.46667,0.46667
NDC,Model,VS-i-run14/192_1,0.10000,0.66667,0.60000,0.56667,0.60000,0.66667
NDC,Model,VS-i-run14/193_1,0.16667,0.40000,0.36667,0.76667,0.36667,0.40000
NDC,Model,VS-i-run14/194_1,0.16667,0.70000,0.73334,0.50000,0.73334,0.70000
NDC,Model,VS-i-run14/195_1,0.20000,0.53334,0.50000,0.66667,0.50000,0.53334
NDC,Model,VS-i-run14/196_1,0.30000,0.43334,0.46667,0.70000,0.46667,0.43334
NDC,Model,VS-i-run14/197_1,0.06667,0.83334,0.76667,0.43334,0.76667,0.83334
NDC,Model,VS-i-run14/198_1,0.13334,0.66667,0.70000,0.56667,0.70000,0.66667
NDC,Model,VS-i-run14/199_1,0.26667,0.43334,0.43334,0.70000,0.43334,0.43334
NDC,Model,VS-i-run14/200_1,0.30000,0.40000,0.43334,0.66667,0.43334,0.40000
NDC,Model,VS-i-run14/391_1,0.23334,0.53334,0.56667,0.60000,0.56667,0.53334
NDC,Model,VS-i-run14/392_1,0.13334,0.66667,0.73334,0.53334,0.73334,0.66667
NDC,Model,VS-i-run14/393_1,0.16667,0.80000,0.76667,0.40000,0.76667,0.80000
NDC,Model,VS-i-run14/394_1,0.23334,0.53334,0.43334,0.63334,0.43334,0.53334
NDC,Model,VS-i-run14/395_1,0.13334,0.66667,0.70000,0.56667,0.70000,0.66667
NDC,Model,VS-i-run14/396_1,0.16667,0.50000,0.53334,0.66667,0.53334,0.50000
NDC,Model,VS-i-run14/397_1,0.10000,0.83334,0.83334,0.36667,0.83334,0.83334
NDC,Model,VS-i-run14/398_1,0.13334,0.56667,0.60000,0.66667,0.60000,0.56667
NDC,Model,VS-i-run14/399_1,0.23334,0.60000,0.60000,0.56667,0.60000,0.60000
NDC,Model,VS-i-run14/400_1,0.16667,0.70000,0.80000,0.46667,0.80000,0.70000
NDC,Model,VS-i-run15/10_1,0.16667,0.76667,0.66667,0.53334,0.66667,0.76667
NDC,Model,VS-i-run15/11_1,0.30000,0.23334,0.26667,0.80000,0.26667,0.23334
NDC,Model,VS-i-run15/12_1,0.16667,0.63334,0.60000,0.63334,0.60000,0.63334
NDC,Model,VS-i-run15/13_1,0.23334,0.46667,0.43334,0.70000,0.43334,0.46667
NDC,Model,VS-i-run15/14_1,0.20000,0.40000,0.40000,0.70000,0.40000,0.40000
NDC,Model,VS-i-run15/15_1,0.30000,0.53334,0.53334,0.56667,0.53334,0.53334
NDC,Model,VS-i-run15/16_1,0.23334,0.40000,0.36667,0.73334,0.36667,0.40000
NDC,Model,VS-i-run15/17_1,0.16667,0.63334,0.56667,0.53334,0.56667,0.63334
NDC,Model,VS-i-run15/18_1,0.13334,0.46667,0.56667,0.63334,0.56667,0.46667
NDC,Model,VS-i-run15/19_1,0.06667,0.83334,0.76667,0.40000,0.76667,0.83334
NDC,Model,VS-i-run15/1_1,0.10000,0.73334,0.70000,0.50000,0.70000,0.73334
NDC,Model,VS-i-run15/20_1,0.13334,0.60000,0.60000,0.60000,0.60000,0.60000
NDC,Model,VS-i-run15/21_1,0.23334,0.53334,0.50000,0.63334,0.50000,0.53334
NDC,Model,VS-i-run15/22_1,0.10000,0.63334,0.63334,0.56667,0.63334,0.63334
NDC,Model,VS-i-run15/23_1,0.20000,0.36667,0.36667,0.76667,0.36667,0.36667
NDC,Model,VS-i-run15/24_1,0.23334,0.50000,0.53334,0.63334,0.53334,0.50000
NDC,Model,VS-i-run15/25_1,0.13334,0.80000,0.70000,0.46667,0.70000,0.80000
NDC,Model,VS-i-run15/26_1,0.26667,0.50000,0.53334,0.63334,0.53334,0.50000
NDC,Model,VS-i-run15/27_1,0.16667,0.53334,0.60000,0.60000,0.60000,0.53334
NDC,Model,VS-i-run15/28_1,0.10000,0.80000,0.80000,0.46667,0.80000,0.80000
NDC,Model,VS-i-run15/29_1,0.20000,0.56667,0.50000,0.63334,0.50000,0.56667
NDC,Model,VS-i-run15/2_1,0.20000,0.63334,0.63334,0.50000,0.63334,0.63334
NDC,Model,VS-i-run15/30_1,0.26667,0.40000,0.40000,0.70000,0.40000,0.40000
NDC,Model,VS-i-run15/3_1,0.16667,0.66667,0.73334,0.50000,0.73334,0.66667
NDC,Model,VS-i-run15/4_1,0.20000,0.50000,0.46667,0.63334,0.46667,0.50000
NDC,Model,VS-i-run15/5_1,0.16667,0.40000,0.40000,0.73334,0.40000,0.40000
NDC,Model,VS-i-run15/6_1,0.10000,0.76667,0.73334,0.50000,0.73334,0.76667
NDC,Model,VS-i-run15/7_1,0.13334,0.83334,0.76667,0.43334,0.76667,0.83334
NDC,Model,VS-i-run15/8_1,0.26667,0.50000,0.46667,0.63334,0.46667,0.50000
NDC,Model,VS-i-run15/9_1,0.30000,0.40000,0.43334,0.66667,0.43334,0.40000
NDC,Model,VS-i-run16/31_1,0.26667,0.50000,0.50000,0.60000,0.50000,0.50000
NDC,Model,VS-i-run16/32_1,0.30000,0.36667,0.40000,0.70000,0.40000,0.36667
NDC,Model,VS-i-run16/33_1,0.20000,0.40000,0.43334,0.73334,0.43334,0.40000
NDC,Model,VS-i-run16/34_1,0.16667,0.30000,0.36667,0.76667,0.36667,0.30000
NDC,Model,VS-i-run16/35_1,0.26667,0.46667,0.46667,0.63334,0.46667,0.46667
NDC,Model,VS-i-run16/36_1,0.23334,0.36667,0.36667,0.73334,0.36667,0.36667
NDC,Model,VS-i-run16/37_1,0.36667,0.46667,0.40000,0.60000,0.40000,0.46667
NDC,Model,VS-i-run16/38_1,0.26667,0.46667,0.46667,0.63334,0.46667,0.46667
NDC,Model,VS-i-run16/39_1,0.10000,0.60000,0.53334,0.63334,0.53334,0.60000
NDC,Model,VS-i-run16/40_1,0.20000,0.63334,0.56667,0.56667,0.56667,0.63334
NDC,Model,VS-i-run16/41_1,0.16667,0.70000,0.66667,0.53334,0.66667,0.70000
NDC,Model,VS-i-run16/42_1,0.16667,0.46667,0.50000,0.66667,0.50000,0.46667
NDC,Model,VS-i-run16/43_1,0.16667,0.50000,0.53334,0.70000,0.53334,0.50000
NDC,Model,VS-i-run16/44_1,0.13334,0.60000,0.56667,0.63334,0.56667,0.60000
NDC,Model,VS-i-run16/45_1,0.20000,0.43334,0.36667,0.73334,0.36667,0.43334
NDC,Model,VS-i-run16/46_1,0.33334,0.23334,0.26667,0.76667,0.26667,0.23334
NDC,Model,VS-i-run16/47_1,0.33334,0.36667,0.33334,0.76667,0.33334,0.36667
NDC,Model,VS-i-run16/48_1,0.33334,0.13334,0.13334,0.83334,0.13334,0.13334
NDC,Model,VS-i-run16/49_1,0.13334,0.66667,0.60000,0.53334,0.60000,0.66667
NDC,Model,VS-i-run16/50_1,0.10000,0.50000,0.63334,0.56667,0.63334,0.50000
NDC,Model,VS-i-run16/51_1,0.20000,0.60000,0.60000,0.56667,0.60000,0.60000
NDC,Model,VS-i-run16/52_1,0.30000,0.53334,0.53334,0.56667,0.53334,0.53334
NDC,Model,VS-i-run16/53_1,0.30000,0.40000,0.40000,0.70000,0.40000,0.40000
NDC,Model,VS-i-run16/54_1,0.26667,0.46667,0.50000,0.66667,0.50000,0.46667
NDC,Model,VS-i-run16/55_1,0.26667,0.46667,0.50000,0.66667,0.50000,0.46667
NDC,Model,VS-i-run16/56_1,0.20000,0.56667,0.60000,0.63334,0.60000,0.56667
NDC,Model,VS-i-run16/57_1,0.33334,0.13334,0.13334,0.86667,0.13334,0.13334
NDC,Model,VS-i-run16/58_1,0.13334,0.63334,0.53334,0.63334,0.53334,0.63334
NDC,Model,VS-i-run16/59_1,0.13334,0.50000,0.50000,0.66667,0.50000,0.50000
NDC,Model,VS-i-run16/60_1,0.16667,0.66667,0.63334,0.53334,0.63334,0.66667
NDC,Model,VS-i-run17/61_1,0.23334,0.63334,0.53334,0.56667,0.53334,0.63334
NDC,Model,VS-i-run17/62_1,0.13334,0.43334,0.43334,0.73334,0.43334,0.43334
NDC,Model,VS-i-run17/63_1,0.33334,0.26667,0.26667,0.80000,0.26667,0.26667
NDC,Model,VS-i-run17/64_1,0.23334,0.26667,0.26667,0.80000,0.26667,0.26667
NDC,Model,VS-i-run17/65_1,0.23334,0.63334,0.60000,0.60000,0.60000,0.63334
NDC,Model,VS-i-run17/66_1,0.16667,0.73334,0.73334,0.50000,0.73334,0.73334
NDC,Model,VS-i-run17/67_1,0.10000,0.60000,0.60000,0.60000,0.60000,0.60000
NDC,Model,VS-i-run17/68_1,0.23334,0.60000,0.56667,0.56667,0.56667,0.60000
NDC,Model,VS-i-run17/69_1,0.10000,0.76667,0.73334,0.43334,0.73334,0.76667
NDC,Model,VS-i-run17/70_1,0.20000,0.66667,0.56667,0.60000,0.56667,0.66667
NDC,Model,VS-i-run17/71_1,0.16667,0.36667,0.36667,0.73334,0.36667,0.36667
NDC,Model,VS-i-run17/72_1,0.06667,0.80000,0.73334,0.46667,0.73334,0.80000
NDC,Model,VS-i-run17/73_1,0.10000,0.70000,0.66667,0.53334,0.66667,0.70000
NDC,Model,VS-i-run17/74_1,0.26667,0.43334,0.40000,0.73334,0.40000,0.43334
NDC,Model,VS-i-run17/75_1,0.13334,0.56667,0.53334,0.60000,0.53334,0.56667
NDC,Model,VS-i-run17/76_1,0.20000,0.50000,0.46667,0.66667,0.46667,0.50000
NDC,Model,VS-i-run17/77_1,0.23334,0.36667,0.40000,0.70000,0.40000,0.36667
NDC,Model,VS-i-run17/78_1,0.20000,0.66667,0.73334,0.53334,0.73334,0.66667
NDC,Model,VS-i-run17/79_1,0.23334,0.56667,0.53334,0.63334,0.53334,0.56667
NDC,Model,VS-i-run17/80_1,0.20000,0.73334,0.70000,0.53334,0.70000,0.73334
NDC,Model,VS-i-run17/81_1,0.36667,0.20000,0.20000,0.80000,0.20000,0.20000
NDC,Model,VS-i-run17/82_1,0.20000,0.26667,0.23334,0.80000,0.23334,0.26667
NDC,Model,VS-i-run17/83_1,0.23334,0.50000,0.46667,0.66667,0.46667,0.50000
NDC,Model,VS-i-run17/84_1,0.10000,0.80000,0.66667,0.46667,0.66667,0.80000
NDC,Model,VS-i-run17/85_1,0.30000,0.43334,0.40000,0.73334,0.40000,0.43334
NDC,Model,VS-i-run17/86_1,0.26667,0.50000,0.46667,0.66667,0.46667,0.50000
NDC,Model,VS-i-run17/87_1,0.13334,0.43334,0.46667,0.73334,0.46667,0.43334
NDC,Model,VS-i-run17/88_1,0.20000,0.56667,0.66667,0.50000,0.66667,0.56667
NDC,Model,VS-i-run17/89_1,0.20000,0.43334,0.43334,0.73334,0.43334,0.43334
NDC,Model,VS-i-run17/90_1,0.20000,0.53334,0.50000,0.60000,0.50000,0.53334
NDC,Model,VS-i-run18/100_1,0.20000,0.43334,0.50000,0.70000,0.50000,0.43334
NDC,Model,VS-i-run18/101_1,0.20000,0.46667,0.43334,0.66667,0.43334,0.46667
NDC,Model,VS-i-run18/102_1,0.16667,0.33334,0.26667,0.80000,0.26667,0.33334
NDC,Model,VS-i-run18/103_1,0.36667,0.46667,0.46667,0.53334,0.46667,0.46667
NDC,Model,VS-i-run18/104_1,0.26667,0.43334,0.43334,0.70000,0.43334,0.43334
NDC,Model,VS-i-run18/105_1,0.33334,0.46667,0.43334,0.63334,0.43334,0.46667
NDC,Model,VS-i-run18/106_1,0.20000,0.43334,0.40000,0.73334,0.40000,0.43334
NDC,Model,VS-i-run18/107_1,0.20000,0.50000,0.53334,0.60000,0.53334,0.50000
NDC,Model,VS-i-run18/108_1,0.20000,0.46667,0.43334,0.66667,0.43334,0.46667
NDC,Model,VS-i-run18/109_1,0.26667,0.36667,0.40000,0.76667,0.40000,0.36667
NDC,Model,VS-i-run18/110_1,0.16667,0.60000,0.63334,0.56667,0.63334,0.60000
NDC,Model,VS-i-run18/111_1,0.16667,0.40000,0.36667,0.76667,0.36667,0.40000
NDC,Model,VS-i-run18/112_1,0.23334,0.53334,0.60000,0.53334,0.60000,0.53334
NDC,Model,VS-i-run18/113_1,0.13334,0.56667,0.53334,0.63334,0.53334,0.56667
NDC,Model,VS-i-run18/114_1,0.23334,0.60000,0.50000,0.63334,0.50000,0.60000
NDC,Model,VS-i-run18/115_1,0.30000,0.46667,0.50000,0.70000,0.50000,0.46667
NDC,Model,VS-i-run18/116_1,0.26667,0.43334,0.43334,0.70000,0.43334,0.43334
NDC,Model,VS-i-run18/117_1,0.23334,0.50000,0.50000,0.63334,0.50000,0.50000
NDC,Model,VS-i-run18/118_1,0.33334,0.43334,0.40000,0.70000,0.40000,0.43334
NDC,Model,VS-i-run18/119_1,0.16667,0.53334,0.60000,0.63334,0.60000,0.53334
NDC,Model,VS-i-run18/120_1,0.36667,0.26667,0.23334,0.76667,0.23334,0.26667
NDC,Model,VS-i-run18/91_1,0.23334,0.40000,0.43334,0.73334,0.43334,0.40000
NDC,Model,VS-i-run18/92_1,0.20000,0.50000,0.50000,0.70000,0.50000,0.50000
NDC,Model,VS-i-run18/93_1,0.23334,0.53334,0.53334,0.60000,0.53334,0.53334
NDC,Model,VS-i-run18/94_1,0.23334,0.36667,0.36667,0.76667,0.36667,0.36667
NDC,Model,VS-i-run18/95_1,0.20000,0.43334,0.36667,0.70000,0.36667,0.43334
NDC,Model,VS-i-run18/96_1,0.13334,0.46667,0.46667,0.70000,0.46667,0.46667
NDC,Model,VS-i-run18/97_1,0.23334,0.36667,0.40000,0.73334,0.40000,0.36667
NDC,Model,VS-i-run18/98_1,0.13334,0.50000,0.50000,0.66667,0.50000,0.50000
NDC,Model,VS-i-run18/99_1,0.30000,0.33334,0.30000,0.73334,0.30000,0.33334
NDC,Model,VS-i-run19/121_1,0.16667,0.60000,0.60000,0.63334,0.60000,0.60000
NDC,Model,VS-i-run19/122_1,0.23334,0.30000,0.30000,0.80000,0.30000,0.30000
NDC,Model,VS-i-run19/123_1,0.20000,0.56667,0.53334,0.60000,0.53334,0.56667
NDC,Model,VS-i-run19/124_1,0.26667,0.36667,0.33334,0.73334,0.33334,0.36667
NDC,Model,VS-i-run19/125_1,0.26667,0.30000,0.30000,0.76667,0.30000,0.30000
NDC,Model,VS-i-run19/126_1,0.16667,0.46667,0.50000,0.66667,0.50000,0.46667
NDC,Model,VS-i-run19/127_1,0.20000,0.60000,0.56667,0.66667,0.56667,0.60000
NDC,Model,VS-i-run19/128_1,0.16667,0.63334,0.66667,0.46667,0.66667,0.63334
NDC,Model,VS-i-run19/129_1,0.20000,0.50000,0.50000,0.63334,0.50000,0.50000
NDC,Model,VS-i-run19/130_1,0.10000,0.63334,0.66667,0.56667,0.66667,0.63334
NDC,Model,VS-i-run19/131_1,0.20000,0.50000,0.40000,0.70000,0.40000,0.50000
NDC,Model,VS-i-run19/132_1,0.33334,0.43334,0.36667,0.66667,0.36667,0.43334
NDC,Model,VS-i-run19/133_1,0.23334,0.56667,0.60000,0.56667,0.60000,0.56667
NDC,Model,VS-i-run19/134_1,0.33334,0.33334,0.30000,0.80000,0.30000,0.33334
NDC,Model,VS-i-run19/135_1,0.10000,0.63334,0.70000,0.56667,0.70000,0.63334
NDC,Model,VS-i-run19/136_1,0.23334,0.43334,0.40000,0.70000,0.40000,0.43334
NDC,Model,VS-i-run19/137_1,0.20000,0.46667,0.46667,0.66667,0.46667,0.46667
NDC,Model,VS-i-run19/138_1,0.30000,0.60000,0.56667,0.56667,0.56667,0.60000
NDC,Model,VS-i-run19/139_1,0.23334,0.50000,0.46667,0.70000,0.46667,0.50000
NDC,Model,VS-i-run19/140_1,0.13334,0.26667,0.23334,0.83334,0.23334,0.26667
NDC,Model,VS-i-run19/141_1,0.26667,0.36667,0.40000,0.70000,0.40000,0.36667
NDC,Model,VS-i-run19/142_1,0.20000,0.60000,0.63334,0.53334,0.63334,0.60000
NDC,Model,VS-i-run19/143_1,0.20000,0.33334,0.33334,0.80000,0.33334,0.33334
NDC,Model,VS-i-run19/144_1,0.33334,0.36667,0.36667,0.66667,0.36667,0.36667
NDC,Model,VS-i-run19/145_1,0.20000,0.30000,0.33334,0.73334,0.33334,0.30000
NDC,Model,VS-i-run19/146_1,0.16667,0.53334,0.53334,0.66667,0.53334,0.53334
NDC,Model,VS-i-run19/147_1,0.26667,0.43334,0.43334,0.70000,0.43334,0.43334
NDC,Model,VS-i-run19/148_1,0.13334,0.50000,0.53334,0.66667,0.53334,0.50000
NDC,Model,VS-i-run19/149_1,0.16667,0.30000,0.33334,0.80000,0.33334,0.30000
NDC,Model,VS-i-run19/150_1,0.23334,0.50000,0.50000,0.66667,0.50000,0.50000
NDC,Model,VS-i-run2/31_1,0.20000,0.50000,0.56667,0.63334,0.56667,0.50000
NDC,Model,VS-i-run2/32_1,0.43334,0.26667,0.20000,0.70000,0.20000,0.26667
NDC,Model,VS-i-run2/33_1,0.23334,0.26667,0.30000,0.80000,0.30000,0.26667
NDC,Model,VS-i-run2/34_1,0.23334,0.36667,0.40000,0.76667,0.40000,0.36667
NDC,Model,VS-i-run2/35_1,0.30000,0.50000,0.43334,0.60000,0.43334,0.50000
NDC,Model,VS-i-run2/36_1,0.23334,0.46667,0.43334,0.73334,0.43334,0.46667
NDC,Model,VS-i-run2/37_1,0.30000,0.36667,0.36667,0.73334,0.36667,0.36667
NDC,Model,VS-i-run2/38_1,0.33334,0.23334,0.23334,0.73334,0.23334,0.23334
NDC,Model,VS-i-run2/39_1,0.16667,0.46667,0.43334,0.70000,0.43334,0.46667
NDC,Model,VS-i-run2/40_1,0.16667,0.56667,0.56667,0.60000,0.56667,0.56667
NDC,Model,VS-i-run2/41_1,0.26667,0.50000,0.46667,0.63334,0.46667,0.50000
NDC,Model,VS-i-run2/42_1,0.26667,0.33334,0.33334,0.70000,0.33334,0.33334
NDC,Model,VS-i-run2/43_1,0.26667,0.36667,0.33334,0.73334,0.33334,0.36667
NDC,Model,VS-i-run2/44_1,0.33334,0.50000,0.46667,0.60000,0.46667,0.50000
NDC,Model,VS-i-run2/45_1,0.20000,0.10000,0.13334,0.90000,0.13334,0.10000
NDC,Model,VS-i-run2/46_1,0.40000,0.30000,0.30000,0.73334,0.30000,0.30000
NDC,Model,VS-i-run2/47_1,0.23334,0.60000,0.60000,0.53334,0.60000,0.60000
NDC,Model,VS-i-run2/48_1,0.23334,0.53334,0.56667,0.56667,0.56667,0.53334
NDC,Model,VS-i-run2/49_1,0.23334,0.30000,0.30000,0.80000,0.30000,0.30000
NDC,Model,VS-i-run2/50_1,0.26667,0.63334,0.63334,0.46667,0.63334,0.63334
NDC,Model,VS-i-run2/51_1,0.16667,0.63334,0.56667,0.60000,0.56667,0.63334
NDC,Model,VS-i-run2/52_1,0.30000,0.53334,0.50000,0.53334,0.50000,0.53334
NDC,Model,VS-i-run2/53_1,0.30000,0.33334,0.30000,0.76667,0.30000,0.33334
NDC,Model,VS-i-run2/54_1,0.26667,0.36667,0.40000,0.76667,0.40000,0.36667
NDC,Model,VS-i-run2/55_1,0.23334,0.46667,0.43334,0.73334,0.43334,0.46667
NDC,Model,VS-i-run2/56_1,0.16667,0.60000,0.53334,0.63334,0.53334,0.60000
NDC,Model,VS-i-run2/57_1,0.06667,0.63334,0.53334,0.53334,0.53334,0.63334
NDC,Model,VS-i-run2/58_1,0.13334,0.70000,0.73334,0.50000,0.73334,0.70000
NDC,Model,VS-i-run2/59_1,0.13334,0.53334,0.53334,0.63334,0.53334,0.53334
NDC,Model,VS-i-run2/60_1,0.33334,0.46667,0.50000,0.60000,0.50000,0.46667
NDC,Model,VS-i-run20/151_1,0.16667,0.46667,0.46667,0.66667,0.46667,0.46667
NDC,Model,VS-i-run20/152_1,0.20000,0.50000,0.56667,0.66667,0.56667,0.50000
NDC,Model,VS-i-run20/153_1,0.20000,0.66667,0.66667,0.53334,0.66667,0.66667
NDC,Model,VS-i-run20/154_1,0.13334,0.76667,0.80000,0.46667,0.80000,0.76667
NDC,Model,VS-i-run20/155_1,0.26667,0.40000,0.36667,0.76667,0.36667,0.40000
NDC,Model,VS-i-run20/156_1,0.40000,0.33334,0.33334,0.70000,0.33334,0.33334
NDC,Model,VS-i-run20/157_1,0.13334,0.73334,0.70000,0.50000,0.70000,0.73334
NDC,Model,VS-i-run20/158_1,0.16667,0.60000,0.66667,0.56667,0.66667,0.60000
NDC,Model,VS-i-run20/159_1,0.10000,0.66667,0.66667,0.56667,0.66667,0.66667
NDC,Model,VS-i-run20/160_1,0.20000,0.60000,0.53334,0.60000,0.53334,0.60000
NDC,Model,VS-i-run20/161_1,0.10000,0.70000,0.70000,0.53334,0.70000,0.70000
NDC,Model,VS-i-run20/162_1,0.13334,0.70000,0.73334,0.53334,0.73334,0.70000
NDC,Model,VS-i-run20/163_1,0.20000,0.50000,0.46667,0.63334,0.46667,0.50000
NDC,Model,VS-i-run20/164_1,0.13334,0.53334,0.50000,0.63334,0.50000,0.53334
NDC,Model,VS-i-run20/165_1,0.23334,0.46667,0.43334,0.73334,0.43334,0.46667
NDC,Model,VS-i-run20/166_1,0.16667,0.43334,0.43334,0.73334,0.43334,0.43334
NDC,Model,VS-i-run20/167_1,0.10000,0.63334,0.53334,0.63334,0.53334,0.63334
NDC,Model,VS-i-run20/168_1,0.23334,0.53334,0.53334,0.63334,0.53334,0.53334
NDC,Model,VS-i-run20/169_1,0.23334,0.56667,0.56667,0.56667,0.56667,0.56667
NDC,Model,VS-i-run20/170_1,0.23334,0.53334,0.53334,0.60000,0.53334,0.53334
NDC,Model,VS-i-run20/171_1,0.06667,0.83334,0.80000,0.43334,0.80000,0.83334
NDC,Model,VS-i-run20/172_1,0.13334,0.50000,0.50000,0.66667,0.50000,0.50000
NDC,Model,VS-i-run20/173_1,0.26667,0.20000,0.20000,0.83334,0.20000,0.20000
NDC,Model,VS-i-run20/174_1,0.26667,0.56667,0.66667,0.56667,0.66667,0.56667
NDC,Model,VS-i-run20/175_1,0.16667,0.56667,0.50000,0.63334,0.50000,0.56667
NDC,Model,VS-i-run20/176_1,0.23334,0.53334,0.53334,0.60000,0.53334,0.53334
NDC,Model,VS-i-run20/177_1,0.20000,0.40000,0.43334,0.70000,0.43334,0.40000
NDC,Model,VS-i-run20/178_1,0.16667,0.50000,0.40000,0.70000,0.40000,0.50000
NDC,Model,VS-i-run20/179_1,0.13334,0.50000,0.53334,0.63334,0.53334,0.50000
NDC,Model,VS-i-run20/180_1,0.26667,0.43334,0.43334,0.70000,0.43334,0.43334
NDC,Model,VS-i-run3/61_1,0.23334,0.56667,0.50000,0.63334,0.50000,0.56667
NDC,Model,VS-i-run3/62_1,0.26667,0.56667,0.53334,0.56667,0.53334,0.56667
NDC,Model,VS-i-run3/63_1,0.30000,0.50000,0.50000,0.63334,0.50000,0.50000
NDC,Model,VS-i-run3/64_1,0.16667,0.50000,0.63334,0.63334,0.63334,0.50000
NDC,Model,VS-i-run3/65_1,0.26667,0.40000,0.40000,0.73334,0.40000,0.40000
NDC,Model,VS-i-run3/66_1,0.16667,0.43334,0.50000,0.70000,0.50000,0.43334
NDC,Model,VS-i-run3/67_1,0.26667,0.30000,0.40000,0.73334,0.40000,0.30000
NDC,Model,VS-i-run3/68_1,0.26667,0.30000,0.30000,0.73334,0.30000,0.30000
NDC,Model,VS-i-run3/69_1,0.36667,0.33334,0.30000,0.73334,0.30000,0.33334
NDC,Model,VS-i-run3/70_1,0.26667,0.30000,0.26667,0.76667,0.26667,0.30000
NDC,Model,VS-i-run3/71_1,0.30000,0.30000,0.33334,0.66667,0.33334,0.30000
NDC,Model,VS-i-run3/72_1,0.23334,0.43334,0.43334,0.70000,0.43334,0.43334
NDC,Model,VS-i-run3/73_1,0.13334,0.63334,0.60000,0.53334,0.60000,0.63334
NDC,Model,VS-i-run3/74_1,0.23334,0.53334,0.56667,0.56667,0.56667,0.53334
NDC,Model,VS-i-run3/75_1,0.26667,0.33334,0.40000,0.73334,0.40000,0.33334
NDC,Model,VS-i-run3/76_1,0.20000,0.53334,0.50000,0.63334,0.50000,0.53334
NDC,Model,VS-i-run3/77_1,0.16667,0.63334,0.73334,0.53334,0.73334,0.63334
NDC,Model,VS-i-run3/78_1,0.20000,0.60000,0.60000,0.56667,0.60000,0.60000
NDC,Model,VS-i-run3/79_1,0.20000,0.56667,0.60000,0.60000,0.60000,0.56667
NDC,Model,VS-i-run3/80_1,0.16667,0.63334,0.63334,0.56667,0.63334,0.63334
NDC,Model,VS-i-run3/81_1,0.23334,0.40000,0.43334,0.73334,0.43334,0.40000
NDC,Model,VS-i-run3/82_1,0.20000,0.60000,0.53334,0.60000,0.53334,0.60000
NDC,Model,VS-i-run3/83_1,0.20000,0.63334,0.56667,0.56667,0.56667,0.63334
NDC,Model,VS-i-run3/84_1,0.33334,0.56667,0.46667,0.53334,0.46667,0.56667
NDC,Model,VS-i-run3/85_1,0.26667,0.46667,0.40000,0.73334,0.40000,0.46667
NDC,Model,VS-i-run3/86_1,0.13334,0.63334,0.70000,0.56667,0.70000,0.63334
NDC,Model,VS-i-run3/87_1,0.20000,0.50000,0.50000,0.63334,0.50000,0.50000
NDC,Model,VS-i-run3/88_1,0.20000,0.36667,0.40000,0.73334,0.40000,0.36667
NDC,Model,VS-i-run3/89_1,0.13334,0.66667,0.73334,0.50000,0.73334,0.66667
NDC,Model,VS-i-run3/90_1,0.16667,0.53334,0.53334,0.66667,0.53334,0.53334
NDC,Model,VS-i-run4/100_1,0.10000,0.56667,0.60000,0.60000,0.60000,0.56667
NDC,Model,VS-i-run4/101_1,0.40000,0.36667,0.36667,0.66667,0.36667,0.36667
NDC,Model,VS-i-run4/102_1,0.13334,0.56667,0.63334,0.56667,0.63334,0.56667
NDC,Model,VS-i-run4/103_1,0.06667,0.76667,0.83334,0.40000,0.83334,0.76667
NDC,Model,VS-i-run4/104_1,0.10000,0.76667,0.66667,0.53334,0.66667,0.76667
NDC,Model,VS-i-run4/105_1,0.10000,0.83334,0.83334,0.40000,0.83334,0.83334
NDC,Model,VS-i-run4/106_1,0.23334,0.26667,0.26667,0.80000,0.26667,0.26667
NDC,Model,VS-i-run4/107_1,0.10000,0.70000,0.73334,0.56667,0.73334,0.70000
NDC,Model,VS-i-run4/108_1,0.16667,0.46667,0.50000,0.70000,0.50000,0.46667
NDC,Model,VS-i-run4/109_1,0.13334,0.56667,0.53334,0.63334,0.53334,0.56667
NDC,Model,VS-i-run4/110_1,0.23334,0.50000,0.50000,0.70000,0.50000,0.50000
NDC,Model,VS-i-run4/111_1,0.10000,0.73334,0.73334,0.46667,0.73334,0.73334
NDC,Model,VS-i-run4/112_1,0.23334,0.26667,0.26667,0.83334,0.26667,0.26667
NDC,Model,VS-i-run4/113_1,0.26667,0.40000,0.36667,0.70000,0.36667,0.40000
NDC,Model,VS-i-run4/114_1,0.23334,0.40000,0.33334,0.73334,0.33334,0.40000
NDC,Model,VS-i-run4/115_1,0.23334,0.63334,0.66667,0.53334,0.66667,0.63334
NDC,Model,VS-i-run4/116_1,0.16667,0.66667,0.66667,0.50000,0.66667,0.66667
NDC,Model,VS-i-run4/117_1,0.13334,0.63334,0.56667,0.56667,0.56667,0.63334
NDC,Model,VS-i-run4/118_1,0.20000,0.56667,0.56667,0.56667,0.56667,0.56667
NDC,Model,VS-i-run4/119_1,0.10000,0.76667,0.73334,0.46667,0.73334,0.76667
NDC,Model,VS-i-run4/120_1,0.16667,0.50000,0.53334,0.60000,0.53334,0.50000
NDC,Model,VS-i-run4/91_1,0.23334,0.30000,0.30000,0.80000,0.30000,0.30000
NDC,Model,VS-i-run4/92_1,0.16667,0.53334,0.60000,0.60000,0.60000,0.53334
NDC,Model,VS-i-run4/93_1,0.10000,0.73334,0.76667,0.46667,0.76667,0.73334
NDC,Model,VS-i-run4/94_1,0.26667,0.46667,0.40000,0.70000,0.40000,0.46667
NDC,Model,VS-i-run4/95_1,0.13334,0.66667,0.53334,0.60000,0.53334,0.66667
NDC,Model,VS-i-run4/96_1,0.10000,0.63334,0.66667,0.56667,0.66667,0.63334
NDC,Model,VS-i-run4/97_1,0.10000,0.70000,0.66667,0.53334,0.66667,0.70000
NDC,Model,VS-i-run4/98_1,0.13334,0.60000,0.60000,0.63334,0.60000,0.60000
NDC,Model,VS-i-run4/99_1,0.10000,0.70000,0.63334,0.56667,0.63334,0.70000
NDC,Model,VS-i-run5/121_1,0.13334,0.73334,0.66667,0.46667,0.66667,0.73334
NDC,Model,VS-i-run5/122_1,0.26667,0.20000,0.20000,0.80000,0.20000,0.20000
NDC,Model,VS-i-run5/123_1,0.40000,0.43334,0.40000,0.66667,0.40000,0.43334
NDC,Model,VS-i-run5/124_1,0.23334,0.53334,0.50000,0.66667,0.50000,0.53334
NDC,Model,VS-i-run5/125_1,0.13334,0.73334,0.70000,0.53334,0.70000,0.73334
NDC,Model,VS-i-run5/126_1,0.20000,0.53334,0.50000,0.66667,0.50000,0.53334
NDC,Model,VS-i-run5/127_1,0.26667,0.56667,0.63334,0.56667,0.63334,0.56667
NDC,Model,VS-i-run5/128_1,0.16667,0.63334,0.46667,0.63334,0.46667,0.63334
NDC,Model,VS-i-run5/129_1,0.36667,0.33334,0.30000,0.73334,0.30000,0.33334
NDC,Model,VS-i-run5/130_1,0.13334,0.46667,0.40000,0.70000,0.40000,0.46667
NDC,Model,VS-i-run5/131_1,0.20000,0.50000,0.50000,0.60000,0.50000,0.50000
NDC,Model,VS-i-run5/132_1,0.20000,0.36667,0.36667,0.76667,0.36667,0.36667
NDC,Model,VS-i-run5/133_1,0.13334,0.53334,0.56667,0.66667,0.56667,0.53334
NDC,Model,VS-i-run5/134_1,0.20000,0.56667,0.50000,0.63334,0.50000,0.56667
NDC,Model,VS-i-run5/135_1,0.13334,0.60000,0.56667,0.60000,0.56667,0.60000
NDC,Model,VS-i-run5/136_1,0.16667,0.80000,0.76667,0.43334,0.76667,0.80000
NDC,Model,VS-i-run5/137_1,0.20000,0.50000,0.46667,0.63334,0.46667,0.50000
NDC,Model,VS-i-run5/138_1,0.26667,0.33334,0.40000,0.70000,0.40000,0.33334
NDC,Model,VS-i-run5/139_1,0.16667,0.60000,0.53334,0.56667,0.53334,0.60000
NDC,Model,VS-i-run5/140_1,0.23334,0.46667,0.40000,0.66667,0.40000,0.46667
NDC,Model,VS-i-run5/141_1,0.20000,0.46667,0.46667,0.66667,0.46667,0.46667
NDC,Model,VS-i-run5/142_1,0.16667,0.36667,0.36667,0.73334,0.36667,0.36667
NDC,Model,VS-i-run5/143_1,0.30000,0.40000,0.43334,0.66667,0.43334,0.40000
NDC,Model,VS-i-run5/144_1,0.26667,0.50000,0.46667,0.66667,0.46667,0.50000
NDC,Model,VS-i-run5/145_1,0.26667,0.26667,0.26667,0.83334,0.26667,0.26667
NDC,Model,VS-i-run5/146_1,0.30000,0.53334,0.46667,0.56667,0.46667,0.53334
NDC,Model,VS-i-run5/147_1,0.26667,0.53334,0.40000,0.63334,0.40000,0.53334
NDC,Model,VS-i-run5/148_1,0.33334,0.36667,0.36667,0.66667,0.36667,0.36667
NDC,Model,VS-i-run5/149_1,0.16667,0.76667,0.80000,0.36667,0.80000,0.76667
NDC,Model,VS-i-run5/150_1,0.30000,0.43334,0.43334,0.66667,0.43334,0.43334
NDC,Model,VS-i-run6/151_1,0.26667,0.63334,0.60000,0.50000,0.60000,0.63334
NDC,Model,VS-i-run6/152_1,0.20000,0.46667,0.53334,0.66667,0.53334,0.46667
NDC,Model,VS-i-run6/153_1,0.23334,0.46667,0.46667,0.70000,0.46667,0.46667
NDC,Model,VS-i-run6/154_1,0.10000,0.66667,0.63334,0.50000,0.63334,0.66667
NDC,Model,VS-i-run6/155_1,0.26667,0.36667,0.40000,0.70000,0.40000,0.36667
NDC,Model,VS-i-run6/156_1,0.20000,0.46667,0.53334,0.70000,0.53334,0.46667
NDC,Model,VS-i-run6/157_1,0.16667,0.73334,0.76667,0.50000,0.76667,0.73334
NDC,Model,VS-i-run6/158_1,0.13334,0.36667,0.40000,0.76667,0.40000,0.36667
NDC,Model,VS-i-run6/159_1,0.26667,0.46667,0.46667,0.70000,0.46667,0.46667
NDC,Model,VS-i-run6/160_1,0.20000,0.43334,0.46667,0.73334,0.46667,0.43334
NDC,Model,VS-i-run6/161_1,0.30000,0.50000,0.60000,0.53334,0.60000,0.50000
NDC,Model,VS-i-run6/162_1,0.23334,0.53334,0.53334,0.66667,0.53334,0.53334
NDC,Model,VS-i-run6/163_1,0.10000,0.70000,0.76667,0.50000,0.76667,0.70000
NDC,Model,VS-i-run6/164_1,0.36667,0.26667,0.26667,0.73334,0.26667,0.26667
NDC,Model,VS-i-run6/165_1,0.10000,0.66667,0.66667,0.53334,0.66667,0.66667
NDC,Model,VS-i-run6/166_1,0.30000,0.33334,0.33334,0.80000,0.33334,0.33334
NDC,Model,VS-i-run6/167_1,0.33334,0.33334,0.26667,0.70000,0.26667,0.33334
NDC,Model,VS-i-run6/168_1,0.16667,0.60000,0.56667,0.60000,0.56667,0.60000
NDC,Model,VS-i-run6/169_1,0.20000,0.50000,0.46667,0.66667,0.46667,0.50000
NDC,Model,VS-i-run6/170_1,0.16667,0.53334,0.60000,0.60000,0.60000,0.53334
NDC,Model,VS-i-run6/171_1,0.30000,0.43334,0.43334,0.70000,0.43334,0.43334
NDC,Model,VS-i-run6/172_1,0.33334,0.33334,0.30000,0.80000,0.30000,0.33334
NDC,Model,VS-i-run6/173_1,0.10000,0.73334,0.73334,0.43334,0.73334,0.73334
NDC,Model,VS-i-run6/174_1,0.20000,0.66667,0.66667,0.56667,0.66667,0.66667
NDC,Model,VS-i-run6/175_1,0.26667,0.63334,0.56667,0.56667,0.56667,0.63334
NDC,Model,VS-i-run6/176_1,0.23334,0.63334,0.60000,0.53334,0.60000,0.63334
NDC,Model,VS-i-run6/177_1,0.20000,0.53334,0.53334,0.63334,0.53334,0.53334
NDC,Model,VS-i-run6/178_1,0.23334,0.43334,0.46667,0.66667,0.46667,0.43334
NDC,Model,VS-i-run6/179_1,0.30000,0.36667,0.40000,0.70000,0.40000,0.36667
NDC,Model,VS-i-run6/180_1,0.20000,0.60000,0.56667,0.63334,0.56667,0.60000
NDC,Model,VS-i-run7/181_1,0.20000,0.46667,0.53334,0.63334,0.53334,0.46667
NDC,Model,VS-i-run7/182_1,0.23334,0.50000,0.60000,0.60000,0.60000,0.50000
NDC,Model,VS-i-run7/183_1,0.26667,0.60000,0.60000,0.56667,0.60000,0.60000
NDC,Model,VS-i-run7/184_1,0.16667,0.33334,0.40000,0.76667,0.40000,0.33334
NDC,Model,VS-i-run7/185_1,0.16667,0.56667,0.60000,0.60000,0.60000,0.56667
NDC,Model,VS-i-run7/186_1,0.36667,0.20000,0.16667,0.80000,0.16667,0.20000
NDC,Model,VS-i-run7/187_1,0.23334,0.53334,0.56667,0.60000,0.56667,0.53334
NDC,Model,VS-i-run7/188_1,0.20000,0.56667,0.60000,0.56667,0.60000,0.56667
NDC,Model,VS-i-run7/189_1,0.26667,0.36667,0.36667,0.73334,0.36667,0.36667
NDC,Model,VS-i-run7/190_1,0.16667,0.63334,0.63334,0.56667,0.63334,0.63334
NDC,Model,VS-i-run7/191_1,0.20000,0.40000,0.36667,0.73334,0.36667,0.40000
NDC,Model,VS-i-run7/192_1,0.33334,0.43334,0.43334,0.60000,0.43334,0.43334
NDC,Model,VS-i-run7/193_1,0.26667,0.53334,0.60000,0.60000,0.60000,0.53334
NDC,Model,VS-i-run7/194_1,0.30000,0.30000,0.33334,0.76667,0.33334,0.30000
NDC,Model,VS-i-run7/195_1,0.20000,0.70000,0.66667,0.53334,0.66667,0.70000
NDC,Model,VS-i-run7/196_1,0.16667,0.70000,0.70000,0.50000,0.70000,0.70000
NDC,Model,VS-i-run7/197_1,0.23334,0.53334,0.46667,0.66667,0.46667,0.53334
NDC,Model,VS-i-run7/198_1,0.20000,0.56667,0.60000,0.60000,0.60000,0.56667
NDC,Model,VS-i-run7/199_1,0.13334,0.60000,0.60000,0.60000,0.60000,0.60000
NDC,Model,VS-i-run7/200_1,0.26667,0.40000,0.43334,0.70000,0.43334,0.40000
NDC,Model,VS-i-run7/201_1,0.40000,0.33334,0.36667,0.73334,0.36667,0.33334
NDC,Model,VS-i-run7/202_1,0.26667,0.46667,0.50000,0.66667,0.50000,0.46667
NDC,Model,VS-i-run7/203_1,0.36667,0.40000,0.36667,0.66667,0.36667,0.40000
NDC,Model,VS-i-run7/204_1,0.30000,0.50000,0.43334,0.63334,0.43334,0.50000
NDC,Model,VS-i-run7/205_1,0.16667,0.53334,0.53334,0.66667,0.53334,0.53334
NDC,Model,VS-i-run7/206_1,0.16667,0.40000,0.40000,0.73334,0.40000,0.40000
NDC,Model,VS-i-run7/207_1,0.13334,0.60000,0.53334,0.63334,0.53334,0.60000
NDC,Model,VS-i-run7/208_1,0.16667,0.60000,0.56667,0.56667,0.56667,0.60000
NDC,Model,VS-i-run7/209_1,0.20000,0.70000,0.66667,0.50000,0.66667,0.70000
NDC,Model,VS-i-run7/210_1,0.33334,0.26667,0.26667,0.76667,0.26667,0.26667
NDC,Model,VS-i-run8/211_1,0.26667,0.36667,0.36667,0.73334,0.36667,0.36667
NDC,Model,VS-i-run8/212_1,0.20000,0.60000,0.60000,0.56667,0.60000,0.60000
NDC,Model,VS-i-run8/213_1,0.30000,0.33334,0.36667,0.70000,0.36667,0.33334
NDC,Model,VS-i-run8/214_1,0.10000,0.63334,0.66667,0.56667,0.66667,0.63334
NDC,Model,VS-i-run8/215_1,0.16667,0.66667,0.66667,0.53334,0.66667,0.66667
NDC,Model,VS-i-run8/216_1,0.10000,0.66667,0.66667,0.56667,0.66667,0.66667
NDC,Model,VS-i-run8/217_1,0.23334,0.40000,0.40000,0.73334,0.40000,0.40000
NDC,Model,VS-i-run8/218_1,0.16667,0.60000,0.60000,0.63334,0.60000,0.60000
NDC,Model,VS-i-run8/219_1,0.33334,0.40000,0.33334,0.76667,0.33334,0.40000
NDC,Model,VS-i-run8/220_1,0.20000,0.46667,0.50000,0.70000,0.50000,0.46667
NDC,Model,VS-i-run8/221_1,0.10000,0.56667,0.50000,0.63334,0.50000,0.56667
NDC,Model,VS-i-run8/222_1,0.20000,0.60000,0.56667,0.63334,0.56667,0.60000
NDC,Model,VS-i-run8/223_1,0.23334,0.43334,0.40000,0.70000,0.40000,0.43334
NDC,Model,VS-i-run8/224_1,0.40000,0.23334,0.26667,0.80000,0.26667,0.23334
NDC,Model,VS-i-run8/225_1,0.13334,0.63334,0.70000,0.53334,0.70000,0.63334
NDC,Model,VS-i-run8/226_1,0.16667,0.73334,0.70000,0.46667,0.70000,0.73334
NDC,Model,VS-i-run8/227_1,0.20000,0.53334,0.50000,0.66667,0.50000,0.53334
NDC,Model,VS-i-run8/228_1,0.20000,0.50000,0.50000,0.63334,0.50000,0.50000
NDC,Model,VS-i-run8/229_1,0.33334,0.40000,0.36667,0.66667,0.36667,0.40000
NDC,Model,VS-i-run8/230_1,0.26667,0.50000,0.43334,0.66667,0.43334,0.50000
NDC,Model,VS-i-run8/231_1,0.10000,0.63334,0.66667,0.60000,0.66667,0.63334
NDC,Model,VS-i-run8/232_1,0.16667,0.63334,0.60000,0.53334,0.60000,0.63334
NDC,Model,VS-i-run8/233_1,0.10000,0.80000,0.76667,0.40000,0.76667,0.80000
NDC,Model,VS-i-run8/234_1,0.23334,0.50000,0.50000,0.66667,0.50000,0.50000
NDC,Model,VS-i-run8/235_1,0.20000,0.36667,0.40000,0.76667,0.40000,0.36667
NDC,Model,VS-i-run8/236_1,0.13334,0.53334,0.56667,0.63334,0.56667,0.53334
NDC,Model,VS-i-run8/237_1,0.23334,0.36667,0.33334,0.76667,0.33334,0.36667
NDC,Model,VS-i-run8/238_1,0.10000,0.73334,0.63334,0.53334,0.63334,0.73334
NDC,Model,VS-i-run8/239_1,0.13334,0.60000,0.50000,0.63334,0.50000,0.60000
NDC,Model,VS-i-run8/240_1,0.16667,0.56667,0.63334,0.63334,0.63334,0.56667
NDC,Model,VS-i-run9/241_1,0.30000,0.46667,0.46667,0.70000,0.46667,0.46667
NDC,Model,VS-i-run9/242_1,0.26667,0.36667,0.40000,0.70000,0.40000,0.36667
NDC,Model,VS-i-run9/243_1,0.43334,0.33334,0.33334,0.63334,0.33334,0.33334
NDC,Model,VS-i-run9/244_1,0.23334,0.26667,0.26667,0.83334,0.26667,0.26667
NDC,Model,VS-i-run9/245_1,0.20000,0.50000,0.53334,0.60000,0.53334,0.50000
NDC,Model,VS-i-run9/246_1,0.13334,0.40000,0.33334,0.76667,0.33334,0.40000
NDC,Model,VS-i-run9/247_1,0.20000,0.23334,0.26667,0.80000,0.26667,0.23334
NDC,Model,VS-i-run9/248_1,0.23334,0.56667,0.53334,0.63334,0.53334,0.56667
NDC,Model,VS-i-run9/249_1,0.23334,0.63334,0.60000,0.53334,0.60000,0.63334
NDC,Model,VS-i-run9/250_1,0.26667,0.36667,0.43334,0.70000,0.43334,0.36667
NDC,Model,VS-i-run9/251_1,0.20000,0.56667,0.53334,0.63334,0.53334,0.56667
NDC,Model,VS-i-run9/252_1,0.16667,0.56667,0.50000,0.63334,0.50000,0.56667
NDC,Model,VS-i-run9/253_1,0.30000,0.56667,0.53334,0.56667,0.53334,0.56667
NDC,Model,VS-i-run9/254_1,0.10000,0.76667,0.73334,0.50000,0.73334,0.76667
NDC,Model,VS-i-run9/255_1,0.10000,0.63334,0.63334,0.60000,0.63334,0.63334
NDC,Model,VS-i-run9/256_1,0.16667,0.73334,0.70000,0.50000,0.70000,0.73334
NDC,Model,VS-i-run9/257_1,0.16667,0.66667,0.73334,0.56667,0.73334,0.66667
NDC,Model,VS-i-run9/258_1,0.16667,0.63334,0.60000,0.56667,0.60000,0.63334
NDC,Model,VS-i-run9/259_1,0.16667,0.46667,0.46667,0.66667,0.46667,0.46667
NDC,Model,VS-i-run9/260_1,0.16667,0.50000,0.53334,0.63334,0.53334,0.50000
NDC,Model,VS-i-run9/261_1,0.30000,0.56667,0.56667,0.53334,0.56667,0.56667
NDC,Model,VS-i-run9/262_1,0.13334,0.73334,0.73334,0.40000,0.73334,0.73334
NDC,Model,VS-i-run9/263_1,0.26667,0.30000,0.33334,0.76667,0.33334,0.30000
NDC,Model,VS-i-run9/264_1,0.13334,0.73334,0.76667,0.50000,0.76667,0.73334
NDC,Model,VS-i-run9/265_1,0.20000,0.66667,0.63334,0.50000,0.63334,0.66667
NDC,Model,VS-i-run9/266_1,0.16667,0.53334,0.56667,0.63334,0.56667,0.53334
NDC,Model,VS-i-run9/267_1,0.23334,0.33334,0.33334,0.76667,0.33334,0.33334
NDC,Model,VS-i-run9/268_1,0.30000,0.50000,0.53334,0.63334,0.53334,0.50000
NDC,Model,VS-i-run9/269_1,0.13334,0.60000,0.60000,0.63334,0.60000,0.60000
NDC,Model,VS-i-run9/270_1,0.33334,0.40000,0.40000,0.76667,0.40000,0.40000
NDC,NHLattice,VS-i-run1/10_1,0.20000,0.33334,0.16667,0.86667,0.16667,0.20000
NDC,NHLattice,VS-i-run1/11_1,0.60000,0.26667,0.53334,0.56667,0.60000,0.56667
NDC,NHLattice,VS-i-run1/12_1,0.63334,0.23334,0.56667,0.70000,0.63334,0.70000
NDC,NHLattice,VS-i-run1/13_1,0.63334,0.20000,0.53334,0.66667,0.63334,0.66667
NDC,NHLattice,VS-i-run1/14_1,0.56667,0.23334,0.60000,0.50000,0.56667,0.50000
NDC,NHLattice,VS-i-run1/15_1,0.70000,0.10000,0.53334,0.73334,0.73334,0.70000
NDC,NHLattice,VS-i-run1/16_1,0.43334,0.20000,0.43334,0.73334,0.43334,0.43334
NDC,NHLattice,VS-i-run1/17_1,0.60000,0.23334,0.60000,0.56667,0.60000,0.60000
NDC,NHLattice,VS-i-run1/18_1,0.73334,0.23334,0.53334,0.63334,0.73334,0.63334
NDC,NHLattice,VS-i-run1/19_1,0.50000,0.20000,0.46667,0.60000,0.50000,0.46667
NDC,NHLattice,VS-i-run1/1_1,0.46667,0.20000,0.63334,0.56667,0.56667,0.46667
NDC,NHLattice,VS-i-run1/20_1,0.66667,0.23334,0.60000,0.60000,0.66667,0.60000
NDC,NHLattice,VS-i-run1/21_1,0.53334,0.26667,0.60000,0.53334,0.53334,0.53334
NDC,NHLattice,VS-i-run1/22_1,0.30000,0.26667,0.76667,0.30000,0.30000,0.30000
NDC,NHLattice,VS-i-run1/23_1,0.53334,0.23334,0.46667,0.66667,0.53334,0.46667
NDC,NHLattice,VS-i-run1/24_1,0.70000,0.16667,0.53334,0.63334,0.70000,0.63334
NDC,NHLattice,VS-i-run1/25_1,0.36667,0.33334,0.70000,0.40000,0.40000,0.36667
NDC,NHLattice,VS-i-run1/26_1,0.70000,0.16667,0.46667,0.70000,0.70000,0.70000
NDC,NHLattice,VS-i-run1/27_1,0.46667,0.26667,0.66667,0.50000,0.46667,0.50000
NDC,NHLattice,VS-i-run1/28_1,0.53334,0.23334,0.56667,0.60000,0.60000,0.53334
NDC,NHLattice,VS-i-run1/29_1,0.40000,0.16667,0.66667,0.50000,0.50000,0.40000
NDC,NHLattice,VS-i-run1/2_1,0.53334,0.16667,0.66667,0.53334,0.53334,0.53334
NDC,NHLattice,VS-i-run1/30_1,0.53334,0.20000,0.63334,0.46667,0.53334,0.46667
NDC,NHLattice,VS-i-run1/3_1,0.60000,0.20000,0.56667,0.63334,0.63334,0.60000
NDC,NHLattice,VS-i-run1/4_1,0.40000,0.23334,0.43334,0.70000,0.40000,0.43334
NDC,NHLattice,VS-i-run1/5_1,0.33334,0.26667,0.76667,0.26667,0.33334,0.26667
NDC,NHLattice,VS-i-run1/6_1,0.43334,0.23334,0.73334,0.46667,0.43334,0.46667
NDC,NHLattice,VS-i-run1/7_1,0.66667,0.06667,0.60000,0.63334,0.63334,0.66667
NDC,NHLattice,VS-i-run1/8_1,0.43334,0.30000,0.70000,0.40000,0.43334,0.40000
NDC,NHLattice,VS-i-run1/9_1,0.60000,0.16667,0.60000,0.56667,0.56667,0.60000
NDC,NHLattice,VS-i-run10/271_1,0.40000,0.30000,0.43334,0.63334,0.40000,0.43334
NDC,NHLattice,VS-i-run10/272_1,0.40000,0.20000,0.70000,0.43334,0.40000,0.43334
NDC,NHLattice,VS-i-run10/273_1,0.33334,0.26667,0.73334,0.33334,0.33334,0.33334
NDC,NHLattice,VS-i-run10/274_1,0.70000,0.13334,0.66667,0.53334,0.70000,0.66667
NDC,NHLattice,VS-i-run10/275_1,0.43334,0.20000,0.73334,0.36667,0.36667,0.43334
NDC,NHLattice,VS-i-run10/276_1,0.40000,0.30000,0.76667,0.36667,0.40000,0.36667
NDC,NHLattice,VS-i-run10/277_1,0.46667,0.20000,0.73334,0.40000,0.46667,0.40000
NDC,NHLattice,VS-i-run10/278_1,0.50000,0.16667,0.46667,0.70000,0.46667,0.50000
NDC,NHLattice,VS-i-run10/279_1,0.66667,0.16667,0.50000,0.70000,0.66667,0.70000
NDC,NHLattice,VS-i-run10/280_1,0.36667,0.26667,0.70000,0.43334,0.36667,0.43334
NDC,NHLattice,VS-i-run10/281_1,0.50000,0.26667,0.66667,0.46667,0.50000,0.46667
NDC,NHLattice,VS-i-run10/282_1,0.60000,0.16667,0.60000,0.56667,0.60000,0.56667
NDC,NHLattice,VS-i-run10/283_1,0.63334,0.13334,0.60000,0.56667,0.63334,0.56667
NDC,NHLattice,VS-i-run10/284_1,0.73334,0.16667,0.43334,0.76667,0.76667,0.73334
NDC,NHLattice,VS-i-run10/285_1,0.76667,0.13334,0.40000,0.76667,0.76667,0.76667
NDC,NHLattice,VS-i-run10/286_1,0.56667,0.20000,0.60000,0.56667,0.56667,0.60000
NDC,NHLattice,VS-i-run10/287_1,0.56667,0.13334,0.56667,0.60000,0.60000,0.56667
NDC,NHLattice,VS-i-run10/288_1,0.60000,0.10000,0.63334,0.63334,0.63334,0.60000
NDC,NHLattice,VS-i-run10/289_1,0.56667,0.16667,0.63334,0.60000,0.60000,0.56667
NDC,NHLattice,VS-i-run10/290_1,0.46667,0.20000,0.73334,0.36667,0.46667,0.36667
NDC,NHLattice,VS-i-run10/291_1,0.46667,0.16667,0.66667,0.53334,0.53334,0.46667
NDC,NHLattice,VS-i-run10/292_1,0.66667,0.13334,0.60000,0.56667,0.66667,0.60000
NDC,NHLattice,VS-i-run10/293_1,0.60000,0.13334,0.63334,0.63334,0.60000,0.63334
NDC,NHLattice,VS-i-run10/294_1,0.46667,0.36667,0.60000,0.43334,0.43334,0.46667
NDC,NHLattice,VS-i-run10/295_1,0.30000,0.33334,0.33334,0.66667,0.30000,0.33334
NDC,NHLattice,VS-i-run10/296_1,0.30000,0.26667,0.80000,0.33334,0.33334,0.30000
NDC,NHLattice,VS-i-run10/297_1,0.50000,0.23334,0.66667,0.53334,0.50000,0.53334
NDC,NHLattice,VS-i-run10/298_1,0.46667,0.30000,0.63334,0.46667,0.46667,0.46667
NDC,NHLattice,VS-i-run10/299_1,0.53334,0.16667,0.56667,0.60000,0.53334,0.56667
NDC,NHLattice,VS-i-run10/300_1,0.40000,0.13334,0.73334,0.43334,0.40000,0.43334
NDC,NHLattice,VS-i-run11/301_1,0.30000,0.33334,0.80000,0.33334,0.30000,0.33334
NDC,NHLattice,VS-i-run11/302_1,0.46667,0.16667,0.66667,0.53334,0.46667,0.53334
NDC,NHLattice,VS-i-run11/303_1,0.53334,0.16667,0.50000,0.66667,0.53334,0.50000
NDC,NHLattice,VS-i-run11/304_1,0.46667,0.20000,0.66667,0.53334,0.53334,0.46667
NDC,NHLattice,VS-i-run11/305_1,0.46667,0.23334,0.40000,0.70000,0.46667,0.40000
NDC,NHLattice,VS-i-run11/306_1,0.43334,0.20000,0.46667,0.70000,0.43334,0.46667
NDC,NHLattice,VS-i-run11/307_1,0.50000,0.26667,0.63334,0.53334,0.53334,0.50000
NDC,NHLattice,VS-i-run11/308_1,0.53334,0.10000,0.63334,0.60000,0.60000,0.53334
NDC,NHLattice,VS-i-run11/309_1,0.26667,0.23334,0.80000,0.33334,0.26667,0.33334
NDC,NHLattice,VS-i-run11/310_1,0.56667,0.26667,0.60000,0.60000,0.56667,0.60000
NDC,NHLattice,VS-i-run11/311_1,0.50000,0.23334,0.63334,0.46667,0.50000,0.46667
NDC,NHLattice,VS-i-run11/312_1,0.60000,0.20000,0.60000,0.60000,0.60000,0.60000
NDC,NHLattice,VS-i-run11/313_1,0.80000,0.10000,0.73334,0.53334,0.80000,0.73334
NDC,NHLattice,VS-i-run11/314_1,0.56667,0.23334,0.60000,0.50000,0.56667,0.50000
NDC,NHLattice,VS-i-run11/315_1,0.56667,0.20000,0.60000,0.53334,0.53334,0.56667
NDC,NHLattice,VS-i-run11/316_1,0.36667,0.30000,0.70000,0.40000,0.36667,0.40000
NDC,NHLattice,VS-i-run11/317_1,0.36667,0.26667,0.76667,0.40000,0.40000,0.36667
NDC,NHLattice,VS-i-run11/318_1,0.60000,0.16667,0.60000,0.60000,0.60000,0.60000
NDC,NHLattice,VS-i-run11/319_1,0.46667,0.33334,0.63334,0.46667,0.46667,0.46667
NDC,NHLattice,VS-i-run11/320_1,0.63334,0.20000,0.56667,0.60000,0.63334,0.56667
NDC,NHLattice,VS-i-run11/321_1,0.46667,0.33334,0.63334,0.46667,0.46667,0.46667
NDC,NHLattice,VS-i-run11/322_1,0.66667,0.16667,0.53334,0.66667,0.66667,0.66667
NDC,NHLattice,VS-i-run11/323_1,0.56667,0.13334,0.53334,0.66667,0.66667,0.56667
NDC,NHLattice,VS-i-run11/324_1,0.46667,0.20000,0.70000,0.46667,0.46667,0.46667
NDC,NHLattice,VS-i-run11/325_1,0.40000,0.33334,0.73334,0.36667,0.40000,0.36667
NDC,NHLattice,VS-i-run11/326_1,0.56667,0.26667,0.66667,0.50000,0.56667,0.50000
NDC,NHLattice,VS-i-run11/327_1,0.40000,0.23334,0.73334,0.36667,0.40000,0.36667
NDC,NHLattice,VS-i-run11/328_1,0.56667,0.10000,0.63334,0.56667,0.56667,0.56667
NDC,NHLattice,VS-i-run11/329_1,0.86667,0.06667,0.83334,0.40000,0.86667,0.83334
NDC,NHLattice,VS-i-run11/330_1,0.33334,0.23334,0.76667,0.33334,0.33334,0.33334
NDC,NHLattice,VS-i-run12/331_1,0.26667,0.26667,0.76667,0.23334,0.26667,0.23334
NDC,NHLattice,VS-i-run12/332_1,0.66667,0.16667,0.53334,0.60000,0.66667,0.60000
NDC,NHLattice,VS-i-run12/333_1,0.26667,0.30000,0.80000,0.23334,0.26667,0.23334
NDC,NHLattice,VS-i-run12/334_1,0.60000,0.26667,0.60000,0.56667,0.60000,0.56667
NDC,NHLattice,VS-i-run12/335_1,0.30000,0.20000,0.76667,0.33334,0.30000,0.33334
NDC,NHLattice,VS-i-run12/336_1,0.60000,0.13334,0.60000,0.60000,0.60000,0.60000
NDC,NHLattice,VS-i-run12/337_1,0.53334,0.13334,0.66667,0.50000,0.50000,0.53334
NDC,NHLattice,VS-i-run12/338_1,0.56667,0.16667,0.60000,0.56667,0.56667,0.56667
NDC,NHLattice,VS-i-run12/339_1,0.40000,0.26667,0.66667,0.43334,0.43334,0.40000
NDC,NHLattice,VS-i-run12/340_1,0.53334,0.16667,0.50000,0.66667,0.53334,0.50000
NDC,NHLattice,VS-i-run12/341_1,0.36667,0.16667,0.76667,0.36667,0.36667,0.36667
NDC,NHLattice,VS-i-run12/342_1,0.16667,0.20000,0.83334,0.20000,0.16667,0.20000
NDC,NHLattice,VS-i-run12/343_1,0.56667,0.20000,0.63334,0.46667,0.56667,0.46667
NDC,NHLattice,VS-i-run12/344_1,0.63334,0.23334,0.56667,0.60000,0.63334,0.60000
NDC,NHLattice,VS-i-run12/345_1,0.50000,0.16667,0.63334,0.40000,0.50000,0.40000
NDC,NHLattice,VS-i-run12/346_1,0.60000,0.13334,0.60000,0.60000,0.60000,0.60000
NDC,NHLattice,VS-i-run12/347_1,0.33334,0.26667,0.76667,0.30000,0.33334,0.30000
NDC,NHLattice,VS-i-run12/348_1,0.73334,0.13334,0.46667,0.76667,0.76667,0.73334
NDC,NHLattice,VS-i-run12/349_1,0.80000,0.13334,0.43334,0.73334,0.73334,0.80000
NDC,NHLattice,VS-i-run12/350_1,0.36667,0.20000,0.76667,0.33334,0.36667,0.33334
NDC,NHLattice,VS-i-run12/351_1,0.56667,0.16667,0.66667,0.56667,0.56667,0.56667
NDC,NHLattice,VS-i-run12/352_1,0.66667,0.16667,0.63334,0.53334,0.66667,0.63334
NDC,NHLattice,VS-i-run12/353_1,0.56667,0.16667,0.63334,0.53334,0.53334,0.56667
NDC,NHLattice,VS-i-run12/354_1,0.60000,0.26667,0.60000,0.56667,0.56667,0.60000
NDC,NHLattice,VS-i-run12/355_1,0.40000,0.26667,0.43334,0.70000,0.43334,0.40000
NDC,NHLattice,VS-i-run12/356_1,0.63334,0.16667,0.60000,0.60000,0.60000,0.63334
NDC,NHLattice,VS-i-run12/357_1,0.53334,0.30000,0.60000,0.56667,0.56667,0.53334
NDC,NHLattice,VS-i-run12/358_1,0.56667,0.23334,0.56667,0.56667,0.56667,0.56667
NDC,NHLattice,VS-i-run12/359_1,0.63334,0.10000,0.60000,0.56667,0.63334,0.56667
NDC,NHLattice,VS-i-run12/360_1,0.56667,0.10000,0.50000,0.66667,0.56667,0.50000
NDC,NHLattice,VS-i-run13/361_1,0.53334,0.23334,0.66667,0.43334,0.53334,0.43334
NDC,NHLattice,VS-i-run13/362_1,0.43334,0.16667,0.70000,0.40000,0.43334,0.40000
NDC,NHLattice,VS-i-run13/363_1,0.60000,0.20000,0.56667,0.56667,0.60000,0.56667
NDC,NHLattice,VS-i-run13/364_1,0.40000,0.36667,0.73334,0.36667,0.40000,0.36667
NDC,NHLattice,VS-i-run13/365_1,0.56667,0.13334,0.63334,0.56667,0.56667,0.56667
NDC,NHLattice,VS-i-run13/366_1,0.40000,0.20000,0.70000,0.40000,0.40000,0.40000
NDC,NHLattice,VS-i-run13/367_1,0.50000,0.16667,0.70000,0.43334,0.50000,0.43334
NDC,NHLattice,VS-i-run13/368_1,0.60000,0.10000,0.63334,0.56667,0.60000,0.63334
NDC,NHLattice,VS-i-run13/369_1,0.40000,0.26667,0.73334,0.40000,0.40000,0.40000
NDC,NHLattice,VS-i-run13/370_1,0.70000,0.10000,0.50000,0.70000,0.70000,0.70000
NDC,NHLattice,VS-i-run13/371_1,0.46667,0.33334,0.60000,0.46667,0.46667,0.46667
NDC,NHLattice,VS-i-run13/372_1,0.60000,0.16667,0.63334,0.56667,0.60000,0.56667
NDC,NHLattice,VS-i-run13/373_1,0.20000,0.30000,0.83334,0.20000,0.20000,0.20000
NDC,NHLattice,VS-i-run13/374_1,0.56667,0.23334,0.56667,0.60000,0.56667,0.56667
NDC,NHLattice,VS-i-run13/375_1,0.53334,0.20000,0.60000,0.56667,0.53334,0.56667
NDC,NHLattice,VS-i-run13/376_1,0.43334,0.23334,0.70000,0.46667,0.46667,0.43334
NDC,NHLattice,VS-i-run13/377_1,0.36667,0.26667,0.36667,0.73334,0.36667,0.36667
NDC,NHLattice,VS-i-run13/378_1,0.66667,0.23334,0.60000,0.60000,0.66667,0.60000
NDC,NHLattice,VS-i-run13/379_1,0.66667,0.13334,0.53334,0.60000,0.60000,0.66667
NDC,NHLattice,VS-i-run13/380_1,0.53334,0.23334,0.63334,0.53334,0.53334,0.53334
NDC,NHLattice,VS-i-run13/381_1,0.46667,0.20000,0.70000,0.43334,0.43334,0.46667
NDC,NHLattice,VS-i-run13/382_1,0.53334,0.16667,0.66667,0.46667,0.53334,0.46667
NDC,NHLattice,VS-i-run13/383_1,0.53334,0.20000,0.53334,0.63334,0.53334,0.53334
NDC,NHLattice,VS-i-run13/384_1,0.43334,0.33334,0.46667,0.66667,0.43334,0.46667
NDC,NHLattice,VS-i-run13/385_1,0.70000,0.10000,0.53334,0.66667,0.66667,0.70000
NDC,NHLattice,VS-i-run13/386_1,0.46667,0.23334,0.63334,0.50000,0.50000,0.46667
NDC,NHLattice,VS-i-run13/387_1,0.50000,0.20000,0.66667,0.50000,0.50000,0.50000
NDC,NHLattice,VS-i-run13/388_1,0.43334,0.20000,0.40000,0.73334,0.43334,0.40000
NDC,NHLattice,VS-i-run13/389_1,0.26667,0.26667,0.83334,0.23334,0.26667,0.23334
NDC,NHLattice,VS-i-run13/390_1,0.46667,0.20000,0.63334,0.56667,0.46667,0.56667
NDC,NHLattice,VS-i-run14/181_1,0.43334,0.20000,0.46667,0.66667,0.43334,0.46667
NDC,NHLattice,VS-i-run14/182_1,0.46667,0.20000,0.63334,0.53334,0.46667,0.53334
NDC,NHLattice,VS-i-run14/183_1,0.56667,0.23334,0.63334,0.53334,0.56667,0.53334
NDC,NHLattice,VS-i-run14/184_1,0.46667,0.36667,0.63334,0.53334,0.46667,0.53334
NDC,NHLattice,VS-i-run14/185_1,0.33334,0.16667,0.73334,0.40000,0.33334,0.40000
NDC,NHLattice,VS-i-run14/186_1,0.53334,0.20000,0.56667,0.63334,0.56667,0.53334
NDC,NHLattice,VS-i-run14/187_1,0.43334,0.20000,0.70000,0.36667,0.43334,0.36667
NDC,NHLattice,VS-i-run14/188_1,0.53334,0.30000,0.63334,0.56667,0.56667,0.53334
NDC,NHLattice,VS-i-run14/189_1,0.56667,0.13334,0.63334,0.50000,0.50000,0.56667
NDC,NHLattice,VS-i-run14/190_1,0.46667,0.20000,0.63334,0.50000,0.50000,0.46667
NDC,NHLattice,VS-i-run14/191_1,0.46667,0.26667,0.66667,0.46667,0.46667,0.46667
NDC,NHLattice,VS-i-run14/192_1,0.66667,0.10000,0.60000,0.56667,0.66667,0.60000
NDC,NHLattice,VS-i-run14/193_1,0.40000,0.16667,0.76667,0.36667,0.40000,0.36667
NDC,NHLattice,VS-i-run14/194_1,0.70000,0.16667,0.73334,0.50000,0.70000,0.73334
NDC,NHLattice,VS-i-run14/195_1,0.53334,0.20000,0.66667,0.50000,0.53334,0.50000
NDC,NHLattice,VS-i-run14/196_1,0.43334,0.30000,0.70000,0.46667,0.43334,0.46667
NDC,NHLattice,VS-i-run14/197_1,0.83334,0.06667,0.43334,0.76667,0.76667,0.83334
NDC,NHLattice,VS-i-run14/198_1,0.66667,0.13334,0.56667,0.70000,0.66667,0.70000
NDC,NHLattice,VS-i-run14/199_1,0.43334,0.26667,0.70000,0.43334,0.43334,0.43334
NDC,NHLattice,VS-i-run14/200_1,0.40000,0.30000,0.66667,0.43334,0.43334,0.40000
NDC,NHLattice,VS-i-run14/391_1,0.53334,0.23334,0.56667,0.60000,0.53334,0.56667
NDC,NHLattice,VS-i-run14/392_1,0.66667,0.13334,0.73334,0.53334,0.66667,0.73334
NDC,NHLattice,VS-i-run14/393_1,0.80000,0.16667,0.40000,0.76667,0.80000,0.76667
NDC,NHLattice,VS-i-run14/394_1,0.53334,0.23334,0.63334,0.43334,0.53334,0.43334
NDC,NHLattice,VS-i-run14/395_1,0.66667,0.13334,0.56667,0.70000,0.66667,0.70000
NDC,NHLattice,VS-i-run14/396_1,0.50000,0.16667,0.53334,0.66667,0.53334,0.50000
NDC,NHLattice,VS-i-run14/397_1,0.83334,0.10000,0.36667,0.83334,0.83334,0.83334
NDC,NHLattice,VS-i-run14/398_1,0.56667,0.13334,0.66667,0.60000,0.60000,0.56667
NDC,NHLattice,VS-i-run14/399_1,0.60000,0.23334,0.56667,0.60000,0.60000,0.60000
NDC,NHLattice,VS-i-run14/400_1,0.70000,0.16667,0.46667,0.80000,0.80000,0.70000
NDC,NHLattice,VS-i-run15/10_1,0.76667,0.16667,0.66667,0.53334,0.76667,0.66667
NDC,NHLattice,VS-i-run15/11_1,0.23334,0.30000,0.80000,0.26667,0.23334,0.26667
NDC,NHLattice,VS-i-run15/12_1,0.63334,0.16667,0.63334,0.60000,0.63334,0.60000
NDC,NHLattice,VS-i-run15/13_1,0.46667,0.23334,0.70000,0.43334,0.43334,0.46667
NDC,NHLattice,VS-i-run15/14_1,0.40000,0.20000,0.70000,0.40000,0.40000,0.40000
NDC,NHLattice,VS-i-run15/15_1,0.53334,0.30000,0.56667,0.53334,0.53334,0.53334
NDC,NHLattice,VS-i-run15/16_1,0.40000,0.23334,0.73334,0.36667,0.36667,0.40000
NDC,NHLattice,VS-i-run15/17_1,0.63334,0.16667,0.53334,0.56667,0.63334,0.56667
NDC,NHLattice,VS-i-run15/18_1,0.46667,0.13334,0.63334,0.56667,0.56667,0.46667
NDC,NHLattice,VS-i-run15/19_1,0.83334,0.06667,0.40000,0.76667,0.83334,0.76667
NDC,NHLattice,VS-i-run15/1_1,0.73334,0.10000,0.50000,0.70000,0.73334,0.70000
NDC,NHLattice,VS-i-run15/20_1,0.60000,0.13334,0.60000,0.60000,0.60000,0.60000
NDC,NHLattice,VS-i-run15/21_1,0.53334,0.23334,0.63334,0.50000,0.53334,0.50000
NDC,NHLattice,VS-i-run15/22_1,0.63334,0.10000,0.56667,0.63334,0.63334,0.63334
NDC,NHLattice,VS-i-run15/23_1,0.36667,0.20000,0.76667,0.36667,0.36667,0.36667
NDC,NHLattice,VS-i-run15/24_1,0.50000,0.23334,0.63334,0.53334,0.50000,0.53334
NDC,NHLattice,VS-i-run15/25_1,0.80000,0.13334,0.46667,0.70000,0.80000,0.70000
NDC,NHLattice,VS-i-run15/26_1,0.50000,0.26667,0.53334,0.63334,0.50000,0.53334
NDC,NHLattice,VS-i-run15/27_1,0.53334,0.16667,0.60000,0.60000,0.53334,0.60000
NDC,NHLattice,VS-i-run15/28_1,0.80000,0.10000,0.46667,0.80000,0.80000,0.80000
NDC,NHLattice,VS-i-run15/29_1,0.56667,0.20000,0.63334,0.50000,0.50000,0.56667
NDC,NHLattice,VS-i-run15/2_1,0.63334,0.20000,0.50000,0.63334,0.63334,0.63334
NDC,NHLattice,VS-i-run15/30_1,0.40000,0.26667,0.40000,0.70000,0.40000,0.40000
NDC,NHLattice,VS-i-run15/3_1,0.66667,0.16667,0.50000,0.73334,0.73334,0.66667
NDC,NHLattice,VS-i-run15/4_1,0.50000,0.20000,0.63334,0.46667,0.50000,0.46667
NDC,NHLattice,VS-i-run15/5_1,0.40000,0.16667,0.73334,0.40000,0.40000,0.40000
NDC,NHLattice,VS-i-run15/6_1,0.76667,0.10000,0.50000,0.73334,0.76667,0.73334
NDC,NHLattice,VS-i-run15/7_1,0.83334,0.13334,0.43334,0.76667,0.76667,0.83334
NDC,NHLattice,VS-i-run15/8_1,0.50000,0.26667,0.63334,0.46667,0.46667,0.50000
NDC,NHLattice,VS-i-run15/9_1,0.40000,0.30000,0.43334,0.66667,0.40000,0.43334
NDC,NHLattice,VS-i-run16/31_1,0.50000,0.26667,0.60000,0.50000,0.50000,0.50000
NDC,NHLattice,VS-i-run16/32_1,0.36667,0.30000,0.70000,0.40000,0.40000,0.36667
NDC,NHLattice,VS-i-run16/33_1,0.40000,0.20000,0.73334,0.43334,0.43334,0.40000
NDC,NHLattice,VS-i-run16/34_1,0.30000,0.16667,0.76667,0.36667,0.36667,0.30000
NDC,NHLattice,VS-i-run16/35_1,0.46667,0.26667,0.63334,0.46667,0.46667,0.46667
NDC,NHLattice,VS-i-run16/36_1,0.36667,0.23334,0.36667,0.73334,0.36667,0.36667
NDC,NHLattice,VS-i-run16/37_1,0.46667,0.36667,0.40000,0.60000,0.40000,0.46667
NDC,NHLattice,VS-i-run16/38_1,0.46667,0.26667,0.63334,0.46667,0.46667,0.46667
NDC,NHLattice,VS-i-run16/39_1,0.60000,0.10000,0.53334,0.63334,0.60000,0.53334
NDC,NHLattice,VS-i-run16/40_1,0.63334,0.20000,0.56667,0.56667,0.63334,0.56667
NDC,NHLattice,VS-i-run16/41_1,0.70000,0.16667,0.53334,0.66667,0.66667,0.70000
NDC,NHLattice,VS-i-run16/42_1,0.46667,0.16667,0.50000,0.66667,0.46667,0.50000
NDC,NHLattice,VS-i-run16/43_1,0.50000,0.16667,0.70000,0.53334,0.50000,0.53334
NDC,NHLattice,VS-i-run16/44_1,0.60000,0.13334,0.63334,0.56667,0.60000,0.56667
NDC,NHLattice,VS-i-run16/45_1,0.43334,0.20000,0.73334,0.36667,0.43334,0.36667
NDC,NHLattice,VS-i-run16/46_1,0.23334,0.33334,0.76667,0.26667,0.26667,0.23334
NDC,NHLattice,VS-i-run16/47_1,0.36667,0.33334,0.76667,0.33334,0.36667,0.33334
NDC,NHLattice,VS-i-run16/48_1,0.13334,0.33334,0.83334,0.13334,0.13334,0.13334
NDC,NHLattice,VS-i-run16/49_1,0.66667,0.13334,0.60000,0.53334,0.66667,0.60000
NDC,NHLattice,VS-i-run16/50_1,0.50000,0.10000,0.63334,0.56667,0.50000,0.63334
NDC,NHLattice,VS-i-run16/51_1,0.60000,0.20000,0.56667,0.60000,0.60000,0.60000
NDC,NHLattice,VS-i-run16/52_1,0.53334,0.30000,0.56667,0.53334,0.53334,0.53334
NDC,NHLattice,VS-i-run16/53_1,0.40000,0.30000,0.70000,0.40000,0.40000,0.40000
NDC,NHLattice,VS-i-run16/54_1,0.46667,0.26667,0.66667,0.50000,0.46667,0.50000
NDC,NHLattice,VS-i-run16/55_1,0.46667,0.26667,0.50000,0.66667,0.46667,0.50000
NDC,NHLattice,VS-i-run16/56_1,0.56667,0.20000,0.63334,0.60000,0.60000,0.56667
NDC,NHLattice,VS-i-run16/57_1,0.13334,0.33334,0.13334,0.86667,0.13334,0.13334
NDC,NHLattice,VS-i-run16/58_1,0.63334,0.13334,0.63334,0.53334,0.63334,0.53334
NDC,NHLattice,VS-i-run16/59_1,0.50000,0.13334,0.66667,0.50000,0.50000,0.50000
NDC,NHLattice,VS-i-run16/60_1,0.66667,0.16667,0.53334,0.63334,0.66667,0.63334
NDC,NHLattice,VS-i-run17/61_1,0.63334,0.23334,0.56667,0.53334,0.53334,0.63334
NDC,NHLattice,VS-i-run17/62_1,0.43334,0.13334,0.73334,0.43334,0.43334,0.43334
NDC,NHLattice,VS-i-run17/63_1,0.26667,0.33334,0.80000,0.26667,0.26667,0.26667
NDC,NHLattice,VS-i-run17/64_1,0.26667,0.23334,0.80000,0.26667,0.26667,0.26667
NDC,NHLattice,VS-i-run17/65_1,0.63334,0.23334,0.60000,0.60000,0.63334,0.60000
NDC,NHLattice,VS-i-run17/66_1,0.73334,0.16667,0.50000,0.73334,0.73334,0.73334
NDC,NHLattice,VS-i-run17/67_1,0.60000,0.10000,0.60000,0.60000,0.60000,0.60000
NDC,NHLattice,VS-i-run17/68_1,0.60000,0.23334,0.56667,0.56667,0.60000,0.56667
NDC,NHLattice,VS-i-run17/69_1,0.76667,0.10000,0.43334,0.73334,0.76667,0.73334
NDC,NHLattice,VS-i-run17/70_1,0.66667,0.20000,0.56667,0.60000,0.56667,0.66667
NDC,NHLattice,VS-i-run17/71_1,0.36667,0.16667,0.73334,0.36667,0.36667,0.36667
NDC,NHLattice,VS-i-run17/72_1,0.80000,0.06667,0.73334,0.46667,0.80000,0.73334
NDC,NHLattice,VS-i-run17/73_1,0.70000,0.10000,0.66667,0.53334,0.70000,0.66667
NDC,NHLattice,VS-i-run17/74_1,0.43334,0.26667,0.73334,0.40000,0.40000,0.43334
NDC,NHLattice,VS-i-run17/75_1,0.56667,0.13334,0.60000,0.53334,0.53334,0.56667
NDC,NHLattice,VS-i-run17/76_1,0.50000,0.20000,0.66667,0.46667,0.46667,0.50000
NDC,NHLattice,VS-i-run17/77_1,0.36667,0.23334,0.40000,0.70000,0.40000,0.36667
NDC,NHLattice,VS-i-run17/78_1,0.66667,0.20000,0.53334,0.73334,0.73334,0.66667
NDC,NHLattice,VS-i-run17/79_1,0.56667,0.23334,0.53334,0.63334,0.53334,0.56667
NDC,NHLattice,VS-i-run17/80_1,0.73334,0.20000,0.53334,0.70000,0.73334,0.70000
NDC,NHLattice,VS-i-run17/81_1,0.20000,0.36667,0.80000,0.20000,0.20000,0.20000
NDC,NHLattice,VS-i-run17/82_1,0.26667,0.20000,0.80000,0.23334,0.26667,0.23334
NDC,NHLattice,VS-i-run17/83_1,0.50000,0.23334,0.66667,0.46667,0.50000,0.46667
NDC,NHLattice,VS-i-run17/84_1,0.80000,0.10000,0.46667,0.66667,0.80000,0.66667
NDC,NHLattice,VS-i-run17/85_1,0.43334,0.30000,0.73334,0.40000,0.43334,0.40000
NDC,NHLattice,VS-i-run17/86_1,0.50000,0.26667,0.66667,0.46667,0.50000,0.46667
NDC,NHLattice,VS-i-run17/87_1,0.43334,0.13334,0.73334,0.46667,0.43334,0.46667
NDC,NHLattice,VS-i-run17/88_1,0.56667,0.20000,0.50000,0.66667,0.56667,0.66667
NDC,NHLattice,VS-i-run17/89_1,0.43334,0.20000,0.73334,0.43334,0.43334,0.43334
NDC,NHLattice,VS-i-run17/90_1,0.53334,0.20000,0.60000,0.50000,0.53334,0.50000
NDC,NHLattice,VS-i-run18/100_1,0.43334,0.20000,0.70000,0.50000,0.43334,0.50000
NDC,NHLattice,VS-i-run18/101_1,0.46667,0.20000,0.66667,0.43334,0.46667,0.43334
NDC,NHLattice,VS-i-run18/102_1,0.33334,0.16667,0.26667,0.80000,0.33334,0.26667
NDC,NHLattice,VS-i-run18/103_1,0.46667,0.36667,0.46667,0.53334,0.46667,0.46667
NDC,NHLattice,VS-i-run18/104_1,0.43334,0.26667,0.70000,0.43334,0.43334,0.43334
NDC,NHLattice,VS-i-run18/105_1,0.46667,0.33334,0.63334,0.43334,0.46667,0.43334
NDC,NHLattice,VS-i-run18/106_1,0.43334,0.20000,0.73334,0.40000,0.40000,0.43334
NDC,NHLattice,VS-i-run18/107_1,0.50000,0.20000,0.53334,0.60000,0.50000,0.53334
NDC,NHLattice,VS-i-run18/108_1,0.46667,0.20000,0.66667,0.43334,0.46667,0.43334
NDC,NHLattice,VS-i-run18/109_1,0.36667,0.26667,0.40000,0.76667,0.36667,0.40000
NDC,NHLattice,VS-i-run18/110_1,0.60000,0.16667,0.63334,0.56667,0.60000,0.63334
NDC,NHLattice,VS-i-run18/111_1,0.40000,0.16667,0.76667,0.36667,0.36667,0.40000
NDC,NHLattice,VS-i-run18/112_1,0.53334,0.23334,0.53334,0.60000,0.53334,0.60000
NDC,NHLattice,VS-i-run18/113_1,0.56667,0.13334,0.63334,0.53334,0.56667,0.53334
NDC,NHLattice,VS-i-run18/114_1,0.60000,0.23334,0.63334,0.50000,0.60000,0.50000
NDC,NHLattice,VS-i-run18/115_1,0.46667,0.30000,0.70000,0.50000,0.50000,0.46667
NDC,NHLattice,VS-i-run18/116_1,0.43334,0.26667,0.70000,0.43334,0.43334,0.43334
NDC,NHLattice,VS-i-run18/117_1,0.50000,0.23334,0.50000,0.63334,0.50000,0.50000
NDC,NHLattice,VS-i-run18/118_1,0.43334,0.33334,0.70000,0.40000,0.43334,0.40000
NDC,NHLattice,VS-i-run18/119_1,0.53334,0.16667,0.60000,0.63334,0.53334,0.60000
NDC,NHLattice,VS-i-run18/120_1,0.26667,0.36667,0.76667,0.23334,0.26667,0.23334
NDC,NHLattice,VS-i-run18/91_1,0.40000,0.23334,0.43334,0.73334,0.43334,0.40000
NDC,NHLattice,VS-i-run18/92_1,0.50000,0.20000,0.50000,0.70000,0.50000,0.50000
NDC,NHLattice,VS-i-run18/93_1,0.53334,0.23334,0.60000,0.53334,0.53334,0.53334
NDC,NHLattice,VS-i-run18/94_1,0.36667,0.23334,0.36667,0.76667,0.36667,0.36667
NDC,NHLattice,VS-i-run18/95_1,0.43334,0.20000,0.70000,0.36667,0.43334,0.36667
NDC,NHLattice,VS-i-run18/96_1,0.46667,0.13334,0.70000,0.46667,0.46667,0.46667
NDC,NHLattice,VS-i-run18/97_1,0.36667,0.23334,0.73334,0.40000,0.36667,0.40000
NDC,NHLattice,VS-i-run18/98_1,0.50000,0.13334,0.66667,0.50000,0.50000,0.50000
NDC,NHLattice,VS-i-run18/99_1,0.33334,0.30000,0.73334,0.30000,0.33334,0.30000
NDC,NHLattice,VS-i-run19/121_1,0.60000,0.16667,0.63334,0.60000,0.60000,0.60000
NDC,NHLattice,VS-i-run19/122_1,0.30000,0.23334,0.80000,0.30000,0.30000,0.30000
NDC,NHLattice,VS-i-run19/123_1,0.56667,0.20000,0.60000,0.53334,0.56667,0.53334
NDC,NHLattice,VS-i-run19/124_1,0.36667,0.26667,0.73334,0.33334,0.36667,0.33334
NDC,NHLattice,VS-i-run19/125_1,0.30000,0.26667,0.76667,0.30000,0.30000,0.30000
NDC,NHLattice,VS-i-run19/126_1,0.46667,0.16667,0.50000,0.66667,0.46667,0.50000
NDC,NHLattice,VS-i-run19/127_1,0.60000,0.20000,0.66667,0.56667,0.60000,0.56667
NDC,NHLattice,VS-i-run19/128_1,0.63334,0.16667,0.66667,0.46667,0.63334,0.66667
NDC,NHLattice,VS-i-run19/129_1,0.50000,0.20000,0.50000,0.63334,0.50000,0.50000
NDC,NHLattice,VS-i-run19/130_1,0.63334,0.10000,0.56667,0.66667,0.63334,0.66667
NDC,NHLattice,VS-i-run19/131_1,0.50000,0.20000,0.70000,0.40000,0.50000,0.40000
NDC,NHLattice,VS-i-run19/132_1,0.43334,0.33334,0.66667,0.36667,0.36667,0.43334
NDC,NHLattice,VS-i-run19/133_1,0.56667,0.23334,0.56667,0.60000,0.56667,0.60000
NDC,NHLattice,VS-i-run19/134_1,0.33334,0.33334,0.30000,0.80000,0.33334,0.30000
NDC,NHLattice,VS-i-run19/135_1,0.63334,0.10000,0.56667,0.70000,0.63334,0.70000
NDC,NHLattice,VS-i-run19/136_1,0.43334,0.23334,0.70000,0.40000,0.40000,0.43334
NDC,NHLattice,VS-i-run19/137_1,0.46667,0.20000,0.66667,0.46667,0.46667,0.46667
NDC,NHLattice,VS-i-run19/138_1,0.60000,0.30000,0.56667,0.56667,0.60000,0.56667
NDC,NHLattice,VS-i-run19/139_1,0.50000,0.23334,0.70000,0.46667,0.50000,0.46667
NDC,NHLattice,VS-i-run19/140_1,0.26667,0.13334,0.23334,0.83334,0.26667,0.23334
NDC,NHLattice,VS-i-run19/141_1,0.36667,0.26667,0.70000,0.40000,0.40000,0.36667
NDC,NHLattice,VS-i-run19/142_1,0.60000,0.20000,0.63334,0.53334,0.60000,0.63334
NDC,NHLattice,VS-i-run19/143_1,0.33334,0.20000,0.80000,0.33334,0.33334,0.33334
NDC,NHLattice,VS-i-run19/144_1,0.36667,0.33334,0.66667,0.36667,0.36667,0.36667
NDC,NHLattice,VS-i-run19/145_1,0.30000,0.20000,0.33334,0.73334,0.30000,0.33334
NDC,NHLattice,VS-i-run19/146_1,0.53334,0.16667,0.66667,0.53334,0.53334,0.53334
NDC,NHLattice,VS-i-run19/147_1,0.43334,0.26667,0.70000,0.43334,0.43334,0.43334
NDC,NHLattice,VS-i-run19/148_1,0.50000,0.13334,0.66667,0.53334,0.50000,0.53334
NDC,NHLattice,VS-i-run19/149_1,0.30000,0.16667,0.80000,0.33334,0.30000,0.33334
NDC,NHLattice,VS-i-run19/150_1,0.50000,0.23334,0.66667,0.50000,0.50000,0.50000
NDC,NHLattice,VS-i-run2/31_1,0.50000,0.20000,0.63334,0.56667,0.50000,0.56667
NDC,NHLattice,VS-i-run2/32_1,0.26667,0.43334,0.70000,0.20000,0.26667,0.20000
NDC,NHLattice,VS-i-run2/33_1,0.26667,0.23334,0.80000,0.30000,0.26667,0.30000
NDC,NHLattice,VS-i-run2/34_1,0.36667,0.23334,0.76667,0.40000,0.40000,0.36667
NDC,NHLattice,VS-i-run2/35_1,0.50000,0.30000,0.60000,0.43334,0.50000,0.43334
NDC,NHLattice,VS-i-run2/36_1,0.46667,0.23334,0.43334,0.73334,0.46667,0.43334
NDC,NHLattice,VS-i-run2/37_1,0.36667,0.30000,0.73334,0.36667,0.36667,0.36667
NDC,NHLattice,VS-i-run2/38_1,0.23334,0.33334,0.73334,0.23334,0.23334,0.23334
NDC,NHLattice,VS-i-run2/39_1,0.46667,0.16667,0.70000,0.43334,0.43334,0.46667
NDC,NHLattice,VS-i-run2/40_1,0.56667,0.16667,0.56667,0.60000,0.56667,0.56667
NDC,NHLattice,VS-i-run2/41_1,0.50000,0.26667,0.63334,0.46667,0.46667,0.50000
NDC,NHLattice,VS-i-run2/42_1,0.33334,0.26667,0.70000,0.33334,0.33334,0.33334
NDC,NHLattice,VS-i-run2/43_1,0.36667,0.26667,0.73334,0.33334,0.33334,0.36667
NDC,NHLattice,VS-i-run2/44_1,0.50000,0.33334,0.46667,0.60000,0.46667,0.50000
NDC,NHLattice,VS-i-run2/45_1,0.10000,0.20000,0.90000,0.13334,0.10000,0.13334
NDC,NHLattice,VS-i-run2/46_1,0.30000,0.40000,0.73334,0.30000,0.30000,0.30000
NDC,NHLattice,VS-i-run2/47_1,0.60000,0.23334,0.53334,0.60000,0.60000,0.60000
NDC,NHLattice,VS-i-run2/48_1,0.53334,0.23334,0.56667,0.56667,0.56667,0.53334
NDC,NHLattice,VS-i-run2/49_1,0.30000,0.23334,0.80000,0.30000,0.30000,0.30000
NDC,NHLattice,VS-i-run2/50_1,0.63334,0.26667,0.63334,0.46667,0.63334,0.63334
NDC,NHLattice,VS-i-run2/51_1,0.63334,0.16667,0.60000,0.56667,0.63334,0.56667
NDC,NHLattice,VS-i-run2/52_1,0.53334,0.30000,0.50000,0.53334,0.53334,0.50000
NDC,NHLattice,VS-i-run2/53_1,0.33334,0.30000,0.76667,0.30000,0.30000,0.33334
NDC,NHLattice,VS-i-run2/54_1,0.36667,0.26667,0.76667,0.40000,0.40000,0.36667
NDC,NHLattice,VS-i-run2/55_1,0.46667,0.23334,0.73334,0.43334,0.46667,0.43334
NDC,NHLattice,VS-i-run2/56_1,0.60000,0.16667,0.53334,0.63334,0.60000,0.53334
NDC,NHLattice,VS-i-run2/57_1,0.63334,0.06667,0.53334,0.53334,0.63334,0.53334
NDC,NHLattice,VS-i-run2/58_1,0.70000,0.13334,0.73334,0.50000,0.70000,0.73334
NDC,NHLattice,VS-i-run2/59_1,0.53334,0.13334,0.63334,0.53334,0.53334,0.53334
NDC,NHLattice,VS-i-run2/60_1,0.46667,0.33334,0.60000,0.50000,0.46667,0.50000
NDC,NHLattice,VS-i-run20/151_1,0.46667,0.16667,0.66667,0.46667,0.46667,0.46667
NDC,NHLattice,VS-i-run20/152_1,0.50000,0.20000,0.66667,0.56667,0.50000,0.56667
NDC,NHLattice,VS-i-run20/153_1,0.66667,0.20000,0.53334,0.66667,0.66667,0.66667
NDC,NHLattice,VS-i-run20/154_1,0.76667,0.13334,0.46667,0.80000,0.76667,0.80000
NDC,NHLattice,VS-i-run20/155_1,0.40000,0.26667,0.76667,0.36667,0.36667,0.40000
NDC,NHLattice,VS-i-run20/156_1,0.33334,0.40000,0.70000,0.33334,0.33334,0.33334
NDC,NHLattice,VS-i-run20/157_1,0.73334,0.13334,0.50000,0.70000,0.70000,0.73334
NDC,NHLattice,VS-i-run20/158_1,0.60000,0.16667,0.56667,0.66667,0.66667,0.60000
NDC,NHLattice,VS-i-run20/159_1,0.66667,0.10000,0.66667,0.56667,0.66667,0.66667
NDC,NHLattice,VS-i-run20/160_1,0.60000,0.20000,0.60000,0.53334,0.60000,0.53334
NDC,NHLattice,VS-i-run20/161_1,0.70000,0.10000,0.53334,0.70000,0.70000,0.70000
NDC,NHLattice,VS-i-run20/162_1,0.70000,0.13334,0.53334,0.73334,0.70000,0.73334
NDC,NHLattice,VS-i-run20/163_1,0.50000,0.20000,0.63334,0.46667,0.50000,0.46667
NDC,NHLattice,VS-i-run20/164_1,0.53334,0.13334,0.63334,0.50000,0.53334,0.50000
NDC,NHLattice,VS-i-run20/165_1,0.46667,0.23334,0.43334,0.73334,0.46667,0.43334
NDC,NHLattice,VS-i-run20/166_1,0.43334,0.16667,0.73334,0.43334,0.43334,0.43334
NDC,NHLattice,VS-i-run20/167_1,0.63334,0.10000,0.63334,0.53334,0.63334,0.53334
NDC,NHLattice,VS-i-run20/168_1,0.53334,0.23334,0.63334,0.53334,0.53334,0.53334
NDC,NHLattice,VS-i-run20/169_1,0.56667,0.23334,0.56667,0.56667,0.56667,0.56667
NDC,NHLattice,VS-i-run20/170_1,0.53334,0.23334,0.60000,0.53334,0.53334,0.53334
NDC,NHLattice,VS-i-run20/171_1,0.83334,0.06667,0.43334,0.80000,0.80000,0.83334
NDC,NHLattice,VS-i-run20/172_1,0.50000,0.13334,0.66667,0.50000,0.50000,0.50000
NDC,NHLattice,VS-i-run20/173_1,0.20000,0.26667,0.83334,0.20000,0.20000,0.20000
NDC,NHLattice,VS-i-run20/174_1,0.56667,0.26667,0.66667,0.56667,0.56667,0.66667
NDC,NHLattice,VS-i-run20/175_1,0.56667,0.16667,0.50000,0.63334,0.56667,0.50000
NDC,NHLattice,VS-i-run20/176_1,0.53334,0.23334,0.60000,0.53334,0.53334,0.53334
NDC,NHLattice,VS-i-run20/177_1,0.40000,0.20000,0.70000,0.43334,0.40000,0.43334
NDC,NHLattice,VS-i-run20/178_1,0.50000,0.16667,0.70000,0.40000,0.50000,0.40000
NDC,NHLattice,VS-i-run20/179_1,0.50000,0.13334,0.63334,0.53334,0.50000,0.53334
NDC,NHLattice,VS-i-run20/180_1,0.43334,0.26667,0.43334,0.70000,0.43334,0.43334
NDC,NHLattice,VS-i-run3/61_1,0.56667,0.23334,0.63334,0.50000,0.50000,0.56667
NDC,NHLattice,VS-i-run3/62_1,0.56667,0.26667,0.56667,0.53334,0.56667,0.53334
NDC,NHLattice,VS-i-run3/63_1,0.50000,0.30000,0.50000,0.63334,0.50000,0.50000
NDC,NHLattice,VS-i-run3/64_1,0.50000,0.16667,0.63334,0.63334,0.50000,0.63334
NDC,NHLattice,VS-i-run3/65_1,0.40000,0.26667,0.40000,0.73334,0.40000,0.40000
NDC,NHLattice,VS-i-run3/66_1,0.43334,0.16667,0.70000,0.50000,0.50000,0.43334
NDC,NHLattice,VS-i-run3/67_1,0.30000,0.26667,0.73334,0.40000,0.30000,0.40000
NDC,NHLattice,VS-i-run3/68_1,0.30000,0.26667,0.73334,0.30000,0.30000,0.30000
NDC,NHLattice,VS-i-run3/69_1,0.33334,0.36667,0.73334,0.30000,0.33334,0.30000
NDC,NHLattice,VS-i-run3/70_1,0.30000,0.26667,0.76667,0.26667,0.30000,0.26667
NDC,NHLattice,VS-i-run3/71_1,0.30000,0.30000,0.66667,0.33334,0.33334,0.30000
NDC,NHLattice,VS-i-run3/72_1,0.43334,0.23334,0.70000,0.43334,0.43334,0.43334
NDC,NHLattice,VS-i-run3/73_1,0.63334,0.13334,0.53334,0.60000,0.63334,0.60000
NDC,NHLattice,VS-i-run3/74_1,0.53334,0.23334,0.56667,0.56667,0.53334,0.56667
NDC,NHLattice,VS-i-run3/75_1,0.33334,0.26667,0.73334,0.40000,0.33334,0.40000
NDC,NHLattice,VS-i-run3/76_1,0.53334,0.20000,0.50000,0.63334,0.50000,0.53334
NDC,NHLattice,VS-i-run3/77_1,0.63334,0.16667,0.53334,0.73334,0.73334,0.63334
NDC,NHLattice,VS-i-run3/78_1,0.60000,0.20000,0.56667,0.60000,0.60000,0.60000
NDC,NHLattice,VS-i-run3/79_1,0.56667,0.20000,0.60000,0.60000,0.56667,0.60000
NDC,NHLattice,VS-i-run3/80_1,0.63334,0.16667,0.56667,0.63334,0.63334,0.63334
NDC,NHLattice,VS-i-run3/81_1,0.40000,0.23334,0.73334,0.43334,0.40000,0.43334
NDC,NHLattice,VS-i-run3/82_1,0.60000,0.20000,0.60000,0.53334,0.60000,0.53334
NDC,NHLattice,VS-i-run3/83_1,0.63334,0.20000,0.56667,0.56667,0.56667,0.63334
NDC,NHLattice,VS-i-run3/84_1,0.56667,0.33334,0.53334,0.46667,0.46667,0.56667
NDC,NHLattice,VS-i-run3/85_1,0.46667,0.26667,0.73334,0.40000,0.46667,0.40000
NDC,NHLattice,VS-i-run3/86_1,0.63334,0.13334,0.56667,0.70000,0.70000,0.63334
NDC,NHLattice,VS-i-run3/87_1,0.50000,0.20000,0.63334,0.50000,0.50000,0.50000
NDC,NHLattice,VS-i-run3/88_1,0.36667,0.20000,0.40000,0.73334,0.40000,0.36667
NDC,NHLattice,VS-i-run3/89_1,0.66667,0.13334,0.50000,0.73334,0.73334,0.66667
NDC,NHLattice,VS-i-run3/90_1,0.53334,0.16667,0.66667,0.53334,0.53334,0.53334
NDC,NHLattice,VS-i-run4/100_1,0.56667,0.10000,0.60000,0.60000,0.60000,0.56667
NDC,NHLattice,VS-i-run4/101_1,0.36667,0.40000,0.36667,0.66667,0.36667,0.36667
NDC,NHLattice,VS-i-run4/102_1,0.56667,0.13334,0.56667,0.63334,0.56667,0.63334
NDC,NHLattice,VS-i-run4/103_1,0.76667,0.06667,0.83334,0.40000,0.76667,0.83334
NDC,NHLattice,VS-i-run4/104_1,0.76667,0.10000,0.53334,0.66667,0.76667,0.66667
NDC,NHLattice,VS-i-run4/105_1,0.83334,0.10000,0.40000,0.83334,0.83334,0.83334
NDC,NHLattice,VS-i-run4/106_1,0.26667,0.23334,0.80000,0.26667,0.26667,0.26667
NDC,NHLattice,VS-i-run4/107_1,0.70000,0.10000,0.56667,0.73334,0.73334,0.70000
NDC,NHLattice,VS-i-run4/108_1,0.46667,0.16667,0.70000,0.50000,0.50000,0.46667
NDC,NHLattice,VS-i-run4/109_1,0.56667,0.13334,0.63334,0.53334,0.56667,0.53334
NDC,NHLattice,VS-i-run4/110_1,0.50000,0.23334,0.70000,0.50000,0.50000,0.50000
NDC,NHLattice,VS-i-run4/111_1,0.73334,0.10000,0.46667,0.73334,0.73334,0.73334
NDC,NHLattice,VS-i-run4/112_1,0.26667,0.23334,0.83334,0.26667,0.26667,0.26667
NDC,NHLattice,VS-i-run4/113_1,0.40000,0.26667,0.70000,0.36667,0.40000,0.36667
NDC,NHLattice,VS-i-run4/114_1,0.40000,0.23334,0.73334,0.33334,0.40000,0.33334
NDC,NHLattice,VS-i-run4/115_1,0.63334,0.23334,0.66667,0.53334,0.66667,0.63334
NDC,NHLattice,VS-i-run4/116_1,0.66667,0.16667,0.50000,0.66667,0.66667,0.66667
NDC,NHLattice,VS-i-run4/117_1,0.63334,0.13334,0.56667,0.56667,0.63334,0.56667
NDC,NHLattice,VS-i-run4/118_1,0.56667,0.20000,0.56667,0.56667,0.56667,0.56667
NDC,NHLattice,VS-i-run4/119_1,0.76667,0.10000,0.46667,0.73334,0.76667,0.73334
NDC,NHLattice,VS-i-run4/120_1,0.50000,0.16667,0.60000,0.53334,0.53334,0.50000
NDC,NHLattice,VS-i-run4/91_1,0.30000,0.23334,0.80000,0.30000,0.30000,0.30000
NDC,NHLattice,VS-i-run4/92_1,0.53334,0.16667,0.60000,0.60000,0.53334,0.60000
NDC,NHLattice,VS-i-run4/93_1,0.73334,0.10000,0.46667,0.76667,0.73334,0.76667
NDC,NHLattice,VS-i-run4/94_1,0.46667,0.26667,0.70000,0.40000,0.46667,0.40000
NDC,NHLattice,VS-i-run4/95_1,0.66667,0.13334,0.60000,0.53334,0.66667,0.53334
NDC,NHLattice,VS-i-run4/96_1,0.63334,0.10000,0.56667,0.66667,0.63334,0.66667
NDC,NHLattice,VS-i-run4/97_1,0.70000,0.10000,0.53334,0.66667,0.66667,0.70000
NDC,NHLattice,VS-i-run4/98_1,0.60000,0.13334,0.63334,0.60000,0.60000,0.60000
NDC,NHLattice,VS-i-run4/99_1,0.70000,0.10000,0.56667,0.63334,0.63334,0.70000
NDC,NHLattice,VS-i-run5/121_1,0.73334,0.13334,0.46667,0.66667,0.73334,0.66667
NDC,NHLattice,VS-i-run5/122_1,0.20000,0.26667,0.80000,0.20000,0.20000,0.20000
NDC,NHLattice,VS-i-run5/123_1,0.43334,0.40000,0.66667,0.40000,0.43334,0.40000
NDC,NHLattice,VS-i-run5/124_1,0.53334,0.23334,0.66667,0.50000,0.50000,0.53334
NDC,NHLattice,VS-i-run5/125_1,0.73334,0.13334,0.53334,0.70000,0.70000,0.73334
NDC,NHLattice,VS-i-run5/126_1,0.53334,0.20000,0.66667,0.50000,0.53334,0.50000
NDC,NHLattice,VS-i-run5/127_1,0.56667,0.26667,0.56667,0.63334,0.56667,0.63334
NDC,NHLattice,VS-i-run5/128_1,0.63334,0.16667,0.63334,0.46667,0.46667,0.63334
NDC,NHLattice,VS-i-run5/129_1,0.33334,0.36667,0.30000,0.73334,0.33334,0.30000
NDC,NHLattice,VS-i-run5/130_1,0.46667,0.13334,0.70000,0.40000,0.46667,0.40000
NDC,NHLattice,VS-i-run5/131_1,0.50000,0.20000,0.60000,0.50000,0.50000,0.50000
NDC,NHLattice,VS-i-run5/132_1,0.36667,0.20000,0.76667,0.36667,0.36667,0.36667
NDC,NHLattice,VS-i-run5/133_1,0.53334,0.13334,0.66667,0.56667,0.53334,0.56667
NDC,NHLattice,VS-i-run5/134_1,0.56667,0.20000,0.63334,0.50000,0.50000,0.56667
NDC,NHLattice,VS-i-run5/135_1,0.60000,0.13334,0.60000,0.56667,0.60000,0.56667
NDC,NHLattice,VS-i-run5/136_1,0.80000,0.16667,0.76667,0.43334,0.80000,0.76667
NDC,NHLattice,VS-i-run5/137_1,0.50000,0.20000,0.63334,0.46667,0.50000,0.46667
NDC,NHLattice,VS-i-run5/138_1,0.33334,0.26667,0.70000,0.40000,0.33334,0.40000
NDC,NHLattice,VS-i-run5/139_1,0.60000,0.16667,0.56667,0.53334,0.60000,0.53334
NDC,NHLattice,VS-i-run5/140_1,0.46667,0.23334,0.66667,0.40000,0.46667,0.40000
NDC,NHLattice,VS-i-run5/141_1,0.46667,0.20000,0.66667,0.46667,0.46667,0.46667
NDC,NHLattice,VS-i-run5/142_1,0.36667,0.16667,0.73334,0.36667,0.36667,0.36667
NDC,NHLattice,VS-i-run5/143_1,0.40000,0.30000,0.66667,0.43334,0.40000,0.43334
NDC,NHLattice,VS-i-run5/144_1,0.50000,0.26667,0.66667,0.46667,0.50000,0.46667
NDC,NHLattice,VS-i-run5/145_1,0.26667,0.26667,0.83334,0.26667,0.26667,0.26667
NDC,NHLattice,VS-i-run5/146_1,0.53334,0.30000,0.56667,0.46667,0.53334,0.46667
NDC,NHLattice,VS-i-run5/147_1,0.53334,0.26667,0.40000,0.63334,0.53334,0.40000
NDC,NHLattice,VS-i-run5/148_1,0.36667,0.33334,0.66667,0.36667,0.36667,0.36667
NDC,NHLattice,VS-i-run5/149_1,0.76667,0.16667,0.36667,0.80000,0.76667,0.80000
NDC,NHLattice,VS-i-run5/150_1,0.43334,0.30000,0.66667,0.43334,0.43334,0.43334
NDC,NHLattice,VS-i-run6/151_1,0.63334,0.26667,0.50000,0.60000,0.63334,0.60000
NDC,NHLattice,VS-i-run6/152_1,0.46667,0.20000,0.66667,0.53334,0.53334,0.46667
NDC,NHLattice,VS-i-run6/153_1,0.46667,0.23334,0.70000,0.46667,0.46667,0.46667
NDC,NHLattice,VS-i-run6/154_1,0.66667,0.10000,0.63334,0.50000,0.66667,0.63334
NDC,NHLattice,VS-i-run6/155_1,0.36667,0.26667,0.70000,0.40000,0.36667,0.40000
NDC,NHLattice,VS-i-run6/156_1,0.46667,0.20000,0.70000,0.53334,0.46667,0.53334
NDC,NHLattice,VS-i-run6/157_1,0.73334,0.16667,0.50000,0.76667,0.76667,0.73334
NDC,NHLattice,VS-i-run6/158_1,0.36667,0.13334,0.40000,0.76667,0.36667,0.40000
NDC,NHLattice,VS-i-run6/159_1,0.46667,0.26667,0.70000,0.46667,0.46667,0.46667
NDC,NHLattice,VS-i-run6/160_1,0.43334,0.20000,0.73334,0.46667,0.46667,0.43334
NDC,NHLattice,VS-i-run6/161_1,0.50000,0.30000,0.53334,0.60000,0.50000,0.60000
NDC,NHLattice,VS-i-run6/162_1,0.53334,0.23334,0.66667,0.53334,0.53334,0.53334
NDC,NHLattice,VS-i-run6/163_1,0.70000,0.10000,0.50000,0.76667,0.76667,0.70000
NDC,NHLattice,VS-i-run6/164_1,0.26667,0.36667,0.26667,0.73334,0.26667,0.26667
NDC,NHLattice,VS-i-run6/165_1,0.66667,0.10000,0.66667,0.53334,0.66667,0.66667
NDC,NHLattice,VS-i-run6/166_1,0.33334,0.30000,0.80000,0.33334,0.33334,0.33334
NDC,NHLattice,VS-i-run6/167_1,0.33334,0.33334,0.70000,0.26667,0.33334,0.26667
NDC,NHLattice,VS-i-run6/168_1,0.60000,0.16667,0.60000,0.56667,0.60000,0.56667
NDC,NHLattice,VS-i-run6/169_1,0.50000,0.20000,0.66667,0.46667,0.46667,0.50000
NDC,NHLattice,VS-i-run6/170_1,0.53334,0.16667,0.60000,0.60000,0.53334,0.60000
NDC,NHLattice,VS-i-run6/171_1,0.43334,0.30000,0.70000,0.43334,0.43334,0.43334
NDC,NHLattice,VS-i-run6/172_1,0.33334,0.33334,0.80000,0.30000,0.33334,0.30000
NDC,NHLattice,VS-i-run6/173_1,0.73334,0.10000,0.43334,0.73334,0.73334,0.73334
NDC,NHLattice,VS-i-run6/174_1,0.66667,0.20000,0.56667,0.66667,0.66667,0.66667
NDC,NHLattice,VS-i-run6/175_1,0.63334,0.26667,0.56667,0.56667,0.63334,0.56667
NDC,NHLattice,VS-i-run6/176_1,0.63334,0.23334,0.60000,0.53334,0.63334,0.60000
NDC,NHLattice,VS-i-run6/177_1,0.53334,0.20000,0.63334,0.53334,0.53334,0.53334
NDC,NHLattice,VS-i-run6/178_1,0.43334,0.23334,0.66667,0.46667,0.43334,0.46667
NDC,NHLattice,VS-i-run6/179_1,0.36667,0.30000,0.70000,0.40000,0.40000,0.36667
NDC,NHLattice,VS-i-run6/180_1,0.60000,0.20000,0.63334,0.56667,0.60000,0.56667
NDC,NHLattice,VS-i-run7/181_1,0.46667,0.20000,0.63334,0.53334,0.46667,0.53334
NDC,NHLattice,VS-i-run7/182_1,0.50000,0.23334,0.60000,0.60000,0.50000,0.60000
NDC,NHLattice,VS-i-run7/183_1,0.60000,0.26667,0.56667,0.60000,0.60000,0.60000
NDC,NHLattice,VS-i-run7/184_1,0.33334,0.16667,0.76667,0.40000,0.33334,0.40000
NDC,NHLattice,VS-i-run7/185_1,0.56667,0.16667,0.60000,0.60000,0.56667,0.60000
NDC,NHLattice,VS-i-run7/186_1,0.20000,0.36667,0.80000,0.16667,0.20000,0.16667
NDC,NHLattice,VS-i-run7/187_1,0.53334,0.23334,0.60000,0.56667,0.56667,0.53334
NDC,NHLattice,VS-i-run7/188_1,0.56667,0.20000,0.56667,0.60000,0.56667,0.60000
NDC,NHLattice,VS-i-run7/189_1,0.36667,0.26667,0.73334,0.36667,0.36667,0.36667
NDC,NHLattice,VS-i-run7/190_1,0.63334,0.16667,0.56667,0.63334,0.63334,0.63334
NDC,NHLattice,VS-i-run7/191_1,0.40000,0.20000,0.36667,0.73334,0.40000,0.36667
NDC,NHLattice,VS-i-run7/192_1,0.43334,0.33334,0.60000,0.43334,0.43334,0.43334
NDC,NHLattice,VS-i-run7/193_1,0.53334,0.26667,0.60000,0.60000,0.53334,0.60000
NDC,NHLattice,VS-i-run7/194_1,0.30000,0.30000,0.33334,0.76667,0.30000,0.33334
NDC,NHLattice,VS-i-run7/195_1,0.70000,0.20000,0.53334,0.66667,0.70000,0.66667
NDC,NHLattice,VS-i-run7/196_1,0.70000,0.16667,0.50000,0.70000,0.70000,0.70000
NDC,NHLattice,VS-i-run7/197_1,0.53334,0.23334,0.66667,0.46667,0.53334,0.46667
NDC,NHLattice,VS-i-run7/198_1,0.56667,0.20000,0.60000,0.60000,0.60000,0.56667
NDC,NHLattice,VS-i-run7/199_1,0.60000,0.13334,0.60000,0.60000,0.60000,0.60000
NDC,NHLattice,VS-i-run7/200_1,0.40000,0.26667,0.70000,0.43334,0.40000,0.43334
NDC,NHLattice,VS-i-run7/201_1,0.33334,0.40000,0.36667,0.73334,0.33334,0.36667
NDC,NHLattice,VS-i-run7/202_1,0.46667,0.26667,0.66667,0.50000,0.50000,0.46667
NDC,NHLattice,VS-i-run7/203_1,0.40000,0.36667,0.66667,0.36667,0.40000,0.36667
NDC,NHLattice,VS-i-run7/204_1,0.50000,0.30000,0.63334,0.43334,0.50000,0.43334
NDC,NHLattice,VS-i-run7/205_1,0.53334,0.16667,0.53334,0.66667,0.53334,0.53334
NDC,NHLattice,VS-i-run7/206_1,0.40000,0.16667,0.73334,0.40000,0.40000,0.40000
NDC,NHLattice,VS-i-run7/207_1,0.60000,0.13334,0.63334,0.53334,0.53334,0.60000
NDC,NHLattice,VS-i-run7/208_1,0.60000,0.16667,0.56667,0.56667,0.56667,0.60000
NDC,NHLattice,VS-i-run7/209_1,0.70000,0.20000,0.50000,0.66667,0.70000,0.66667
NDC,NHLattice,VS-i-run7/210_1,0.26667,0.33334,0.76667,0.26667,0.26667,0.26667
NDC,NHLattice,VS-i-run8/211_1,0.36667,0.26667,0.36667,0.73334,0.36667,0.36667
NDC,NHLattice,VS-i-run8/212_1,0.60000,0.20000,0.56667,0.60000,0.60000,0.60000
NDC,NHLattice,VS-i-run8/213_1,0.33334,0.30000,0.70000,0.36667,0.36667,0.33334
NDC,NHLattice,VS-i-run8/214_1,0.63334,0.10000,0.56667,0.66667,0.66667,0.63334
NDC,NHLattice,VS-i-run8/215_1,0.66667,0.16667,0.53334,0.66667,0.66667,0.66667
NDC,NHLattice,VS-i-run8/216_1,0.66667,0.10000,0.66667,0.56667,0.66667,0.66667
NDC,NHLattice,VS-i-run8/217_1,0.40000,0.23334,0.40000,0.73334,0.40000,0.40000
NDC,NHLattice,VS-i-run8/218_1,0.60000,0.16667,0.63334,0.60000,0.60000,0.60000
NDC,NHLattice,VS-i-run8/219_1,0.40000,0.33334,0.76667,0.33334,0.40000,0.33334
NDC,NHLattice,VS-i-run8/220_1,0.46667,0.20000,0.70000,0.50000,0.50000,0.46667
NDC,NHLattice,VS-i-run8/221_1,0.56667,0.10000,0.63334,0.50000,0.50000,0.56667
NDC,NHLattice,VS-i-run8/222_1,0.60000,0.20000,0.63334,0.56667,0.56667,0.60000
NDC,NHLattice,VS-i-run8/223_1,0.43334,0.23334,0.70000,0.40000,0.40000,0.43334
NDC,NHLattice,VS-i-run8/224_1,0.23334,0.40000,0.80000,0.26667,0.23334,0.26667
NDC,NHLattice,VS-i-run8/225_1,0.63334,0.13334,0.53334,0.70000,0.70000,0.63334
NDC,NHLattice,VS-i-run8/226_1,0.73334,0.16667,0.70000,0.46667,0.70000,0.73334
NDC,NHLattice,VS-i-run8/227_1,0.53334,0.20000,0.66667,0.50000,0.53334,0.50000
NDC,NHLattice,VS-i-run8/228_1,0.50000,0.20000,0.63334,0.50000,0.50000,0.50000
NDC,NHLattice,VS-i-run8/229_1,0.40000,0.33334,0.66667,0.36667,0.40000,0.36667
NDC,NHLattice,VS-i-run8/230_1,0.50000,0.26667,0.43334,0.66667,0.50000,0.43334
NDC,NHLattice,VS-i-run8/231_1,0.63334,0.10000,0.60000,0.66667,0.63334,0.66667
NDC,NHLattice,VS-i-run8/232_1,0.63334,0.16667,0.53334,0.60000,0.60000,0.63334
NDC,NHLattice,VS-i-run8/233_1,0.80000,0.10000,0.40000,0.76667,0.80000,0.76667
NDC,NHLattice,VS-i-run8/234_1,0.50000,0.23334,0.50000,0.66667,0.50000,0.50000
NDC,NHLattice,VS-i-run8/235_1,0.36667,0.20000,0.76667,0.40000,0.40000,0.36667
NDC,NHLattice,VS-i-run8/236_1,0.53334,0.13334,0.63334,0.56667,0.56667,0.53334
NDC,NHLattice,VS-i-run8/237_1,0.36667,0.23334,0.76667,0.33334,0.33334,0.36667
NDC,NHLattice,VS-i-run8/238_1,0.73334,0.10000,0.53334,0.63334,0.73334,0.63334
NDC,NHLattice,VS-i-run8/239_1,0.60000,0.13334,0.63334,0.50000,0.50000,0.60000
NDC,NHLattice,VS-i-run8/240_1,0.56667,0.16667,0.63334,0.63334,0.56667,0.63334
NDC,NHLattice,VS-i-run9/241_1,0.46667,0.30000,0.70000,0.46667,0.46667,0.46667
NDC,NHLattice,VS-i-run9/242_1,0.36667,0.26667,0.70000,0.40000,0.40000,0.36667
NDC,NHLattice,VS-i-run9/243_1,0.33334,0.43334,0.63334,0.33334,0.33334,0.33334
NDC,NHLattice,VS-i-run9/244_1,0.26667,0.23334,0.83334,0.26667,0.26667,0.26667
NDC,NHLattice,VS-i-run9/245_1,0.50000,0.20000,0.60000,0.53334,0.53334,0.50000
NDC,NHLattice,VS-i-run9/246_1,0.40000,0.13334,0.76667,0.33334,0.33334,0.40000
NDC,NHLattice,VS-i-run9/247_1,0.23334,0.20000,0.80000,0.26667,0.23334,0.26667
NDC,NHLattice,VS-i-run9/248_1,0.56667,0.23334,0.53334,0.63334,0.56667,0.53334
NDC,NHLattice,VS-i-run9/249_1,0.63334,0.23334,0.53334,0.60000,0.63334,0.60000
NDC,NHLattice,VS-i-run9/250_1,0.36667,0.26667,0.70000,0.43334,0.43334,0.36667
NDC,NHLattice,VS-i-run9/251_1,0.56667,0.20000,0.63334,0.53334,0.56667,0.53334
NDC,NHLattice,VS-i-run9/252_1,0.56667,0.16667,0.63334,0.50000,0.50000,0.56667
NDC,NHLattice,VS-i-run9/253_1,0.56667,0.30000,0.53334,0.56667,0.56667,0.53334
NDC,NHLattice,VS-i-run9/254_1,0.76667,0.10000,0.50000,0.73334,0.76667,0.73334
NDC,NHLattice,VS-i-run9/255_1,0.63334,0.10000,0.60000,0.63334,0.63334,0.63334
NDC,NHLattice,VS-i-run9/256_1,0.73334,0.16667,0.70000,0.50000,0.70000,0.73334
NDC,NHLattice,VS-i-run9/257_1,0.66667,0.16667,0.56667,0.73334,0.73334,0.66667
NDC,NHLattice,VS-i-run9/258_1,0.63334,0.16667,0.56667,0.60000,0.63334,0.60000
NDC,NHLattice,VS-i-run9/259_1,0.46667,0.16667,0.66667,0.46667,0.46667,0.46667
NDC,NHLattice,VS-i-run9/260_1,0.50000,0.16667,0.53334,0.63334,0.50000,0.53334
NDC,NHLattice,VS-i-run9/261_1,0.56667,0.30000,0.56667,0.53334,0.56667,0.56667
NDC,NHLattice,VS-i-run9/262_1,0.73334,0.13334,0.40000,0.73334,0.73334,0.73334
NDC,NHLattice,VS-i-run9/263_1,0.30000,0.26667,0.76667,0.33334,0.30000,0.33334
NDC,NHLattice,VS-i-run9/264_1,0.73334,0.13334,0.50000,0.76667,0.76667,0.73334
NDC,NHLattice,VS-i-run9/265_1,0.66667,0.20000,0.63334,0.50000,0.63334,0.66667
NDC,NHLattice,VS-i-run9/266_1,0.53334,0.16667,0.63334,0.56667,0.53334,0.56667
NDC,NHLattice,VS-i-run9/267_1,0.33334,0.23334,0.33334,0.76667,0.33334,0.33334
NDC,NHLattice,VS-i-run9/268_1,0.50000,0.30000,0.53334,0.63334,0.53334,0.50000
NDC,NHLattice,VS-i-run9/269_1,0.60000,0.13334,0.63334,0.60000,0.60000,0.60000
NDC,NHLattice,VS-i-run9/270_1,0.40000,0.33334,0.76667,0.40000,0.40000,0.40000
