EDA,Model,VS+i-run1/1_1,4.00000,8.00000,8.00000,17.00000,8.00000,8.00000
EDA,Model,VS+i-run1/1_10,4.00000,8.00000,8.00000,17.00000,8.00000,8.00000
EDA,Model,VS+i-run1/1_11,4.00000,8.00000,8.00000,17.00000,8.00000,8.00000
EDA,Model,VS+i-run1/1_12,4.00000,8.00000,8.00000,17.00000,8.00000,8.00000
EDA,Model,VS+i-run1/1_13,4.00000,8.00000,8.00000,17.00000,8.00000,8.00000
EDA,Model,VS+i-run1/1_14,4.00000,8.00000,8.00000,17.00000,8.00000,8.00000
EDA,Model,VS+i-run1/1_15,4.00000,8.00000,8.00000,17.00000,8.00000,8.00000
EDA,Model,VS+i-run1/1_16,4.00000,8.00000,8.00000,17.00000,8.00000,8.00000
EDA,Model,VS+i-run1/1_17,4.00000,8.00000,8.00000,17.00000,8.00000,8.00000
EDA,Model,VS+i-run1/1_18,4.00000,8.00000,8.00000,17.00000,8.00000,8.00000
EDA,Model,VS+i-run1/1_19,4.00000,11.00000,11.00000,14.00000,11.00000,11.00000
EDA,Model,VS+i-run1/1_2,4.00000,8.00000,8.00000,17.00000,8.00000,8.00000
EDA,Model,VS+i-run1/1_20,3.00000,12.00000,12.00000,14.00000,12.00000,12.00000
EDA,Model,VS+i-run1/1_21,4.00000,8.00000,8.00000,17.00000,8.00000,8.00000
EDA,Model,VS+i-run1/1_22,4.00000,8.00000,8.00000,17.00000,8.00000,8.00000
EDA,Model,VS+i-run1/1_23,4.00000,8.00000,8.00000,17.00000,8.00000,8.00000
EDA,Model,VS+i-run1/1_24,6.00000,5.00000,5.00000,18.00000,5.00000,5.00000
EDA,Model,VS+i-run1/1_25,4.00000,8.00000,8.00000,17.00000,8.00000,8.00000
EDA,Model,VS+i-run1/1_26,4.00000,8.00000,8.00000,17.00000,8.00000,8.00000
EDA,Model,VS+i-run1/1_27,4.00000,8.00000,8.00000,17.00000,8.00000,8.00000
EDA,Model,VS+i-run1/1_28,4.00000,8.00000,8.00000,17.00000,8.00000,8.00000
EDA,Model,VS+i-run1/1_29,4.00000,8.00000,8.00000,17.00000,8.00000,8.00000
EDA,Model,VS+i-run1/1_3,5.00000,6.00000,6.00000,18.00000,6.00000,6.00000
EDA,Model,VS+i-run1/1_30,4.00000,8.00000,8.00000,17.00000,8.00000,8.00000
EDA,Model,VS+i-run1/1_4,4.00000,8.00000,8.00000,17.00000,8.00000,8.00000
EDA,Model,VS+i-run1/1_5,4.00000,8.00000,8.00000,17.00000,8.00000,8.00000
EDA,Model,VS+i-run1/1_6,4.00000,8.00000,8.00000,17.00000,8.00000,8.00000
EDA,Model,VS+i-run1/1_7,4.00000,8.00000,8.00000,17.00000,8.00000,8.00000
EDA,Model,VS+i-run1/1_8,4.00000,9.00000,9.00000,16.00000,9.00000,9.00000
EDA,Model,VS+i-run1/1_9,4.00000,8.00000,8.00000,17.00000,8.00000,8.00000
EDA,Model,VS+i-run10/10_1,4.00000,8.00000,8.00000,17.00000,8.00000,8.00000
EDA,Model,VS+i-run10/10_10,4.00000,8.00000,8.00000,17.00000,8.00000,8.00000
EDA,Model,VS+i-run10/10_11,4.00000,9.00000,9.00000,16.00000,9.00000,9.00000
EDA,Model,VS+i-run10/10_12,4.00000,9.00000,9.00000,16.00000,9.00000,9.00000
EDA,Model,VS+i-run10/10_13,4.00000,9.00000,9.00000,16.00000,9.00000,9.00000
EDA,Model,VS+i-run10/10_14,4.00000,9.00000,9.00000,16.00000,9.00000,9.00000
EDA,Model,VS+i-run10/10_15,4.00000,8.00000,8.00000,17.00000,8.00000,8.00000
EDA,Model,VS+i-run10/10_16,4.00000,9.00000,9.00000,16.00000,9.00000,9.00000
EDA,Model,VS+i-run10/10_17,4.00000,9.00000,9.00000,16.00000,9.00000,9.00000
EDA,Model,VS+i-run10/10_18,4.00000,9.00000,9.00000,16.00000,9.00000,9.00000
EDA,Model,VS+i-run10/10_19,4.00000,9.00000,9.00000,16.00000,9.00000,9.00000
EDA,Model,VS+i-run10/10_2,4.00000,8.00000,8.00000,17.00000,8.00000,8.00000
EDA,Model,VS+i-run10/10_20,2.00000,15.00000,15.00000,12.00000,15.00000,15.00000
EDA,Model,VS+i-run10/10_21,4.00000,8.00000,8.00000,17.00000,8.00000,8.00000
EDA,Model,VS+i-run10/10_22,4.00000,9.00000,9.00000,16.00000,9.00000,9.00000
EDA,Model,VS+i-run10/10_23,4.00000,9.00000,9.00000,16.00000,9.00000,9.00000
EDA,Model,VS+i-run10/10_24,2.00000,15.00000,15.00000,12.00000,15.00000,15.00000
EDA,Model,VS+i-run10/10_25,4.00000,9.00000,9.00000,16.00000,9.00000,9.00000
EDA,Model,VS+i-run10/10_26,4.00000,8.00000,8.00000,17.00000,8.00000,8.00000
EDA,Model,VS+i-run10/10_27,4.00000,8.00000,8.00000,17.00000,8.00000,8.00000
EDA,Model,VS+i-run10/10_28,4.00000,9.00000,9.00000,16.00000,9.00000,9.00000
EDA,Model,VS+i-run10/10_29,4.00000,9.00000,9.00000,16.00000,9.00000,9.00000
EDA,Model,VS+i-run10/10_3,4.00000,8.00000,8.00000,17.00000,8.00000,8.00000
EDA,Model,VS+i-run10/10_30,2.00000,15.00000,15.00000,12.00000,15.00000,15.00000
EDA,Model,VS+i-run10/10_4,4.00000,8.00000,8.00000,17.00000,8.00000,8.00000
EDA,Model,VS+i-run10/10_5,4.00000,8.00000,8.00000,17.00000,8.00000,8.00000
EDA,Model,VS+i-run10/10_6,4.00000,9.00000,9.00000,16.00000,9.00000,9.00000
EDA,Model,VS+i-run10/10_7,4.00000,9.00000,9.00000,16.00000,9.00000,9.00000
EDA,Model,VS+i-run10/10_8,4.00000,9.00000,9.00000,16.00000,9.00000,9.00000
EDA,Model,VS+i-run10/10_9,4.00000,9.00000,9.00000,16.00000,9.00000,9.00000
EDA,Model,VS+i-run11/11_1,5.00000,6.00000,6.00000,18.00000,6.00000,6.00000
EDA,Model,VS+i-run11/11_10,5.00000,7.00000,7.00000,17.00000,7.00000,7.00000
EDA,Model,VS+i-run11/11_11,5.00000,7.00000,7.00000,17.00000,7.00000,7.00000
EDA,Model,VS+i-run11/11_12,5.00000,7.00000,7.00000,17.00000,7.00000,7.00000
EDA,Model,VS+i-run11/11_13,2.00000,13.00000,13.00000,14.00000,13.00000,13.00000
EDA,Model,VS+i-run11/11_14,5.00000,10.00000,10.00000,14.00000,10.00000,10.00000
EDA,Model,VS+i-run11/11_15,6.00000,9.00000,9.00000,14.00000,9.00000,9.00000
EDA,Model,VS+i-run11/11_16,5.00000,10.00000,10.00000,14.00000,10.00000,10.00000
EDA,Model,VS+i-run11/11_17,5.00000,7.00000,7.00000,17.00000,7.00000,7.00000
EDA,Model,VS+i-run11/11_18,2.00000,13.00000,13.00000,14.00000,13.00000,13.00000
EDA,Model,VS+i-run11/11_19,5.00000,7.00000,7.00000,17.00000,7.00000,7.00000
EDA,Model,VS+i-run11/11_2,5.00000,6.00000,6.00000,18.00000,6.00000,6.00000
EDA,Model,VS+i-run11/11_20,2.00000,14.00000,14.00000,13.00000,14.00000,14.00000
EDA,Model,VS+i-run11/11_21,5.00000,7.00000,7.00000,17.00000,7.00000,7.00000
EDA,Model,VS+i-run11/11_22,5.00000,7.00000,7.00000,17.00000,7.00000,7.00000
EDA,Model,VS+i-run11/11_23,5.00000,7.00000,7.00000,17.00000,7.00000,7.00000
EDA,Model,VS+i-run11/11_24,5.00000,7.00000,7.00000,17.00000,7.00000,7.00000
EDA,Model,VS+i-run11/11_25,5.00000,7.00000,7.00000,17.00000,7.00000,7.00000
EDA,Model,VS+i-run11/11_26,5.00000,7.00000,7.00000,17.00000,7.00000,7.00000
EDA,Model,VS+i-run11/11_27,5.00000,7.00000,7.00000,17.00000,7.00000,7.00000
EDA,Model,VS+i-run11/11_28,3.00000,11.00000,11.00000,15.00000,11.00000,11.00000
EDA,Model,VS+i-run11/11_29,3.00000,15.00000,15.00000,11.00000,15.00000,15.00000
EDA,Model,VS+i-run11/11_3,5.00000,7.00000,7.00000,17.00000,7.00000,7.00000
EDA,Model,VS+i-run11/11_30,5.00000,7.00000,7.00000,17.00000,7.00000,7.00000
EDA,Model,VS+i-run11/11_4,5.00000,7.00000,7.00000,17.00000,7.00000,7.00000
EDA,Model,VS+i-run11/11_5,5.00000,7.00000,7.00000,17.00000,7.00000,7.00000
EDA,Model,VS+i-run11/11_6,5.00000,6.00000,6.00000,18.00000,6.00000,6.00000
EDA,Model,VS+i-run11/11_7,5.00000,6.00000,6.00000,18.00000,6.00000,6.00000
EDA,Model,VS+i-run11/11_8,5.00000,7.00000,7.00000,17.00000,7.00000,7.00000
EDA,Model,VS+i-run11/11_9,5.00000,10.00000,10.00000,14.00000,10.00000,10.00000
EDA,Model,VS+i-run12/12_1,7.00000,4.00000,4.00000,18.00000,4.00000,4.00000
EDA,Model,VS+i-run12/12_10,7.00000,4.00000,4.00000,18.00000,4.00000,4.00000
EDA,Model,VS+i-run12/12_11,7.00000,4.00000,4.00000,18.00000,4.00000,4.00000
EDA,Model,VS+i-run12/12_12,7.00000,4.00000,4.00000,18.00000,4.00000,4.00000
EDA,Model,VS+i-run12/12_13,7.00000,4.00000,4.00000,18.00000,4.00000,4.00000
EDA,Model,VS+i-run12/12_14,7.00000,4.00000,4.00000,18.00000,4.00000,4.00000
EDA,Model,VS+i-run12/12_15,5.00000,4.00000,4.00000,20.00000,4.00000,4.00000
EDA,Model,VS+i-run12/12_16,7.00000,4.00000,4.00000,18.00000,4.00000,4.00000
EDA,Model,VS+i-run12/12_17,5.00000,5.00000,5.00000,19.00000,5.00000,5.00000
EDA,Model,VS+i-run12/12_18,2.00000,10.00000,10.00000,17.00000,10.00000,10.00000
EDA,Model,VS+i-run12/12_19,5.00000,4.00000,4.00000,20.00000,4.00000,4.00000
EDA,Model,VS+i-run12/12_2,7.00000,4.00000,4.00000,18.00000,4.00000,4.00000
EDA,Model,VS+i-run12/12_20,5.00000,4.00000,4.00000,20.00000,4.00000,4.00000
EDA,Model,VS+i-run12/12_21,5.00000,4.00000,4.00000,20.00000,4.00000,4.00000
EDA,Model,VS+i-run12/12_22,3.00000,8.00000,8.00000,18.00000,8.00000,8.00000
EDA,Model,VS+i-run12/12_23,2.00000,10.00000,10.00000,17.00000,10.00000,10.00000
EDA,Model,VS+i-run12/12_24,2.00000,10.00000,10.00000,17.00000,10.00000,10.00000
EDA,Model,VS+i-run12/12_25,2.00000,10.00000,10.00000,17.00000,10.00000,10.00000
EDA,Model,VS+i-run12/12_26,2.00000,10.00000,10.00000,17.00000,10.00000,10.00000
EDA,Model,VS+i-run12/12_27,2.00000,10.00000,10.00000,17.00000,10.00000,10.00000
EDA,Model,VS+i-run12/12_28,2.00000,10.00000,10.00000,17.00000,10.00000,10.00000
EDA,Model,VS+i-run12/12_29,2.00000,10.00000,10.00000,17.00000,10.00000,10.00000
EDA,Model,VS+i-run12/12_3,7.00000,4.00000,4.00000,18.00000,4.00000,4.00000
EDA,Model,VS+i-run12/12_30,2.00000,10.00000,10.00000,17.00000,10.00000,10.00000
EDA,Model,VS+i-run12/12_4,7.00000,4.00000,4.00000,18.00000,4.00000,4.00000
EDA,Model,VS+i-run12/12_5,7.00000,4.00000,4.00000,18.00000,4.00000,4.00000
EDA,Model,VS+i-run12/12_6,7.00000,4.00000,4.00000,18.00000,4.00000,4.00000
EDA,Model,VS+i-run12/12_7,7.00000,4.00000,4.00000,18.00000,4.00000,4.00000
EDA,Model,VS+i-run12/12_8,7.00000,4.00000,4.00000,18.00000,4.00000,4.00000
EDA,Model,VS+i-run12/12_9,7.00000,4.00000,4.00000,18.00000,4.00000,4.00000
EDA,Model,VS+i-run13/13_1,5.00000,9.00000,9.00000,15.00000,9.00000,9.00000
EDA,Model,VS+i-run13/13_10,5.00000,8.00000,8.00000,16.00000,8.00000,8.00000
EDA,Model,VS+i-run13/13_11,5.00000,8.00000,8.00000,16.00000,8.00000,8.00000
EDA,Model,VS+i-run13/13_12,4.00000,9.00000,9.00000,16.00000,9.00000,9.00000
EDA,Model,VS+i-run13/13_13,4.00000,10.00000,10.00000,15.00000,10.00000,10.00000
EDA,Model,VS+i-run13/13_14,4.00000,8.00000,8.00000,17.00000,8.00000,8.00000
EDA,Model,VS+i-run13/13_15,4.00000,9.00000,9.00000,16.00000,9.00000,9.00000
EDA,Model,VS+i-run13/13_16,4.00000,8.00000,8.00000,17.00000,8.00000,8.00000
EDA,Model,VS+i-run13/13_17,4.00000,9.00000,9.00000,16.00000,9.00000,9.00000
EDA,Model,VS+i-run13/13_18,4.00000,8.00000,8.00000,17.00000,8.00000,8.00000
EDA,Model,VS+i-run13/13_19,4.00000,8.00000,8.00000,17.00000,8.00000,8.00000
EDA,Model,VS+i-run13/13_2,5.00000,9.00000,9.00000,15.00000,9.00000,9.00000
EDA,Model,VS+i-run13/13_20,4.00000,8.00000,8.00000,17.00000,8.00000,8.00000
EDA,Model,VS+i-run13/13_21,4.00000,8.00000,8.00000,17.00000,8.00000,8.00000
EDA,Model,VS+i-run13/13_22,4.00000,9.00000,9.00000,16.00000,9.00000,9.00000
EDA,Model,VS+i-run13/13_23,5.00000,8.00000,8.00000,16.00000,8.00000,8.00000
EDA,Model,VS+i-run13/13_24,4.00000,8.00000,8.00000,17.00000,8.00000,8.00000
EDA,Model,VS+i-run13/13_25,4.00000,9.00000,9.00000,16.00000,9.00000,9.00000
EDA,Model,VS+i-run13/13_26,4.00000,9.00000,9.00000,16.00000,9.00000,9.00000
EDA,Model,VS+i-run13/13_27,4.00000,9.00000,9.00000,16.00000,9.00000,9.00000
EDA,Model,VS+i-run13/13_28,4.00000,9.00000,9.00000,16.00000,9.00000,9.00000
EDA,Model,VS+i-run13/13_29,4.00000,10.00000,10.00000,15.00000,10.00000,10.00000
EDA,Model,VS+i-run13/13_3,4.00000,8.00000,8.00000,17.00000,8.00000,8.00000
EDA,Model,VS+i-run13/13_30,4.00000,9.00000,9.00000,16.00000,9.00000,9.00000
EDA,Model,VS+i-run13/13_4,5.00000,9.00000,9.00000,15.00000,9.00000,9.00000
EDA,Model,VS+i-run13/13_5,5.00000,9.00000,9.00000,15.00000,9.00000,9.00000
EDA,Model,VS+i-run13/13_6,5.00000,9.00000,9.00000,15.00000,9.00000,9.00000
EDA,Model,VS+i-run13/13_7,5.00000,8.00000,8.00000,16.00000,8.00000,8.00000
EDA,Model,VS+i-run13/13_8,4.00000,8.00000,8.00000,17.00000,8.00000,8.00000
EDA,Model,VS+i-run13/13_9,4.00000,9.00000,9.00000,16.00000,9.00000,9.00000
EDA,Model,VS+i-run14/14_1,5.00000,10.00000,10.00000,14.00000,10.00000,10.00000
EDA,Model,VS+i-run14/14_10,5.00000,7.00000,7.00000,17.00000,7.00000,7.00000
EDA,Model,VS+i-run14/14_11,6.00000,9.00000,9.00000,14.00000,9.00000,9.00000
EDA,Model,VS+i-run14/14_12,5.00000,6.00000,6.00000,18.00000,6.00000,6.00000
EDA,Model,VS+i-run14/14_13,5.00000,9.00000,9.00000,15.00000,9.00000,9.00000
EDA,Model,VS+i-run14/14_14,5.00000,9.00000,9.00000,15.00000,9.00000,9.00000
EDA,Model,VS+i-run14/14_15,5.00000,10.00000,10.00000,14.00000,10.00000,10.00000
EDA,Model,VS+i-run14/14_16,6.00000,8.00000,8.00000,15.00000,8.00000,8.00000
EDA,Model,VS+i-run14/14_17,5.00000,6.00000,6.00000,18.00000,6.00000,6.00000
EDA,Model,VS+i-run14/14_18,5.00000,10.00000,10.00000,14.00000,10.00000,10.00000
EDA,Model,VS+i-run14/14_19,5.00000,9.00000,9.00000,15.00000,9.00000,9.00000
EDA,Model,VS+i-run14/14_2,5.00000,10.00000,10.00000,14.00000,10.00000,10.00000
EDA,Model,VS+i-run14/14_20,5.00000,10.00000,10.00000,14.00000,10.00000,10.00000
EDA,Model,VS+i-run14/14_21,4.00000,11.00000,11.00000,14.00000,11.00000,11.00000
EDA,Model,VS+i-run14/14_22,5.00000,9.00000,9.00000,15.00000,9.00000,9.00000
EDA,Model,VS+i-run14/14_23,5.00000,10.00000,10.00000,14.00000,10.00000,10.00000
EDA,Model,VS+i-run14/14_24,5.00000,9.00000,9.00000,15.00000,9.00000,9.00000
EDA,Model,VS+i-run14/14_25,5.00000,10.00000,10.00000,14.00000,10.00000,10.00000
EDA,Model,VS+i-run14/14_26,5.00000,11.00000,11.00000,13.00000,11.00000,11.00000
EDA,Model,VS+i-run14/14_27,5.00000,8.00000,8.00000,16.00000,8.00000,8.00000
EDA,Model,VS+i-run14/14_28,5.00000,9.00000,9.00000,15.00000,9.00000,9.00000
EDA,Model,VS+i-run14/14_29,5.00000,9.00000,9.00000,15.00000,9.00000,9.00000
EDA,Model,VS+i-run14/14_3,6.00000,9.00000,9.00000,14.00000,9.00000,9.00000
EDA,Model,VS+i-run14/14_30,5.00000,9.00000,9.00000,15.00000,9.00000,9.00000
EDA,Model,VS+i-run14/14_4,5.00000,5.00000,5.00000,19.00000,5.00000,5.00000
EDA,Model,VS+i-run14/14_5,5.00000,10.00000,10.00000,14.00000,10.00000,10.00000
EDA,Model,VS+i-run14/14_6,5.00000,9.00000,9.00000,15.00000,9.00000,9.00000
EDA,Model,VS+i-run14/14_7,5.00000,9.00000,9.00000,15.00000,9.00000,9.00000
EDA,Model,VS+i-run14/14_8,5.00000,10.00000,10.00000,14.00000,10.00000,10.00000
EDA,Model,VS+i-run14/14_9,5.00000,9.00000,9.00000,15.00000,9.00000,9.00000
EDA,Model,VS+i-run15/15_1,3.00000,11.00000,11.00000,15.00000,11.00000,11.00000
EDA,Model,VS+i-run15/15_10,3.00000,12.00000,12.00000,14.00000,12.00000,12.00000
EDA,Model,VS+i-run15/15_11,3.00000,12.00000,12.00000,14.00000,12.00000,12.00000
EDA,Model,VS+i-run15/15_12,3.00000,12.00000,12.00000,14.00000,12.00000,12.00000
EDA,Model,VS+i-run15/15_13,2.00000,11.00000,11.00000,16.00000,11.00000,11.00000
EDA,Model,VS+i-run15/15_14,3.00000,12.00000,12.00000,14.00000,12.00000,12.00000
EDA,Model,VS+i-run15/15_15,3.00000,12.00000,12.00000,14.00000,12.00000,12.00000
EDA,Model,VS+i-run15/15_16,3.00000,12.00000,12.00000,14.00000,12.00000,12.00000
EDA,Model,VS+i-run15/15_17,3.00000,12.00000,12.00000,14.00000,12.00000,12.00000
EDA,Model,VS+i-run15/15_18,3.00000,12.00000,12.00000,14.00000,12.00000,12.00000
EDA,Model,VS+i-run15/15_19,2.00000,11.00000,11.00000,16.00000,11.00000,11.00000
EDA,Model,VS+i-run15/15_2,3.00000,12.00000,12.00000,14.00000,12.00000,12.00000
EDA,Model,VS+i-run15/15_20,2.00000,11.00000,11.00000,16.00000,11.00000,11.00000
EDA,Model,VS+i-run15/15_21,2.00000,10.00000,10.00000,17.00000,10.00000,10.00000
EDA,Model,VS+i-run15/15_22,2.00000,11.00000,11.00000,16.00000,11.00000,11.00000
EDA,Model,VS+i-run15/15_23,2.00000,11.00000,11.00000,16.00000,11.00000,11.00000
EDA,Model,VS+i-run15/15_24,2.00000,11.00000,11.00000,16.00000,11.00000,11.00000
EDA,Model,VS+i-run15/15_25,2.00000,11.00000,11.00000,16.00000,11.00000,11.00000
EDA,Model,VS+i-run15/15_26,2.00000,11.00000,11.00000,16.00000,11.00000,11.00000
EDA,Model,VS+i-run15/15_27,4.00000,6.00000,6.00000,19.00000,6.00000,6.00000
EDA,Model,VS+i-run15/15_28,2.00000,10.00000,10.00000,17.00000,10.00000,10.00000
EDA,Model,VS+i-run15/15_29,2.00000,11.00000,11.00000,16.00000,11.00000,11.00000
EDA,Model,VS+i-run15/15_3,4.00000,11.00000,11.00000,14.00000,11.00000,11.00000
EDA,Model,VS+i-run15/15_30,2.00000,10.00000,10.00000,17.00000,10.00000,10.00000
EDA,Model,VS+i-run15/15_4,3.00000,11.00000,11.00000,15.00000,11.00000,11.00000
EDA,Model,VS+i-run15/15_5,3.00000,12.00000,12.00000,14.00000,12.00000,12.00000
EDA,Model,VS+i-run15/15_6,3.00000,12.00000,12.00000,14.00000,12.00000,12.00000
EDA,Model,VS+i-run15/15_7,3.00000,12.00000,12.00000,14.00000,12.00000,12.00000
EDA,Model,VS+i-run15/15_8,3.00000,12.00000,12.00000,14.00000,12.00000,12.00000
EDA,Model,VS+i-run15/15_9,3.00000,12.00000,12.00000,14.00000,12.00000,12.00000
EDA,Model,VS+i-run16/16_1,5.00000,8.00000,8.00000,16.00000,8.00000,8.00000
EDA,Model,VS+i-run16/16_10,5.00000,9.00000,9.00000,15.00000,9.00000,9.00000
EDA,Model,VS+i-run16/16_11,5.00000,9.00000,9.00000,15.00000,9.00000,9.00000
EDA,Model,VS+i-run16/16_12,5.00000,6.00000,6.00000,18.00000,6.00000,6.00000
EDA,Model,VS+i-run16/16_13,5.00000,9.00000,9.00000,15.00000,9.00000,9.00000
EDA,Model,VS+i-run16/16_14,5.00000,9.00000,9.00000,15.00000,9.00000,9.00000
EDA,Model,VS+i-run16/16_15,5.00000,9.00000,9.00000,15.00000,9.00000,9.00000
EDA,Model,VS+i-run16/16_16,5.00000,9.00000,9.00000,15.00000,9.00000,9.00000
EDA,Model,VS+i-run16/16_17,5.00000,9.00000,9.00000,15.00000,9.00000,9.00000
EDA,Model,VS+i-run16/16_18,5.00000,9.00000,9.00000,15.00000,9.00000,9.00000
EDA,Model,VS+i-run16/16_19,5.00000,9.00000,9.00000,15.00000,9.00000,9.00000
EDA,Model,VS+i-run16/16_2,5.00000,9.00000,9.00000,15.00000,9.00000,9.00000
EDA,Model,VS+i-run16/16_20,5.00000,9.00000,9.00000,15.00000,9.00000,9.00000
EDA,Model,VS+i-run16/16_21,4.00000,9.00000,9.00000,16.00000,9.00000,9.00000
EDA,Model,VS+i-run16/16_22,6.00000,9.00000,9.00000,14.00000,9.00000,9.00000
EDA,Model,VS+i-run16/16_23,5.00000,6.00000,6.00000,18.00000,6.00000,6.00000
EDA,Model,VS+i-run16/16_24,6.00000,9.00000,9.00000,14.00000,9.00000,9.00000
EDA,Model,VS+i-run16/16_25,4.00000,8.00000,8.00000,17.00000,8.00000,8.00000
EDA,Model,VS+i-run16/16_26,5.00000,8.00000,8.00000,16.00000,8.00000,8.00000
EDA,Model,VS+i-run16/16_27,5.00000,8.00000,8.00000,16.00000,8.00000,8.00000
EDA,Model,VS+i-run16/16_28,5.00000,8.00000,8.00000,16.00000,8.00000,8.00000
EDA,Model,VS+i-run16/16_29,5.00000,8.00000,8.00000,16.00000,8.00000,8.00000
EDA,Model,VS+i-run16/16_3,5.00000,9.00000,9.00000,15.00000,9.00000,9.00000
EDA,Model,VS+i-run16/16_30,5.00000,8.00000,8.00000,16.00000,8.00000,8.00000
EDA,Model,VS+i-run16/16_4,5.00000,8.00000,8.00000,16.00000,8.00000,8.00000
EDA,Model,VS+i-run16/16_5,5.00000,9.00000,9.00000,15.00000,9.00000,9.00000
EDA,Model,VS+i-run16/16_6,5.00000,9.00000,9.00000,15.00000,9.00000,9.00000
EDA,Model,VS+i-run16/16_7,5.00000,9.00000,9.00000,15.00000,9.00000,9.00000
EDA,Model,VS+i-run16/16_8,5.00000,9.00000,9.00000,15.00000,9.00000,9.00000
EDA,Model,VS+i-run16/16_9,5.00000,9.00000,9.00000,15.00000,9.00000,9.00000
EDA,Model,VS+i-run17/17_1,4.00000,8.00000,8.00000,17.00000,8.00000,8.00000
EDA,Model,VS+i-run17/17_10,4.00000,8.00000,8.00000,17.00000,8.00000,8.00000
EDA,Model,VS+i-run17/17_11,4.00000,8.00000,8.00000,17.00000,8.00000,8.00000
EDA,Model,VS+i-run17/17_12,4.00000,8.00000,8.00000,17.00000,8.00000,8.00000
EDA,Model,VS+i-run17/17_13,4.00000,8.00000,8.00000,17.00000,8.00000,8.00000
EDA,Model,VS+i-run17/17_14,4.00000,8.00000,8.00000,17.00000,8.00000,8.00000
EDA,Model,VS+i-run17/17_15,3.00000,11.00000,11.00000,15.00000,11.00000,11.00000
EDA,Model,VS+i-run17/17_16,4.00000,8.00000,8.00000,17.00000,8.00000,8.00000
EDA,Model,VS+i-run17/17_17,4.00000,8.00000,8.00000,17.00000,8.00000,8.00000
EDA,Model,VS+i-run17/17_18,4.00000,9.00000,9.00000,16.00000,9.00000,9.00000
EDA,Model,VS+i-run17/17_19,4.00000,10.00000,10.00000,15.00000,10.00000,10.00000
EDA,Model,VS+i-run17/17_2,4.00000,8.00000,8.00000,17.00000,8.00000,8.00000
EDA,Model,VS+i-run17/17_20,4.00000,9.00000,9.00000,16.00000,9.00000,9.00000
EDA,Model,VS+i-run17/17_21,4.00000,10.00000,10.00000,15.00000,10.00000,10.00000
EDA,Model,VS+i-run17/17_22,4.00000,10.00000,10.00000,15.00000,10.00000,10.00000
EDA,Model,VS+i-run17/17_23,4.00000,10.00000,10.00000,15.00000,10.00000,10.00000
EDA,Model,VS+i-run17/17_24,4.00000,10.00000,10.00000,15.00000,10.00000,10.00000
EDA,Model,VS+i-run17/17_25,4.00000,11.00000,11.00000,14.00000,11.00000,11.00000
EDA,Model,VS+i-run17/17_26,4.00000,10.00000,10.00000,15.00000,10.00000,10.00000
EDA,Model,VS+i-run17/17_27,4.00000,10.00000,10.00000,15.00000,10.00000,10.00000
EDA,Model,VS+i-run17/17_28,4.00000,11.00000,11.00000,14.00000,11.00000,11.00000
EDA,Model,VS+i-run17/17_29,4.00000,11.00000,11.00000,14.00000,11.00000,11.00000
EDA,Model,VS+i-run17/17_3,4.00000,8.00000,8.00000,17.00000,8.00000,8.00000
EDA,Model,VS+i-run17/17_30,4.00000,9.00000,9.00000,16.00000,9.00000,9.00000
EDA,Model,VS+i-run17/17_4,4.00000,8.00000,8.00000,17.00000,8.00000,8.00000
EDA,Model,VS+i-run17/17_5,4.00000,8.00000,8.00000,17.00000,8.00000,8.00000
EDA,Model,VS+i-run17/17_6,4.00000,8.00000,8.00000,17.00000,8.00000,8.00000
EDA,Model,VS+i-run17/17_7,4.00000,8.00000,8.00000,17.00000,8.00000,8.00000
EDA,Model,VS+i-run17/17_8,4.00000,8.00000,8.00000,17.00000,8.00000,8.00000
EDA,Model,VS+i-run17/17_9,4.00000,9.00000,9.00000,16.00000,9.00000,9.00000
EDA,Model,VS+i-run18/18_1,4.00000,8.00000,8.00000,17.00000,8.00000,8.00000
EDA,Model,VS+i-run18/18_10,4.00000,8.00000,8.00000,17.00000,8.00000,8.00000
EDA,Model,VS+i-run18/18_11,4.00000,8.00000,8.00000,17.00000,8.00000,8.00000
EDA,Model,VS+i-run18/18_12,4.00000,8.00000,8.00000,17.00000,8.00000,8.00000
EDA,Model,VS+i-run18/18_13,4.00000,8.00000,8.00000,17.00000,8.00000,8.00000
EDA,Model,VS+i-run18/18_14,4.00000,8.00000,8.00000,17.00000,8.00000,8.00000
EDA,Model,VS+i-run18/18_15,4.00000,8.00000,8.00000,17.00000,8.00000,8.00000
EDA,Model,VS+i-run18/18_16,4.00000,6.00000,6.00000,19.00000,6.00000,6.00000
EDA,Model,VS+i-run18/18_17,4.00000,8.00000,8.00000,17.00000,8.00000,8.00000
EDA,Model,VS+i-run18/18_18,4.00000,8.00000,8.00000,17.00000,8.00000,8.00000
EDA,Model,VS+i-run18/18_19,4.00000,8.00000,8.00000,17.00000,8.00000,8.00000
EDA,Model,VS+i-run18/18_2,7.00000,4.00000,4.00000,18.00000,4.00000,4.00000
EDA,Model,VS+i-run18/18_20,4.00000,6.00000,6.00000,19.00000,6.00000,6.00000
EDA,Model,VS+i-run18/18_21,6.00000,4.00000,4.00000,19.00000,4.00000,4.00000
EDA,Model,VS+i-run18/18_22,4.00000,9.00000,9.00000,16.00000,9.00000,9.00000
EDA,Model,VS+i-run18/18_23,4.00000,8.00000,8.00000,17.00000,8.00000,8.00000
EDA,Model,VS+i-run18/18_24,4.00000,8.00000,8.00000,17.00000,8.00000,8.00000
EDA,Model,VS+i-run18/18_25,4.00000,8.00000,8.00000,17.00000,8.00000,8.00000
EDA,Model,VS+i-run18/18_26,4.00000,9.00000,9.00000,16.00000,9.00000,9.00000
EDA,Model,VS+i-run18/18_27,5.00000,6.00000,6.00000,18.00000,6.00000,6.00000
EDA,Model,VS+i-run18/18_28,6.00000,4.00000,4.00000,19.00000,4.00000,4.00000
EDA,Model,VS+i-run18/18_29,6.00000,4.00000,4.00000,19.00000,4.00000,4.00000
EDA,Model,VS+i-run18/18_3,4.00000,8.00000,8.00000,17.00000,8.00000,8.00000
EDA,Model,VS+i-run18/18_30,5.00000,6.00000,6.00000,18.00000,6.00000,6.00000
EDA,Model,VS+i-run18/18_4,4.00000,8.00000,8.00000,17.00000,8.00000,8.00000
EDA,Model,VS+i-run18/18_5,4.00000,8.00000,8.00000,17.00000,8.00000,8.00000
EDA,Model,VS+i-run18/18_6,4.00000,8.00000,8.00000,17.00000,8.00000,8.00000
EDA,Model,VS+i-run18/18_7,4.00000,8.00000,8.00000,17.00000,8.00000,8.00000
EDA,Model,VS+i-run18/18_8,4.00000,8.00000,8.00000,17.00000,8.00000,8.00000
EDA,Model,VS+i-run18/18_9,4.00000,8.00000,8.00000,17.00000,8.00000,8.00000
EDA,Model,VS+i-run19/19_1,6.00000,5.00000,5.00000,18.00000,5.00000,5.00000
EDA,Model,VS+i-run19/19_10,6.00000,5.00000,5.00000,18.00000,5.00000,5.00000
EDA,Model,VS+i-run19/19_11,6.00000,5.00000,5.00000,18.00000,5.00000,5.00000
EDA,Model,VS+i-run19/19_12,6.00000,5.00000,5.00000,18.00000,5.00000,5.00000
EDA,Model,VS+i-run19/19_13,6.00000,5.00000,5.00000,18.00000,5.00000,5.00000
EDA,Model,VS+i-run19/19_14,5.00000,7.00000,7.00000,17.00000,7.00000,7.00000
EDA,Model,VS+i-run19/19_15,5.00000,7.00000,7.00000,17.00000,7.00000,7.00000
EDA,Model,VS+i-run19/19_16,6.00000,5.00000,5.00000,18.00000,5.00000,5.00000
EDA,Model,VS+i-run19/19_17,6.00000,5.00000,5.00000,18.00000,5.00000,5.00000
EDA,Model,VS+i-run19/19_18,5.00000,7.00000,7.00000,17.00000,7.00000,7.00000
EDA,Model,VS+i-run19/19_19,5.00000,7.00000,7.00000,17.00000,7.00000,7.00000
EDA,Model,VS+i-run19/19_2,6.00000,5.00000,5.00000,18.00000,5.00000,5.00000
EDA,Model,VS+i-run19/19_20,5.00000,7.00000,7.00000,17.00000,7.00000,7.00000
EDA,Model,VS+i-run19/19_21,6.00000,5.00000,5.00000,18.00000,5.00000,5.00000
EDA,Model,VS+i-run19/19_22,5.00000,7.00000,7.00000,17.00000,7.00000,7.00000
EDA,Model,VS+i-run19/19_23,5.00000,7.00000,7.00000,17.00000,7.00000,7.00000
EDA,Model,VS+i-run19/19_24,5.00000,7.00000,7.00000,17.00000,7.00000,7.00000
EDA,Model,VS+i-run19/19_25,5.00000,7.00000,7.00000,17.00000,7.00000,7.00000
EDA,Model,VS+i-run19/19_26,6.00000,6.00000,6.00000,17.00000,6.00000,6.00000
EDA,Model,VS+i-run19/19_27,5.00000,7.00000,7.00000,17.00000,7.00000,7.00000
EDA,Model,VS+i-run19/19_28,5.00000,7.00000,7.00000,17.00000,7.00000,7.00000
EDA,Model,VS+i-run19/19_29,5.00000,7.00000,7.00000,17.00000,7.00000,7.00000
EDA,Model,VS+i-run19/19_3,6.00000,5.00000,5.00000,18.00000,5.00000,5.00000
EDA,Model,VS+i-run19/19_30,5.00000,7.00000,7.00000,17.00000,7.00000,7.00000
EDA,Model,VS+i-run19/19_4,6.00000,5.00000,5.00000,18.00000,5.00000,5.00000
EDA,Model,VS+i-run19/19_5,6.00000,5.00000,5.00000,18.00000,5.00000,5.00000
EDA,Model,VS+i-run19/19_6,6.00000,5.00000,5.00000,18.00000,5.00000,5.00000
EDA,Model,VS+i-run19/19_7,6.00000,5.00000,5.00000,18.00000,5.00000,5.00000
EDA,Model,VS+i-run19/19_8,6.00000,5.00000,5.00000,18.00000,5.00000,5.00000
EDA,Model,VS+i-run19/19_9,6.00000,5.00000,5.00000,18.00000,5.00000,5.00000
EDA,Model,VS+i-run2/2_1,3.00000,10.00000,10.00000,16.00000,10.00000,10.00000
EDA,Model,VS+i-run2/2_10,3.00000,10.00000,10.00000,16.00000,10.00000,10.00000
EDA,Model,VS+i-run2/2_11,3.00000,10.00000,10.00000,16.00000,10.00000,10.00000
EDA,Model,VS+i-run2/2_12,3.00000,10.00000,10.00000,16.00000,10.00000,10.00000
EDA,Model,VS+i-run2/2_13,3.00000,10.00000,10.00000,16.00000,10.00000,10.00000
EDA,Model,VS+i-run2/2_14,3.00000,10.00000,10.00000,16.00000,10.00000,10.00000
EDA,Model,VS+i-run2/2_15,3.00000,9.00000,9.00000,17.00000,9.00000,9.00000
EDA,Model,VS+i-run2/2_16,7.00000,7.00000,7.00000,15.00000,7.00000,7.00000
EDA,Model,VS+i-run2/2_17,3.00000,10.00000,10.00000,16.00000,10.00000,10.00000
EDA,Model,VS+i-run2/2_18,3.00000,10.00000,10.00000,16.00000,10.00000,10.00000
EDA,Model,VS+i-run2/2_19,3.00000,10.00000,10.00000,16.00000,10.00000,10.00000
EDA,Model,VS+i-run2/2_2,3.00000,10.00000,10.00000,16.00000,10.00000,10.00000
EDA,Model,VS+i-run2/2_20,4.00000,8.00000,8.00000,17.00000,8.00000,8.00000
EDA,Model,VS+i-run2/2_21,3.00000,10.00000,10.00000,16.00000,10.00000,10.00000
EDA,Model,VS+i-run2/2_22,3.00000,9.00000,9.00000,17.00000,9.00000,9.00000
EDA,Model,VS+i-run2/2_23,3.00000,9.00000,9.00000,17.00000,9.00000,9.00000
EDA,Model,VS+i-run2/2_24,3.00000,9.00000,9.00000,17.00000,9.00000,9.00000
EDA,Model,VS+i-run2/2_25,3.00000,9.00000,9.00000,17.00000,9.00000,9.00000
EDA,Model,VS+i-run2/2_26,3.00000,9.00000,9.00000,17.00000,9.00000,9.00000
EDA,Model,VS+i-run2/2_27,3.00000,9.00000,9.00000,17.00000,9.00000,9.00000
EDA,Model,VS+i-run2/2_28,3.00000,9.00000,9.00000,17.00000,9.00000,9.00000
EDA,Model,VS+i-run2/2_29,3.00000,9.00000,9.00000,17.00000,9.00000,9.00000
EDA,Model,VS+i-run2/2_3,3.00000,10.00000,10.00000,16.00000,10.00000,10.00000
EDA,Model,VS+i-run2/2_30,3.00000,9.00000,9.00000,17.00000,9.00000,9.00000
EDA,Model,VS+i-run2/2_4,3.00000,10.00000,10.00000,16.00000,10.00000,10.00000
EDA,Model,VS+i-run2/2_5,3.00000,10.00000,10.00000,16.00000,10.00000,10.00000
EDA,Model,VS+i-run2/2_6,3.00000,10.00000,10.00000,16.00000,10.00000,10.00000
EDA,Model,VS+i-run2/2_7,3.00000,10.00000,10.00000,16.00000,10.00000,10.00000
EDA,Model,VS+i-run2/2_8,3.00000,10.00000,10.00000,16.00000,10.00000,10.00000
EDA,Model,VS+i-run2/2_9,3.00000,11.00000,11.00000,15.00000,11.00000,11.00000
EDA,Model,VS+i-run20/20_1,6.00000,8.00000,8.00000,15.00000,8.00000,8.00000
EDA,Model,VS+i-run20/20_10,6.00000,8.00000,8.00000,15.00000,8.00000,8.00000
EDA,Model,VS+i-run20/20_11,6.00000,8.00000,8.00000,15.00000,8.00000,8.00000
EDA,Model,VS+i-run20/20_12,6.00000,8.00000,8.00000,15.00000,8.00000,8.00000
EDA,Model,VS+i-run20/20_13,6.00000,8.00000,8.00000,15.00000,8.00000,8.00000
EDA,Model,VS+i-run20/20_14,6.00000,8.00000,8.00000,15.00000,8.00000,8.00000
EDA,Model,VS+i-run20/20_15,6.00000,8.00000,8.00000,15.00000,8.00000,8.00000
EDA,Model,VS+i-run20/20_16,6.00000,8.00000,8.00000,15.00000,8.00000,8.00000
EDA,Model,VS+i-run20/20_17,6.00000,8.00000,8.00000,15.00000,8.00000,8.00000
EDA,Model,VS+i-run20/20_18,4.00000,11.00000,11.00000,14.00000,11.00000,11.00000
EDA,Model,VS+i-run20/20_19,4.00000,11.00000,11.00000,14.00000,11.00000,11.00000
EDA,Model,VS+i-run20/20_2,6.00000,8.00000,8.00000,15.00000,8.00000,8.00000
EDA,Model,VS+i-run20/20_20,4.00000,11.00000,11.00000,14.00000,11.00000,11.00000
EDA,Model,VS+i-run20/20_21,4.00000,11.00000,11.00000,14.00000,11.00000,11.00000
EDA,Model,VS+i-run20/20_22,6.00000,8.00000,8.00000,15.00000,8.00000,8.00000
EDA,Model,VS+i-run20/20_23,4.00000,7.00000,7.00000,18.00000,7.00000,7.00000
EDA,Model,VS+i-run20/20_24,5.00000,7.00000,7.00000,17.00000,7.00000,7.00000
EDA,Model,VS+i-run20/20_25,6.00000,8.00000,8.00000,15.00000,8.00000,8.00000
EDA,Model,VS+i-run20/20_26,4.00000,8.00000,8.00000,17.00000,8.00000,8.00000
EDA,Model,VS+i-run20/20_27,9.00000,3.00000,3.00000,17.00000,3.00000,3.00000
EDA,Model,VS+i-run20/20_28,6.00000,7.00000,7.00000,16.00000,7.00000,7.00000
EDA,Model,VS+i-run20/20_29,6.00000,8.00000,8.00000,15.00000,8.00000,8.00000
EDA,Model,VS+i-run20/20_3,6.00000,8.00000,8.00000,15.00000,8.00000,8.00000
EDA,Model,VS+i-run20/20_30,6.00000,8.00000,8.00000,15.00000,8.00000,8.00000
EDA,Model,VS+i-run20/20_4,4.00000,11.00000,11.00000,14.00000,11.00000,11.00000
EDA,Model,VS+i-run20/20_5,6.00000,8.00000,8.00000,15.00000,8.00000,8.00000
EDA,Model,VS+i-run20/20_6,5.00000,7.00000,7.00000,17.00000,7.00000,7.00000
EDA,Model,VS+i-run20/20_7,6.00000,8.00000,8.00000,15.00000,8.00000,8.00000
EDA,Model,VS+i-run20/20_8,6.00000,8.00000,8.00000,15.00000,8.00000,8.00000
EDA,Model,VS+i-run20/20_9,6.00000,8.00000,8.00000,15.00000,8.00000,8.00000
EDA,Model,VS+i-run3/3_1,3.00000,11.00000,11.00000,15.00000,11.00000,11.00000
EDA,Model,VS+i-run3/3_10,4.00000,8.00000,8.00000,17.00000,8.00000,8.00000
EDA,Model,VS+i-run3/3_11,4.00000,8.00000,8.00000,17.00000,8.00000,8.00000
EDA,Model,VS+i-run3/3_12,4.00000,9.00000,9.00000,16.00000,9.00000,9.00000
EDA,Model,VS+i-run3/3_13,5.00000,8.00000,8.00000,16.00000,8.00000,8.00000
EDA,Model,VS+i-run3/3_14,4.00000,9.00000,9.00000,16.00000,9.00000,9.00000
EDA,Model,VS+i-run3/3_15,4.00000,15.00000,15.00000,10.00000,15.00000,15.00000
EDA,Model,VS+i-run3/3_16,4.00000,8.00000,8.00000,17.00000,8.00000,8.00000
EDA,Model,VS+i-run3/3_17,4.00000,9.00000,9.00000,16.00000,9.00000,9.00000
EDA,Model,VS+i-run3/3_18,4.00000,9.00000,9.00000,16.00000,9.00000,9.00000
EDA,Model,VS+i-run3/3_19,4.00000,8.00000,8.00000,17.00000,8.00000,8.00000
EDA,Model,VS+i-run3/3_2,3.00000,11.00000,11.00000,15.00000,11.00000,11.00000
EDA,Model,VS+i-run3/3_20,3.00000,13.00000,13.00000,13.00000,13.00000,13.00000
EDA,Model,VS+i-run3/3_21,4.00000,9.00000,9.00000,16.00000,9.00000,9.00000
EDA,Model,VS+i-run3/3_22,4.00000,9.00000,9.00000,16.00000,9.00000,9.00000
EDA,Model,VS+i-run3/3_23,2.00000,17.00000,17.00000,10.00000,17.00000,17.00000
EDA,Model,VS+i-run3/3_24,4.00000,9.00000,9.00000,16.00000,9.00000,9.00000
EDA,Model,VS+i-run3/3_25,4.00000,9.00000,9.00000,16.00000,9.00000,9.00000
EDA,Model,VS+i-run3/3_26,4.00000,9.00000,9.00000,16.00000,9.00000,9.00000
EDA,Model,VS+i-run3/3_27,4.00000,9.00000,9.00000,16.00000,9.00000,9.00000
EDA,Model,VS+i-run3/3_28,4.00000,9.00000,9.00000,16.00000,9.00000,9.00000
EDA,Model,VS+i-run3/3_29,4.00000,9.00000,9.00000,16.00000,9.00000,9.00000
EDA,Model,VS+i-run3/3_3,3.00000,14.00000,14.00000,12.00000,14.00000,14.00000
EDA,Model,VS+i-run3/3_30,4.00000,15.00000,15.00000,10.00000,15.00000,15.00000
EDA,Model,VS+i-run3/3_4,3.00000,11.00000,11.00000,15.00000,11.00000,11.00000
EDA,Model,VS+i-run3/3_5,5.00000,8.00000,8.00000,16.00000,8.00000,8.00000
EDA,Model,VS+i-run3/3_6,3.00000,11.00000,11.00000,15.00000,11.00000,11.00000
EDA,Model,VS+i-run3/3_7,3.00000,11.00000,11.00000,15.00000,11.00000,11.00000
EDA,Model,VS+i-run3/3_8,3.00000,7.00000,7.00000,19.00000,7.00000,7.00000
EDA,Model,VS+i-run3/3_9,3.00000,14.00000,14.00000,12.00000,14.00000,14.00000
EDA,Model,VS+i-run4/4_1,2.00000,13.00000,13.00000,14.00000,13.00000,13.00000
EDA,Model,VS+i-run4/4_10,2.00000,12.00000,12.00000,15.00000,12.00000,12.00000
EDA,Model,VS+i-run4/4_11,3.00000,13.00000,13.00000,13.00000,13.00000,13.00000
EDA,Model,VS+i-run4/4_12,2.00000,14.00000,14.00000,13.00000,14.00000,14.00000
EDA,Model,VS+i-run4/4_13,2.00000,14.00000,14.00000,13.00000,14.00000,14.00000
EDA,Model,VS+i-run4/4_14,2.00000,14.00000,14.00000,13.00000,14.00000,14.00000
EDA,Model,VS+i-run4/4_15,2.00000,17.00000,17.00000,10.00000,17.00000,17.00000
EDA,Model,VS+i-run4/4_16,2.00000,14.00000,14.00000,13.00000,14.00000,14.00000
EDA,Model,VS+i-run4/4_17,2.00000,14.00000,14.00000,13.00000,14.00000,14.00000
EDA,Model,VS+i-run4/4_18,2.00000,11.00000,11.00000,16.00000,11.00000,11.00000
EDA,Model,VS+i-run4/4_19,2.00000,14.00000,14.00000,13.00000,14.00000,14.00000
EDA,Model,VS+i-run4/4_2,2.00000,13.00000,13.00000,14.00000,13.00000,13.00000
EDA,Model,VS+i-run4/4_20,2.00000,14.00000,14.00000,13.00000,14.00000,14.00000
EDA,Model,VS+i-run4/4_21,2.00000,14.00000,14.00000,13.00000,14.00000,14.00000
EDA,Model,VS+i-run4/4_22,2.00000,14.00000,14.00000,13.00000,14.00000,14.00000
EDA,Model,VS+i-run4/4_23,2.00000,14.00000,14.00000,13.00000,14.00000,14.00000
EDA,Model,VS+i-run4/4_24,2.00000,14.00000,14.00000,13.00000,14.00000,14.00000
EDA,Model,VS+i-run4/4_25,2.00000,14.00000,14.00000,13.00000,14.00000,14.00000
EDA,Model,VS+i-run4/4_26,2.00000,13.00000,13.00000,14.00000,13.00000,13.00000
EDA,Model,VS+i-run4/4_27,2.00000,11.00000,11.00000,16.00000,11.00000,11.00000
EDA,Model,VS+i-run4/4_28,2.00000,11.00000,11.00000,16.00000,11.00000,11.00000
EDA,Model,VS+i-run4/4_29,2.00000,11.00000,11.00000,16.00000,11.00000,11.00000
EDA,Model,VS+i-run4/4_3,2.00000,13.00000,13.00000,14.00000,13.00000,13.00000
EDA,Model,VS+i-run4/4_30,2.00000,11.00000,11.00000,16.00000,11.00000,11.00000
EDA,Model,VS+i-run4/4_4,2.00000,13.00000,13.00000,14.00000,13.00000,13.00000
EDA,Model,VS+i-run4/4_5,2.00000,13.00000,13.00000,14.00000,13.00000,13.00000
EDA,Model,VS+i-run4/4_6,3.00000,13.00000,13.00000,13.00000,13.00000,13.00000
EDA,Model,VS+i-run4/4_7,2.00000,14.00000,14.00000,13.00000,14.00000,14.00000
EDA,Model,VS+i-run4/4_8,2.00000,13.00000,13.00000,14.00000,13.00000,13.00000
EDA,Model,VS+i-run4/4_9,2.00000,13.00000,13.00000,14.00000,13.00000,13.00000
EDA,Model,VS+i-run5/5_1,4.00000,6.00000,6.00000,19.00000,6.00000,6.00000
EDA,Model,VS+i-run5/5_10,4.00000,7.00000,7.00000,18.00000,7.00000,7.00000
EDA,Model,VS+i-run5/5_11,4.00000,7.00000,7.00000,18.00000,7.00000,7.00000
EDA,Model,VS+i-run5/5_12,4.00000,7.00000,7.00000,18.00000,7.00000,7.00000
EDA,Model,VS+i-run5/5_13,4.00000,7.00000,7.00000,18.00000,7.00000,7.00000
EDA,Model,VS+i-run5/5_14,4.00000,7.00000,7.00000,18.00000,7.00000,7.00000
EDA,Model,VS+i-run5/5_15,5.00000,5.00000,5.00000,19.00000,5.00000,5.00000
EDA,Model,VS+i-run5/5_16,4.00000,7.00000,7.00000,18.00000,7.00000,7.00000
EDA,Model,VS+i-run5/5_17,4.00000,7.00000,7.00000,18.00000,7.00000,7.00000
EDA,Model,VS+i-run5/5_18,4.00000,7.00000,7.00000,18.00000,7.00000,7.00000
EDA,Model,VS+i-run5/5_19,4.00000,7.00000,7.00000,18.00000,7.00000,7.00000
EDA,Model,VS+i-run5/5_2,4.00000,6.00000,6.00000,19.00000,6.00000,6.00000
EDA,Model,VS+i-run5/5_20,4.00000,7.00000,7.00000,18.00000,7.00000,7.00000
EDA,Model,VS+i-run5/5_21,4.00000,7.00000,7.00000,18.00000,7.00000,7.00000
EDA,Model,VS+i-run5/5_22,2.00000,11.00000,11.00000,16.00000,11.00000,11.00000
EDA,Model,VS+i-run5/5_23,5.00000,7.00000,7.00000,17.00000,7.00000,7.00000
EDA,Model,VS+i-run5/5_24,4.00000,10.00000,10.00000,15.00000,10.00000,10.00000
EDA,Model,VS+i-run5/5_25,6.00000,5.00000,5.00000,18.00000,5.00000,5.00000
EDA,Model,VS+i-run5/5_26,4.00000,11.00000,11.00000,14.00000,11.00000,11.00000
EDA,Model,VS+i-run5/5_27,3.00000,11.00000,11.00000,15.00000,11.00000,11.00000
EDA,Model,VS+i-run5/5_28,4.00000,7.00000,7.00000,18.00000,7.00000,7.00000
EDA,Model,VS+i-run5/5_29,5.00000,6.00000,6.00000,18.00000,6.00000,6.00000
EDA,Model,VS+i-run5/5_3,4.00000,7.00000,7.00000,18.00000,7.00000,7.00000
EDA,Model,VS+i-run5/5_30,4.00000,11.00000,11.00000,14.00000,11.00000,11.00000
EDA,Model,VS+i-run5/5_4,6.00000,6.00000,6.00000,17.00000,6.00000,6.00000
EDA,Model,VS+i-run5/5_5,4.00000,7.00000,7.00000,18.00000,7.00000,7.00000
EDA,Model,VS+i-run5/5_6,4.00000,7.00000,7.00000,18.00000,7.00000,7.00000
EDA,Model,VS+i-run5/5_7,4.00000,7.00000,7.00000,18.00000,7.00000,7.00000
EDA,Model,VS+i-run5/5_8,5.00000,6.00000,6.00000,18.00000,6.00000,6.00000
EDA,Model,VS+i-run5/5_9,4.00000,11.00000,11.00000,14.00000,11.00000,11.00000
EDA,Model,VS+i-run6/6_1,6.00000,8.00000,8.00000,15.00000,8.00000,8.00000
EDA,Model,VS+i-run6/6_10,5.00000,8.00000,8.00000,16.00000,8.00000,8.00000
EDA,Model,VS+i-run6/6_11,6.00000,6.00000,6.00000,17.00000,6.00000,6.00000
EDA,Model,VS+i-run6/6_12,5.00000,10.00000,10.00000,14.00000,10.00000,10.00000
EDA,Model,VS+i-run6/6_13,5.00000,6.00000,6.00000,18.00000,6.00000,6.00000
EDA,Model,VS+i-run6/6_14,7.00000,7.00000,7.00000,15.00000,7.00000,7.00000
EDA,Model,VS+i-run6/6_15,5.00000,5.00000,5.00000,19.00000,5.00000,5.00000
EDA,Model,VS+i-run6/6_16,6.00000,5.00000,5.00000,18.00000,5.00000,5.00000
EDA,Model,VS+i-run6/6_17,5.00000,5.00000,5.00000,19.00000,5.00000,5.00000
EDA,Model,VS+i-run6/6_18,5.00000,6.00000,6.00000,18.00000,6.00000,6.00000
EDA,Model,VS+i-run6/6_19,5.00000,6.00000,6.00000,18.00000,6.00000,6.00000
EDA,Model,VS+i-run6/6_2,5.00000,8.00000,8.00000,16.00000,8.00000,8.00000
EDA,Model,VS+i-run6/6_20,5.00000,6.00000,6.00000,18.00000,6.00000,6.00000
EDA,Model,VS+i-run6/6_21,5.00000,5.00000,5.00000,19.00000,5.00000,5.00000
EDA,Model,VS+i-run6/6_22,5.00000,6.00000,6.00000,18.00000,6.00000,6.00000
EDA,Model,VS+i-run6/6_23,5.00000,6.00000,6.00000,18.00000,6.00000,6.00000
EDA,Model,VS+i-run6/6_24,5.00000,6.00000,6.00000,18.00000,6.00000,6.00000
EDA,Model,VS+i-run6/6_25,5.00000,6.00000,6.00000,18.00000,6.00000,6.00000
EDA,Model,VS+i-run6/6_26,5.00000,6.00000,6.00000,18.00000,6.00000,6.00000
EDA,Model,VS+i-run6/6_27,5.00000,7.00000,7.00000,17.00000,7.00000,7.00000
EDA,Model,VS+i-run6/6_28,4.00000,11.00000,11.00000,14.00000,11.00000,11.00000
EDA,Model,VS+i-run6/6_29,6.00000,7.00000,7.00000,16.00000,7.00000,7.00000
EDA,Model,VS+i-run6/6_3,5.00000,9.00000,9.00000,15.00000,9.00000,9.00000
EDA,Model,VS+i-run6/6_30,5.00000,9.00000,9.00000,15.00000,9.00000,9.00000
EDA,Model,VS+i-run6/6_4,5.00000,8.00000,8.00000,16.00000,8.00000,8.00000
EDA,Model,VS+i-run6/6_5,3.00000,8.00000,8.00000,18.00000,8.00000,8.00000
EDA,Model,VS+i-run6/6_6,5.00000,6.00000,6.00000,18.00000,6.00000,6.00000
EDA,Model,VS+i-run6/6_7,5.00000,10.00000,10.00000,14.00000,10.00000,10.00000
EDA,Model,VS+i-run6/6_8,5.00000,5.00000,5.00000,19.00000,5.00000,5.00000
EDA,Model,VS+i-run6/6_9,4.00000,11.00000,11.00000,14.00000,11.00000,11.00000
EDA,Model,VS+i-run7/7_1,4.00000,8.00000,8.00000,17.00000,8.00000,8.00000
EDA,Model,VS+i-run7/7_10,4.00000,8.00000,8.00000,17.00000,8.00000,8.00000
EDA,Model,VS+i-run7/7_11,4.00000,12.00000,12.00000,13.00000,12.00000,12.00000
EDA,Model,VS+i-run7/7_12,4.00000,8.00000,8.00000,17.00000,8.00000,8.00000
EDA,Model,VS+i-run7/7_13,4.00000,8.00000,8.00000,17.00000,8.00000,8.00000
EDA,Model,VS+i-run7/7_14,4.00000,8.00000,8.00000,17.00000,8.00000,8.00000
EDA,Model,VS+i-run7/7_15,4.00000,8.00000,8.00000,17.00000,8.00000,8.00000
EDA,Model,VS+i-run7/7_16,4.00000,8.00000,8.00000,17.00000,8.00000,8.00000
EDA,Model,VS+i-run7/7_17,4.00000,8.00000,8.00000,17.00000,8.00000,8.00000
EDA,Model,VS+i-run7/7_18,4.00000,8.00000,8.00000,17.00000,8.00000,8.00000
EDA,Model,VS+i-run7/7_19,4.00000,8.00000,8.00000,17.00000,8.00000,8.00000
EDA,Model,VS+i-run7/7_2,4.00000,8.00000,8.00000,17.00000,8.00000,8.00000
EDA,Model,VS+i-run7/7_20,6.00000,7.00000,7.00000,16.00000,7.00000,7.00000
EDA,Model,VS+i-run7/7_21,4.00000,8.00000,8.00000,17.00000,8.00000,8.00000
EDA,Model,VS+i-run7/7_22,4.00000,8.00000,8.00000,17.00000,8.00000,8.00000
EDA,Model,VS+i-run7/7_23,5.00000,7.00000,7.00000,17.00000,7.00000,7.00000
EDA,Model,VS+i-run7/7_24,5.00000,7.00000,7.00000,17.00000,7.00000,7.00000
EDA,Model,VS+i-run7/7_25,5.00000,7.00000,7.00000,17.00000,7.00000,7.00000
EDA,Model,VS+i-run7/7_26,5.00000,7.00000,7.00000,17.00000,7.00000,7.00000
EDA,Model,VS+i-run7/7_27,5.00000,7.00000,7.00000,17.00000,7.00000,7.00000
EDA,Model,VS+i-run7/7_28,5.00000,7.00000,7.00000,17.00000,7.00000,7.00000
EDA,Model,VS+i-run7/7_29,5.00000,7.00000,7.00000,17.00000,7.00000,7.00000
EDA,Model,VS+i-run7/7_3,5.00000,7.00000,7.00000,17.00000,7.00000,7.00000
EDA,Model,VS+i-run7/7_30,5.00000,7.00000,7.00000,17.00000,7.00000,7.00000
EDA,Model,VS+i-run7/7_4,6.00000,6.00000,6.00000,17.00000,6.00000,6.00000
EDA,Model,VS+i-run7/7_5,4.00000,8.00000,8.00000,17.00000,8.00000,8.00000
EDA,Model,VS+i-run7/7_6,5.00000,6.00000,6.00000,18.00000,6.00000,6.00000
EDA,Model,VS+i-run7/7_7,4.00000,8.00000,8.00000,17.00000,8.00000,8.00000
EDA,Model,VS+i-run7/7_8,4.00000,8.00000,8.00000,17.00000,8.00000,8.00000
EDA,Model,VS+i-run7/7_9,4.00000,8.00000,8.00000,17.00000,8.00000,8.00000
EDA,Model,VS+i-run8/8_1,4.00000,15.00000,15.00000,10.00000,15.00000,15.00000
EDA,Model,VS+i-run8/8_10,6.00000,10.00000,10.00000,13.00000,10.00000,10.00000
EDA,Model,VS+i-run8/8_11,4.00000,14.00000,14.00000,11.00000,14.00000,14.00000
EDA,Model,VS+i-run8/8_12,4.00000,14.00000,14.00000,11.00000,14.00000,14.00000
EDA,Model,VS+i-run8/8_13,4.00000,14.00000,14.00000,11.00000,14.00000,14.00000
EDA,Model,VS+i-run8/8_14,4.00000,14.00000,14.00000,11.00000,14.00000,14.00000
EDA,Model,VS+i-run8/8_15,4.00000,14.00000,14.00000,11.00000,14.00000,14.00000
EDA,Model,VS+i-run8/8_16,4.00000,14.00000,14.00000,11.00000,14.00000,14.00000
EDA,Model,VS+i-run8/8_17,4.00000,14.00000,14.00000,11.00000,14.00000,14.00000
EDA,Model,VS+i-run8/8_18,4.00000,14.00000,14.00000,11.00000,14.00000,14.00000
EDA,Model,VS+i-run8/8_19,6.00000,10.00000,10.00000,13.00000,10.00000,10.00000
EDA,Model,VS+i-run8/8_2,4.00000,15.00000,15.00000,10.00000,15.00000,15.00000
EDA,Model,VS+i-run8/8_20,6.00000,10.00000,10.00000,13.00000,10.00000,10.00000
EDA,Model,VS+i-run8/8_21,6.00000,10.00000,10.00000,13.00000,10.00000,10.00000
EDA,Model,VS+i-run8/8_22,6.00000,10.00000,10.00000,13.00000,10.00000,10.00000
EDA,Model,VS+i-run8/8_23,6.00000,10.00000,10.00000,13.00000,10.00000,10.00000
EDA,Model,VS+i-run8/8_24,3.00000,10.00000,10.00000,16.00000,10.00000,10.00000
EDA,Model,VS+i-run8/8_25,5.00000,9.00000,9.00000,15.00000,9.00000,9.00000
EDA,Model,VS+i-run8/8_26,4.00000,14.00000,14.00000,11.00000,14.00000,14.00000
EDA,Model,VS+i-run8/8_27,3.00000,11.00000,11.00000,15.00000,11.00000,11.00000
EDA,Model,VS+i-run8/8_28,3.00000,11.00000,11.00000,15.00000,11.00000,11.00000
EDA,Model,VS+i-run8/8_29,7.00000,9.00000,9.00000,13.00000,9.00000,9.00000
EDA,Model,VS+i-run8/8_3,4.00000,15.00000,15.00000,10.00000,15.00000,15.00000
EDA,Model,VS+i-run8/8_30,5.00000,9.00000,9.00000,15.00000,9.00000,9.00000
EDA,Model,VS+i-run8/8_4,4.00000,15.00000,15.00000,10.00000,15.00000,15.00000
EDA,Model,VS+i-run8/8_5,4.00000,15.00000,15.00000,10.00000,15.00000,15.00000
EDA,Model,VS+i-run8/8_6,4.00000,14.00000,14.00000,11.00000,14.00000,14.00000
EDA,Model,VS+i-run8/8_7,4.00000,14.00000,14.00000,11.00000,14.00000,14.00000
EDA,Model,VS+i-run8/8_8,4.00000,14.00000,14.00000,11.00000,14.00000,14.00000
EDA,Model,VS+i-run8/8_9,4.00000,14.00000,14.00000,11.00000,14.00000,14.00000
EDA,Model,VS+i-run9/9_1,5.00000,8.00000,8.00000,16.00000,8.00000,8.00000
EDA,Model,VS+i-run9/9_10,5.00000,8.00000,8.00000,16.00000,8.00000,8.00000
EDA,Model,VS+i-run9/9_11,5.00000,8.00000,8.00000,16.00000,8.00000,8.00000
EDA,Model,VS+i-run9/9_12,5.00000,8.00000,8.00000,16.00000,8.00000,8.00000
EDA,Model,VS+i-run9/9_13,5.00000,8.00000,8.00000,16.00000,8.00000,8.00000
EDA,Model,VS+i-run9/9_14,5.00000,8.00000,8.00000,16.00000,8.00000,8.00000
EDA,Model,VS+i-run9/9_15,5.00000,8.00000,8.00000,16.00000,8.00000,8.00000
EDA,Model,VS+i-run9/9_16,6.00000,8.00000,8.00000,15.00000,8.00000,8.00000
EDA,Model,VS+i-run9/9_17,6.00000,6.00000,6.00000,17.00000,6.00000,6.00000
EDA,Model,VS+i-run9/9_18,6.00000,6.00000,6.00000,17.00000,6.00000,6.00000
EDA,Model,VS+i-run9/9_19,6.00000,7.00000,7.00000,16.00000,7.00000,7.00000
EDA,Model,VS+i-run9/9_2,5.00000,8.00000,8.00000,16.00000,8.00000,8.00000
EDA,Model,VS+i-run9/9_20,6.00000,6.00000,6.00000,17.00000,6.00000,6.00000
EDA,Model,VS+i-run9/9_21,6.00000,7.00000,7.00000,16.00000,7.00000,7.00000
EDA,Model,VS+i-run9/9_22,6.00000,6.00000,6.00000,17.00000,6.00000,6.00000
EDA,Model,VS+i-run9/9_23,6.00000,7.00000,7.00000,16.00000,7.00000,7.00000
EDA,Model,VS+i-run9/9_24,6.00000,7.00000,7.00000,16.00000,7.00000,7.00000
EDA,Model,VS+i-run9/9_25,6.00000,7.00000,7.00000,16.00000,7.00000,7.00000
EDA,Model,VS+i-run9/9_26,6.00000,7.00000,7.00000,16.00000,7.00000,7.00000
EDA,Model,VS+i-run9/9_27,6.00000,8.00000,8.00000,15.00000,8.00000,8.00000
EDA,Model,VS+i-run9/9_28,6.00000,7.00000,7.00000,16.00000,7.00000,7.00000
EDA,Model,VS+i-run9/9_29,6.00000,6.00000,6.00000,17.00000,6.00000,6.00000
EDA,Model,VS+i-run9/9_3,5.00000,8.00000,8.00000,16.00000,8.00000,8.00000
EDA,Model,VS+i-run9/9_30,6.00000,6.00000,6.00000,17.00000,6.00000,6.00000
EDA,Model,VS+i-run9/9_4,5.00000,8.00000,8.00000,16.00000,8.00000,8.00000
EDA,Model,VS+i-run9/9_5,5.00000,8.00000,8.00000,16.00000,8.00000,8.00000
EDA,Model,VS+i-run9/9_6,5.00000,8.00000,8.00000,16.00000,8.00000,8.00000
EDA,Model,VS+i-run9/9_7,7.00000,6.00000,6.00000,16.00000,6.00000,6.00000
EDA,Model,VS+i-run9/9_8,5.00000,8.00000,8.00000,16.00000,8.00000,8.00000
EDA,Model,VS+i-run9/9_9,5.00000,8.00000,8.00000,16.00000,8.00000,8.00000
EDA,NHLattice,VS+i-run1/1_1,8.00000,4.00000,8.00000,17.00000,8.00000,8.00000
EDA,NHLattice,VS+i-run1/1_10,8.00000,4.00000,8.00000,17.00000,8.00000,8.00000
EDA,NHLattice,VS+i-run1/1_11,8.00000,4.00000,8.00000,17.00000,8.00000,8.00000
EDA,NHLattice,VS+i-run1/1_12,8.00000,4.00000,8.00000,17.00000,8.00000,8.00000
EDA,NHLattice,VS+i-run1/1_13,8.00000,4.00000,8.00000,17.00000,8.00000,8.00000
EDA,NHLattice,VS+i-run1/1_14,8.00000,4.00000,8.00000,17.00000,8.00000,8.00000
EDA,NHLattice,VS+i-run1/1_15,8.00000,4.00000,8.00000,17.00000,8.00000,8.00000
EDA,NHLattice,VS+i-run1/1_16,8.00000,4.00000,8.00000,17.00000,8.00000,8.00000
EDA,NHLattice,VS+i-run1/1_17,8.00000,4.00000,8.00000,17.00000,8.00000,8.00000
EDA,NHLattice,VS+i-run1/1_18,8.00000,4.00000,8.00000,17.00000,8.00000,8.00000
EDA,NHLattice,VS+i-run1/1_19,11.00000,4.00000,11.00000,14.00000,11.00000,11.00000
EDA,NHLattice,VS+i-run1/1_2,8.00000,4.00000,8.00000,17.00000,8.00000,8.00000
EDA,NHLattice,VS+i-run1/1_20,12.00000,3.00000,12.00000,14.00000,12.00000,12.00000
EDA,NHLattice,VS+i-run1/1_21,8.00000,4.00000,8.00000,17.00000,8.00000,8.00000
EDA,NHLattice,VS+i-run1/1_22,8.00000,4.00000,8.00000,17.00000,8.00000,8.00000
EDA,NHLattice,VS+i-run1/1_23,8.00000,4.00000,8.00000,17.00000,8.00000,8.00000
EDA,NHLattice,VS+i-run1/1_24,5.00000,6.00000,18.00000,5.00000,5.00000,5.00000
EDA,NHLattice,VS+i-run1/1_25,8.00000,4.00000,8.00000,17.00000,8.00000,8.00000
EDA,NHLattice,VS+i-run1/1_26,8.00000,4.00000,8.00000,17.00000,8.00000,8.00000
EDA,NHLattice,VS+i-run1/1_27,8.00000,4.00000,8.00000,17.00000,8.00000,8.00000
EDA,NHLattice,VS+i-run1/1_28,8.00000,4.00000,8.00000,17.00000,8.00000,8.00000
EDA,NHLattice,VS+i-run1/1_29,8.00000,4.00000,8.00000,17.00000,8.00000,8.00000
EDA,NHLattice,VS+i-run1/1_3,6.00000,5.00000,6.00000,18.00000,6.00000,6.00000
EDA,NHLattice,VS+i-run1/1_30,8.00000,4.00000,8.00000,17.00000,8.00000,8.00000
EDA,NHLattice,VS+i-run1/1_4,8.00000,4.00000,8.00000,17.00000,8.00000,8.00000
EDA,NHLattice,VS+i-run1/1_5,8.00000,4.00000,8.00000,17.00000,8.00000,8.00000
EDA,NHLattice,VS+i-run1/1_6,8.00000,4.00000,8.00000,17.00000,8.00000,8.00000
EDA,NHLattice,VS+i-run1/1_7,8.00000,4.00000,8.00000,17.00000,8.00000,8.00000
EDA,NHLattice,VS+i-run1/1_8,9.00000,4.00000,9.00000,16.00000,9.00000,9.00000
EDA,NHLattice,VS+i-run1/1_9,8.00000,4.00000,8.00000,17.00000,8.00000,8.00000
EDA,NHLattice,VS+i-run10/10_1,8.00000,4.00000,17.00000,8.00000,8.00000,8.00000
EDA,NHLattice,VS+i-run10/10_10,8.00000,4.00000,17.00000,8.00000,8.00000,8.00000
EDA,NHLattice,VS+i-run10/10_11,9.00000,4.00000,16.00000,9.00000,9.00000,9.00000
EDA,NHLattice,VS+i-run10/10_12,9.00000,4.00000,16.00000,9.00000,9.00000,9.00000
EDA,NHLattice,VS+i-run10/10_13,9.00000,4.00000,16.00000,9.00000,9.00000,9.00000
EDA,NHLattice,VS+i-run10/10_14,9.00000,4.00000,16.00000,9.00000,9.00000,9.00000
EDA,NHLattice,VS+i-run10/10_15,8.00000,4.00000,17.00000,8.00000,8.00000,8.00000
EDA,NHLattice,VS+i-run10/10_16,9.00000,4.00000,16.00000,9.00000,9.00000,9.00000
EDA,NHLattice,VS+i-run10/10_17,9.00000,4.00000,16.00000,9.00000,9.00000,9.00000
EDA,NHLattice,VS+i-run10/10_18,9.00000,4.00000,16.00000,9.00000,9.00000,9.00000
EDA,NHLattice,VS+i-run10/10_19,9.00000,4.00000,16.00000,9.00000,9.00000,9.00000
EDA,NHLattice,VS+i-run10/10_2,8.00000,4.00000,17.00000,8.00000,8.00000,8.00000
EDA,NHLattice,VS+i-run10/10_20,15.00000,2.00000,15.00000,12.00000,15.00000,15.00000
EDA,NHLattice,VS+i-run10/10_21,8.00000,4.00000,17.00000,8.00000,8.00000,8.00000
EDA,NHLattice,VS+i-run10/10_22,9.00000,4.00000,16.00000,9.00000,9.00000,9.00000
EDA,NHLattice,VS+i-run10/10_23,9.00000,4.00000,16.00000,9.00000,9.00000,9.00000
EDA,NHLattice,VS+i-run10/10_24,15.00000,2.00000,15.00000,12.00000,15.00000,15.00000
EDA,NHLattice,VS+i-run10/10_25,9.00000,4.00000,16.00000,9.00000,9.00000,9.00000
EDA,NHLattice,VS+i-run10/10_26,8.00000,4.00000,17.00000,8.00000,8.00000,8.00000
EDA,NHLattice,VS+i-run10/10_27,8.00000,4.00000,17.00000,8.00000,8.00000,8.00000
EDA,NHLattice,VS+i-run10/10_28,9.00000,4.00000,16.00000,9.00000,9.00000,9.00000
EDA,NHLattice,VS+i-run10/10_29,9.00000,4.00000,16.00000,9.00000,9.00000,9.00000
EDA,NHLattice,VS+i-run10/10_3,8.00000,4.00000,17.00000,8.00000,8.00000,8.00000
EDA,NHLattice,VS+i-run10/10_30,15.00000,2.00000,15.00000,12.00000,15.00000,15.00000
EDA,NHLattice,VS+i-run10/10_4,8.00000,4.00000,17.00000,8.00000,8.00000,8.00000
EDA,NHLattice,VS+i-run10/10_5,8.00000,4.00000,17.00000,8.00000,8.00000,8.00000
EDA,NHLattice,VS+i-run10/10_6,9.00000,4.00000,16.00000,9.00000,9.00000,9.00000
EDA,NHLattice,VS+i-run10/10_7,9.00000,4.00000,16.00000,9.00000,9.00000,9.00000
EDA,NHLattice,VS+i-run10/10_8,9.00000,4.00000,16.00000,9.00000,9.00000,9.00000
EDA,NHLattice,VS+i-run10/10_9,9.00000,4.00000,16.00000,9.00000,9.00000,9.00000
EDA,NHLattice,VS+i-run11/11_1,6.00000,5.00000,18.00000,6.00000,6.00000,6.00000
EDA,NHLattice,VS+i-run11/11_10,7.00000,5.00000,7.00000,17.00000,7.00000,7.00000
EDA,NHLattice,VS+i-run11/11_11,7.00000,5.00000,7.00000,17.00000,7.00000,7.00000
EDA,NHLattice,VS+i-run11/11_12,7.00000,5.00000,7.00000,17.00000,7.00000,7.00000
EDA,NHLattice,VS+i-run11/11_13,13.00000,2.00000,14.00000,13.00000,13.00000,13.00000
EDA,NHLattice,VS+i-run11/11_14,10.00000,5.00000,14.00000,10.00000,10.00000,10.00000
EDA,NHLattice,VS+i-run11/11_15,9.00000,6.00000,14.00000,9.00000,9.00000,9.00000
EDA,NHLattice,VS+i-run11/11_16,10.00000,5.00000,14.00000,10.00000,10.00000,10.00000
EDA,NHLattice,VS+i-run11/11_17,7.00000,5.00000,7.00000,17.00000,7.00000,7.00000
EDA,NHLattice,VS+i-run11/11_18,13.00000,2.00000,14.00000,13.00000,13.00000,13.00000
EDA,NHLattice,VS+i-run11/11_19,7.00000,5.00000,7.00000,17.00000,7.00000,7.00000
EDA,NHLattice,VS+i-run11/11_2,6.00000,5.00000,6.00000,18.00000,6.00000,6.00000
EDA,NHLattice,VS+i-run11/11_20,14.00000,2.00000,13.00000,14.00000,14.00000,14.00000
EDA,NHLattice,VS+i-run11/11_21,7.00000,5.00000,7.00000,17.00000,7.00000,7.00000
EDA,NHLattice,VS+i-run11/11_22,7.00000,5.00000,7.00000,17.00000,7.00000,7.00000
EDA,NHLattice,VS+i-run11/11_23,7.00000,5.00000,7.00000,17.00000,7.00000,7.00000
EDA,NHLattice,VS+i-run11/11_24,7.00000,5.00000,7.00000,17.00000,7.00000,7.00000
EDA,NHLattice,VS+i-run11/11_25,7.00000,5.00000,7.00000,17.00000,7.00000,7.00000
EDA,NHLattice,VS+i-run11/11_26,7.00000,5.00000,7.00000,17.00000,7.00000,7.00000
EDA,NHLattice,VS+i-run11/11_27,7.00000,5.00000,7.00000,17.00000,7.00000,7.00000
EDA,NHLattice,VS+i-run11/11_28,11.00000,3.00000,11.00000,15.00000,11.00000,11.00000
EDA,NHLattice,VS+i-run11/11_29,15.00000,3.00000,15.00000,11.00000,15.00000,15.00000
EDA,NHLattice,VS+i-run11/11_3,7.00000,5.00000,7.00000,17.00000,7.00000,7.00000
EDA,NHLattice,VS+i-run11/11_30,7.00000,5.00000,7.00000,17.00000,7.00000,7.00000
EDA,NHLattice,VS+i-run11/11_4,7.00000,5.00000,7.00000,17.00000,7.00000,7.00000
EDA,NHLattice,VS+i-run11/11_5,7.00000,5.00000,7.00000,17.00000,7.00000,7.00000
EDA,NHLattice,VS+i-run11/11_6,6.00000,5.00000,6.00000,18.00000,6.00000,6.00000
EDA,NHLattice,VS+i-run11/11_7,6.00000,5.00000,6.00000,18.00000,6.00000,6.00000
EDA,NHLattice,VS+i-run11/11_8,7.00000,5.00000,7.00000,17.00000,7.00000,7.00000
EDA,NHLattice,VS+i-run11/11_9,10.00000,5.00000,14.00000,10.00000,10.00000,10.00000
EDA,NHLattice,VS+i-run12/12_1,4.00000,7.00000,18.00000,4.00000,4.00000,4.00000
EDA,NHLattice,VS+i-run12/12_10,4.00000,7.00000,18.00000,4.00000,4.00000,4.00000
EDA,NHLattice,VS+i-run12/12_11,4.00000,7.00000,18.00000,4.00000,4.00000,4.00000
EDA,NHLattice,VS+i-run12/12_12,4.00000,7.00000,18.00000,4.00000,4.00000,4.00000
EDA,NHLattice,VS+i-run12/12_13,4.00000,7.00000,18.00000,4.00000,4.00000,4.00000
EDA,NHLattice,VS+i-run12/12_14,4.00000,7.00000,18.00000,4.00000,4.00000,4.00000
EDA,NHLattice,VS+i-run12/12_15,4.00000,5.00000,20.00000,4.00000,4.00000,4.00000
EDA,NHLattice,VS+i-run12/12_16,4.00000,7.00000,18.00000,4.00000,4.00000,4.00000
EDA,NHLattice,VS+i-run12/12_17,5.00000,5.00000,19.00000,5.00000,5.00000,5.00000
EDA,NHLattice,VS+i-run12/12_18,10.00000,2.00000,17.00000,10.00000,10.00000,10.00000
EDA,NHLattice,VS+i-run12/12_19,4.00000,5.00000,20.00000,4.00000,4.00000,4.00000
EDA,NHLattice,VS+i-run12/12_2,4.00000,7.00000,18.00000,4.00000,4.00000,4.00000
EDA,NHLattice,VS+i-run12/12_20,4.00000,5.00000,20.00000,4.00000,4.00000,4.00000
EDA,NHLattice,VS+i-run12/12_21,4.00000,5.00000,20.00000,4.00000,4.00000,4.00000
EDA,NHLattice,VS+i-run12/12_22,8.00000,3.00000,18.00000,8.00000,8.00000,8.00000
EDA,NHLattice,VS+i-run12/12_23,10.00000,2.00000,17.00000,10.00000,10.00000,10.00000
EDA,NHLattice,VS+i-run12/12_24,10.00000,2.00000,17.00000,10.00000,10.00000,10.00000
EDA,NHLattice,VS+i-run12/12_25,10.00000,2.00000,17.00000,10.00000,10.00000,10.00000
EDA,NHLattice,VS+i-run12/12_26,10.00000,2.00000,17.00000,10.00000,10.00000,10.00000
EDA,NHLattice,VS+i-run12/12_27,10.00000,2.00000,17.00000,10.00000,10.00000,10.00000
EDA,NHLattice,VS+i-run12/12_28,10.00000,2.00000,17.00000,10.00000,10.00000,10.00000
EDA,NHLattice,VS+i-run12/12_29,10.00000,2.00000,17.00000,10.00000,10.00000,10.00000
EDA,NHLattice,VS+i-run12/12_3,4.00000,7.00000,18.00000,4.00000,4.00000,4.00000
EDA,NHLattice,VS+i-run12/12_30,10.00000,2.00000,17.00000,10.00000,10.00000,10.00000
EDA,NHLattice,VS+i-run12/12_4,4.00000,7.00000,18.00000,4.00000,4.00000,4.00000
EDA,NHLattice,VS+i-run12/12_5,4.00000,7.00000,18.00000,4.00000,4.00000,4.00000
EDA,NHLattice,VS+i-run12/12_6,4.00000,7.00000,18.00000,4.00000,4.00000,4.00000
EDA,NHLattice,VS+i-run12/12_7,4.00000,7.00000,18.00000,4.00000,4.00000,4.00000
EDA,NHLattice,VS+i-run12/12_8,4.00000,7.00000,18.00000,4.00000,4.00000,4.00000
EDA,NHLattice,VS+i-run12/12_9,4.00000,7.00000,18.00000,4.00000,4.00000,4.00000
EDA,NHLattice,VS+i-run13/13_1,9.00000,5.00000,15.00000,9.00000,9.00000,9.00000
EDA,NHLattice,VS+i-run13/13_10,8.00000,5.00000,16.00000,8.00000,8.00000,8.00000
EDA,NHLattice,VS+i-run13/13_11,8.00000,5.00000,16.00000,8.00000,8.00000,8.00000
EDA,NHLattice,VS+i-run13/13_12,9.00000,4.00000,16.00000,9.00000,9.00000,9.00000
EDA,NHLattice,VS+i-run13/13_13,10.00000,4.00000,10.00000,15.00000,10.00000,10.00000
EDA,NHLattice,VS+i-run13/13_14,8.00000,4.00000,17.00000,8.00000,8.00000,8.00000
EDA,NHLattice,VS+i-run13/13_15,9.00000,4.00000,16.00000,9.00000,9.00000,9.00000
EDA,NHLattice,VS+i-run13/13_16,8.00000,4.00000,17.00000,8.00000,8.00000,8.00000
EDA,NHLattice,VS+i-run13/13_17,9.00000,4.00000,16.00000,9.00000,9.00000,9.00000
EDA,NHLattice,VS+i-run13/13_18,8.00000,4.00000,17.00000,8.00000,8.00000,8.00000
EDA,NHLattice,VS+i-run13/13_19,8.00000,4.00000,17.00000,8.00000,8.00000,8.00000
EDA,NHLattice,VS+i-run13/13_2,9.00000,5.00000,15.00000,9.00000,9.00000,9.00000
EDA,NHLattice,VS+i-run13/13_20,8.00000,4.00000,17.00000,8.00000,8.00000,8.00000
EDA,NHLattice,VS+i-run13/13_21,8.00000,4.00000,17.00000,8.00000,8.00000,8.00000
EDA,NHLattice,VS+i-run13/13_22,9.00000,4.00000,16.00000,9.00000,9.00000,9.00000
EDA,NHLattice,VS+i-run13/13_23,8.00000,5.00000,16.00000,8.00000,8.00000,8.00000
EDA,NHLattice,VS+i-run13/13_24,8.00000,4.00000,17.00000,8.00000,8.00000,8.00000
EDA,NHLattice,VS+i-run13/13_25,9.00000,4.00000,16.00000,9.00000,9.00000,9.00000
EDA,NHLattice,VS+i-run13/13_26,9.00000,4.00000,16.00000,9.00000,9.00000,9.00000
EDA,NHLattice,VS+i-run13/13_27,9.00000,4.00000,16.00000,9.00000,9.00000,9.00000
EDA,NHLattice,VS+i-run13/13_28,9.00000,4.00000,16.00000,9.00000,9.00000,9.00000
EDA,NHLattice,VS+i-run13/13_29,10.00000,4.00000,10.00000,15.00000,10.00000,10.00000
EDA,NHLattice,VS+i-run13/13_3,8.00000,4.00000,17.00000,8.00000,8.00000,8.00000
EDA,NHLattice,VS+i-run13/13_30,9.00000,4.00000,16.00000,9.00000,9.00000,9.00000
EDA,NHLattice,VS+i-run13/13_4,9.00000,5.00000,15.00000,9.00000,9.00000,9.00000
EDA,NHLattice,VS+i-run13/13_5,9.00000,5.00000,15.00000,9.00000,9.00000,9.00000
EDA,NHLattice,VS+i-run13/13_6,9.00000,5.00000,15.00000,9.00000,9.00000,9.00000
EDA,NHLattice,VS+i-run13/13_7,8.00000,5.00000,16.00000,8.00000,8.00000,8.00000
EDA,NHLattice,VS+i-run13/13_8,8.00000,4.00000,17.00000,8.00000,8.00000,8.00000
EDA,NHLattice,VS+i-run13/13_9,9.00000,4.00000,16.00000,9.00000,9.00000,9.00000
EDA,NHLattice,VS+i-run14/14_1,10.00000,5.00000,14.00000,10.00000,10.00000,10.00000
EDA,NHLattice,VS+i-run14/14_10,7.00000,5.00000,17.00000,7.00000,7.00000,7.00000
EDA,NHLattice,VS+i-run14/14_11,9.00000,6.00000,14.00000,9.00000,9.00000,9.00000
EDA,NHLattice,VS+i-run14/14_12,6.00000,5.00000,18.00000,6.00000,6.00000,6.00000
EDA,NHLattice,VS+i-run14/14_13,9.00000,5.00000,15.00000,9.00000,9.00000,9.00000
EDA,NHLattice,VS+i-run14/14_14,9.00000,5.00000,15.00000,9.00000,9.00000,9.00000
EDA,NHLattice,VS+i-run14/14_15,10.00000,5.00000,14.00000,10.00000,10.00000,10.00000
EDA,NHLattice,VS+i-run14/14_16,8.00000,6.00000,8.00000,15.00000,8.00000,8.00000
EDA,NHLattice,VS+i-run14/14_17,6.00000,5.00000,18.00000,6.00000,6.00000,6.00000
EDA,NHLattice,VS+i-run14/14_18,10.00000,5.00000,14.00000,10.00000,10.00000,10.00000
EDA,NHLattice,VS+i-run14/14_19,9.00000,5.00000,9.00000,15.00000,9.00000,9.00000
EDA,NHLattice,VS+i-run14/14_2,10.00000,5.00000,14.00000,10.00000,10.00000,10.00000
EDA,NHLattice,VS+i-run14/14_20,10.00000,5.00000,14.00000,10.00000,10.00000,10.00000
EDA,NHLattice,VS+i-run14/14_21,11.00000,4.00000,11.00000,14.00000,11.00000,11.00000
EDA,NHLattice,VS+i-run14/14_22,9.00000,5.00000,15.00000,9.00000,9.00000,9.00000
EDA,NHLattice,VS+i-run14/14_23,10.00000,5.00000,14.00000,10.00000,10.00000,10.00000
EDA,NHLattice,VS+i-run14/14_24,9.00000,5.00000,15.00000,9.00000,9.00000,9.00000
EDA,NHLattice,VS+i-run14/14_25,10.00000,5.00000,14.00000,10.00000,10.00000,10.00000
EDA,NHLattice,VS+i-run14/14_26,11.00000,5.00000,13.00000,11.00000,11.00000,11.00000
EDA,NHLattice,VS+i-run14/14_27,8.00000,5.00000,16.00000,8.00000,8.00000,8.00000
EDA,NHLattice,VS+i-run14/14_28,9.00000,5.00000,15.00000,9.00000,9.00000,9.00000
EDA,NHLattice,VS+i-run14/14_29,9.00000,5.00000,15.00000,9.00000,9.00000,9.00000
EDA,NHLattice,VS+i-run14/14_3,9.00000,6.00000,14.00000,9.00000,9.00000,9.00000
EDA,NHLattice,VS+i-run14/14_30,9.00000,5.00000,15.00000,9.00000,9.00000,9.00000
EDA,NHLattice,VS+i-run14/14_4,5.00000,5.00000,19.00000,5.00000,5.00000,5.00000
EDA,NHLattice,VS+i-run14/14_5,10.00000,5.00000,14.00000,10.00000,10.00000,10.00000
EDA,NHLattice,VS+i-run14/14_6,9.00000,5.00000,15.00000,9.00000,9.00000,9.00000
EDA,NHLattice,VS+i-run14/14_7,9.00000,5.00000,15.00000,9.00000,9.00000,9.00000
EDA,NHLattice,VS+i-run14/14_8,10.00000,5.00000,14.00000,10.00000,10.00000,10.00000
EDA,NHLattice,VS+i-run14/14_9,9.00000,5.00000,15.00000,9.00000,9.00000,9.00000
EDA,NHLattice,VS+i-run15/15_1,11.00000,3.00000,15.00000,11.00000,11.00000,11.00000
EDA,NHLattice,VS+i-run15/15_10,12.00000,3.00000,14.00000,12.00000,12.00000,12.00000
EDA,NHLattice,VS+i-run15/15_11,12.00000,3.00000,14.00000,12.00000,12.00000,12.00000
EDA,NHLattice,VS+i-run15/15_12,12.00000,3.00000,14.00000,12.00000,12.00000,12.00000
EDA,NHLattice,VS+i-run15/15_13,11.00000,2.00000,16.00000,11.00000,11.00000,11.00000
EDA,NHLattice,VS+i-run15/15_14,12.00000,3.00000,14.00000,12.00000,12.00000,12.00000
EDA,NHLattice,VS+i-run15/15_15,12.00000,3.00000,14.00000,12.00000,12.00000,12.00000
EDA,NHLattice,VS+i-run15/15_16,12.00000,3.00000,14.00000,12.00000,12.00000,12.00000
EDA,NHLattice,VS+i-run15/15_17,12.00000,3.00000,14.00000,12.00000,12.00000,12.00000
EDA,NHLattice,VS+i-run15/15_18,12.00000,3.00000,14.00000,12.00000,12.00000,12.00000
EDA,NHLattice,VS+i-run15/15_19,11.00000,2.00000,11.00000,16.00000,11.00000,11.00000
EDA,NHLattice,VS+i-run15/15_2,12.00000,3.00000,14.00000,12.00000,12.00000,12.00000
EDA,NHLattice,VS+i-run15/15_20,11.00000,2.00000,11.00000,16.00000,11.00000,11.00000
EDA,NHLattice,VS+i-run15/15_21,10.00000,2.00000,10.00000,17.00000,10.00000,10.00000
EDA,NHLattice,VS+i-run15/15_22,11.00000,2.00000,16.00000,11.00000,11.00000,11.00000
EDA,NHLattice,VS+i-run15/15_23,11.00000,2.00000,11.00000,16.00000,11.00000,11.00000
EDA,NHLattice,VS+i-run15/15_24,11.00000,2.00000,11.00000,16.00000,11.00000,11.00000
EDA,NHLattice,VS+i-run15/15_25,11.00000,2.00000,11.00000,16.00000,11.00000,11.00000
EDA,NHLattice,VS+i-run15/15_26,11.00000,2.00000,11.00000,16.00000,11.00000,11.00000
EDA,NHLattice,VS+i-run15/15_27,6.00000,4.00000,6.00000,19.00000,6.00000,6.00000
EDA,NHLattice,VS+i-run15/15_28,10.00000,2.00000,10.00000,17.00000,10.00000,10.00000
EDA,NHLattice,VS+i-run15/15_29,11.00000,2.00000,11.00000,16.00000,11.00000,11.00000
EDA,NHLattice,VS+i-run15/15_3,11.00000,4.00000,14.00000,11.00000,11.00000,11.00000
EDA,NHLattice,VS+i-run15/15_30,10.00000,2.00000,10.00000,17.00000,10.00000,10.00000
EDA,NHLattice,VS+i-run15/15_4,11.00000,3.00000,15.00000,11.00000,11.00000,11.00000
EDA,NHLattice,VS+i-run15/15_5,12.00000,3.00000,14.00000,12.00000,12.00000,12.00000
EDA,NHLattice,VS+i-run15/15_6,12.00000,3.00000,14.00000,12.00000,12.00000,12.00000
EDA,NHLattice,VS+i-run15/15_7,12.00000,3.00000,14.00000,12.00000,12.00000,12.00000
EDA,NHLattice,VS+i-run15/15_8,12.00000,3.00000,14.00000,12.00000,12.00000,12.00000
EDA,NHLattice,VS+i-run15/15_9,12.00000,3.00000,14.00000,12.00000,12.00000,12.00000
EDA,NHLattice,VS+i-run16/16_1,8.00000,5.00000,16.00000,8.00000,8.00000,8.00000
EDA,NHLattice,VS+i-run16/16_10,9.00000,5.00000,15.00000,9.00000,9.00000,9.00000
EDA,NHLattice,VS+i-run16/16_11,9.00000,5.00000,15.00000,9.00000,9.00000,9.00000
EDA,NHLattice,VS+i-run16/16_12,6.00000,5.00000,18.00000,6.00000,6.00000,6.00000
EDA,NHLattice,VS+i-run16/16_13,9.00000,5.00000,15.00000,9.00000,9.00000,9.00000
EDA,NHLattice,VS+i-run16/16_14,9.00000,5.00000,15.00000,9.00000,9.00000,9.00000
EDA,NHLattice,VS+i-run16/16_15,9.00000,5.00000,15.00000,9.00000,9.00000,9.00000
EDA,NHLattice,VS+i-run16/16_16,9.00000,5.00000,15.00000,9.00000,9.00000,9.00000
EDA,NHLattice,VS+i-run16/16_17,9.00000,5.00000,15.00000,9.00000,9.00000,9.00000
EDA,NHLattice,VS+i-run16/16_18,9.00000,5.00000,15.00000,9.00000,9.00000,9.00000
EDA,NHLattice,VS+i-run16/16_19,9.00000,5.00000,15.00000,9.00000,9.00000,9.00000
EDA,NHLattice,VS+i-run16/16_2,9.00000,5.00000,15.00000,9.00000,9.00000,9.00000
EDA,NHLattice,VS+i-run16/16_20,9.00000,5.00000,15.00000,9.00000,9.00000,9.00000
EDA,NHLattice,VS+i-run16/16_21,9.00000,4.00000,9.00000,16.00000,9.00000,9.00000
EDA,NHLattice,VS+i-run16/16_22,9.00000,6.00000,9.00000,14.00000,9.00000,9.00000
EDA,NHLattice,VS+i-run16/16_23,6.00000,5.00000,18.00000,6.00000,6.00000,6.00000
EDA,NHLattice,VS+i-run16/16_24,9.00000,6.00000,9.00000,14.00000,9.00000,9.00000
EDA,NHLattice,VS+i-run16/16_25,8.00000,4.00000,8.00000,17.00000,8.00000,8.00000
EDA,NHLattice,VS+i-run16/16_26,8.00000,5.00000,8.00000,16.00000,8.00000,8.00000
EDA,NHLattice,VS+i-run16/16_27,8.00000,5.00000,8.00000,16.00000,8.00000,8.00000
EDA,NHLattice,VS+i-run16/16_28,8.00000,5.00000,8.00000,16.00000,8.00000,8.00000
EDA,NHLattice,VS+i-run16/16_29,8.00000,5.00000,8.00000,16.00000,8.00000,8.00000
EDA,NHLattice,VS+i-run16/16_3,9.00000,5.00000,15.00000,9.00000,9.00000,9.00000
EDA,NHLattice,VS+i-run16/16_30,8.00000,5.00000,8.00000,16.00000,8.00000,8.00000
EDA,NHLattice,VS+i-run16/16_4,8.00000,5.00000,8.00000,16.00000,8.00000,8.00000
EDA,NHLattice,VS+i-run16/16_5,9.00000,5.00000,15.00000,9.00000,9.00000,9.00000
EDA,NHLattice,VS+i-run16/16_6,9.00000,5.00000,15.00000,9.00000,9.00000,9.00000
EDA,NHLattice,VS+i-run16/16_7,9.00000,5.00000,15.00000,9.00000,9.00000,9.00000
EDA,NHLattice,VS+i-run16/16_8,9.00000,5.00000,15.00000,9.00000,9.00000,9.00000
EDA,NHLattice,VS+i-run16/16_9,9.00000,5.00000,15.00000,9.00000,9.00000,9.00000
EDA,NHLattice,VS+i-run17/17_1,8.00000,4.00000,8.00000,17.00000,8.00000,8.00000
EDA,NHLattice,VS+i-run17/17_10,8.00000,4.00000,8.00000,17.00000,8.00000,8.00000
EDA,NHLattice,VS+i-run17/17_11,8.00000,4.00000,8.00000,17.00000,8.00000,8.00000
EDA,NHLattice,VS+i-run17/17_12,8.00000,4.00000,8.00000,17.00000,8.00000,8.00000
EDA,NHLattice,VS+i-run17/17_13,8.00000,4.00000,8.00000,17.00000,8.00000,8.00000
EDA,NHLattice,VS+i-run17/17_14,8.00000,4.00000,8.00000,17.00000,8.00000,8.00000
EDA,NHLattice,VS+i-run17/17_15,11.00000,3.00000,15.00000,11.00000,11.00000,11.00000
EDA,NHLattice,VS+i-run17/17_16,8.00000,4.00000,8.00000,17.00000,8.00000,8.00000
EDA,NHLattice,VS+i-run17/17_17,8.00000,4.00000,8.00000,17.00000,8.00000,8.00000
EDA,NHLattice,VS+i-run17/17_18,9.00000,4.00000,9.00000,16.00000,9.00000,9.00000
EDA,NHLattice,VS+i-run17/17_19,10.00000,4.00000,10.00000,15.00000,10.00000,10.00000
EDA,NHLattice,VS+i-run17/17_2,8.00000,4.00000,8.00000,17.00000,8.00000,8.00000
EDA,NHLattice,VS+i-run17/17_20,9.00000,4.00000,9.00000,16.00000,9.00000,9.00000
EDA,NHLattice,VS+i-run17/17_21,10.00000,4.00000,10.00000,15.00000,10.00000,10.00000
EDA,NHLattice,VS+i-run17/17_22,10.00000,4.00000,10.00000,15.00000,10.00000,10.00000
EDA,NHLattice,VS+i-run17/17_23,10.00000,4.00000,10.00000,15.00000,10.00000,10.00000
EDA,NHLattice,VS+i-run17/17_24,10.00000,4.00000,10.00000,15.00000,10.00000,10.00000
EDA,NHLattice,VS+i-run17/17_25,11.00000,4.00000,14.00000,11.00000,11.00000,11.00000
EDA,NHLattice,VS+i-run17/17_26,10.00000,4.00000,10.00000,15.00000,10.00000,10.00000
EDA,NHLattice,VS+i-run17/17_27,10.00000,4.00000,10.00000,15.00000,10.00000,10.00000
EDA,NHLattice,VS+i-run17/17_28,11.00000,4.00000,14.00000,11.00000,11.00000,11.00000
EDA,NHLattice,VS+i-run17/17_29,11.00000,4.00000,14.00000,11.00000,11.00000,11.00000
EDA,NHLattice,VS+i-run17/17_3,8.00000,4.00000,8.00000,17.00000,8.00000,8.00000
EDA,NHLattice,VS+i-run17/17_30,9.00000,4.00000,9.00000,16.00000,9.00000,9.00000
EDA,NHLattice,VS+i-run17/17_4,8.00000,4.00000,8.00000,17.00000,8.00000,8.00000
EDA,NHLattice,VS+i-run17/17_5,8.00000,4.00000,8.00000,17.00000,8.00000,8.00000
EDA,NHLattice,VS+i-run17/17_6,8.00000,4.00000,8.00000,17.00000,8.00000,8.00000
EDA,NHLattice,VS+i-run17/17_7,8.00000,4.00000,8.00000,17.00000,8.00000,8.00000
EDA,NHLattice,VS+i-run17/17_8,8.00000,4.00000,8.00000,17.00000,8.00000,8.00000
EDA,NHLattice,VS+i-run17/17_9,9.00000,4.00000,16.00000,9.00000,9.00000,9.00000
EDA,NHLattice,VS+i-run18/18_1,8.00000,4.00000,8.00000,17.00000,8.00000,8.00000
EDA,NHLattice,VS+i-run18/18_10,8.00000,4.00000,8.00000,17.00000,8.00000,8.00000
EDA,NHLattice,VS+i-run18/18_11,8.00000,4.00000,8.00000,17.00000,8.00000,8.00000
EDA,NHLattice,VS+i-run18/18_12,8.00000,4.00000,8.00000,17.00000,8.00000,8.00000
EDA,NHLattice,VS+i-run18/18_13,8.00000,4.00000,8.00000,17.00000,8.00000,8.00000
EDA,NHLattice,VS+i-run18/18_14,8.00000,4.00000,8.00000,17.00000,8.00000,8.00000
EDA,NHLattice,VS+i-run18/18_15,8.00000,4.00000,8.00000,17.00000,8.00000,8.00000
EDA,NHLattice,VS+i-run18/18_16,6.00000,4.00000,6.00000,19.00000,6.00000,6.00000
EDA,NHLattice,VS+i-run18/18_17,8.00000,4.00000,8.00000,17.00000,8.00000,8.00000
EDA,NHLattice,VS+i-run18/18_18,8.00000,4.00000,8.00000,17.00000,8.00000,8.00000
EDA,NHLattice,VS+i-run18/18_19,8.00000,4.00000,8.00000,17.00000,8.00000,8.00000
EDA,NHLattice,VS+i-run18/18_2,4.00000,7.00000,4.00000,18.00000,4.00000,4.00000
EDA,NHLattice,VS+i-run18/18_20,6.00000,4.00000,6.00000,19.00000,6.00000,6.00000
EDA,NHLattice,VS+i-run18/18_21,4.00000,6.00000,4.00000,19.00000,4.00000,4.00000
EDA,NHLattice,VS+i-run18/18_22,9.00000,4.00000,9.00000,16.00000,9.00000,9.00000
EDA,NHLattice,VS+i-run18/18_23,8.00000,4.00000,17.00000,8.00000,8.00000,8.00000
EDA,NHLattice,VS+i-run18/18_24,8.00000,4.00000,17.00000,8.00000,8.00000,8.00000
EDA,NHLattice,VS+i-run18/18_25,8.00000,4.00000,17.00000,8.00000,8.00000,8.00000
EDA,NHLattice,VS+i-run18/18_26,9.00000,4.00000,9.00000,16.00000,9.00000,9.00000
EDA,NHLattice,VS+i-run18/18_27,6.00000,5.00000,6.00000,18.00000,6.00000,6.00000
EDA,NHLattice,VS+i-run18/18_28,4.00000,6.00000,4.00000,19.00000,4.00000,4.00000
EDA,NHLattice,VS+i-run18/18_29,4.00000,6.00000,4.00000,19.00000,4.00000,4.00000
EDA,NHLattice,VS+i-run18/18_3,8.00000,4.00000,8.00000,17.00000,8.00000,8.00000
EDA,NHLattice,VS+i-run18/18_30,6.00000,5.00000,6.00000,18.00000,6.00000,6.00000
EDA,NHLattice,VS+i-run18/18_4,8.00000,4.00000,8.00000,17.00000,8.00000,8.00000
EDA,NHLattice,VS+i-run18/18_5,8.00000,4.00000,8.00000,17.00000,8.00000,8.00000
EDA,NHLattice,VS+i-run18/18_6,8.00000,4.00000,8.00000,17.00000,8.00000,8.00000
EDA,NHLattice,VS+i-run18/18_7,8.00000,4.00000,8.00000,17.00000,8.00000,8.00000
EDA,NHLattice,VS+i-run18/18_8,8.00000,4.00000,17.00000,8.00000,8.00000,8.00000
EDA,NHLattice,VS+i-run18/18_9,8.00000,4.00000,8.00000,17.00000,8.00000,8.00000
EDA,NHLattice,VS+i-run19/19_1,5.00000,6.00000,18.00000,5.00000,5.00000,5.00000
EDA,NHLattice,VS+i-run19/19_10,5.00000,6.00000,18.00000,5.00000,5.00000,5.00000
EDA,NHLattice,VS+i-run19/19_11,5.00000,6.00000,18.00000,5.00000,5.00000,5.00000
EDA,NHLattice,VS+i-run19/19_12,5.00000,6.00000,18.00000,5.00000,5.00000,5.00000
EDA,NHLattice,VS+i-run19/19_13,5.00000,6.00000,18.00000,5.00000,5.00000,5.00000
EDA,NHLattice,VS+i-run19/19_14,7.00000,5.00000,7.00000,17.00000,7.00000,7.00000
EDA,NHLattice,VS+i-run19/19_15,7.00000,5.00000,7.00000,17.00000,7.00000,7.00000
EDA,NHLattice,VS+i-run19/19_16,5.00000,6.00000,5.00000,18.00000,5.00000,5.00000
EDA,NHLattice,VS+i-run19/19_17,5.00000,6.00000,5.00000,18.00000,5.00000,5.00000
EDA,NHLattice,VS+i-run19/19_18,7.00000,5.00000,7.00000,17.00000,7.00000,7.00000
EDA,NHLattice,VS+i-run19/19_19,7.00000,5.00000,7.00000,17.00000,7.00000,7.00000
EDA,NHLattice,VS+i-run19/19_2,5.00000,6.00000,18.00000,5.00000,5.00000,5.00000
EDA,NHLattice,VS+i-run19/19_20,7.00000,5.00000,7.00000,17.00000,7.00000,7.00000
EDA,NHLattice,VS+i-run19/19_21,5.00000,6.00000,18.00000,5.00000,5.00000,5.00000
EDA,NHLattice,VS+i-run19/19_22,7.00000,5.00000,7.00000,17.00000,7.00000,7.00000
EDA,NHLattice,VS+i-run19/19_23,7.00000,5.00000,7.00000,17.00000,7.00000,7.00000
EDA,NHLattice,VS+i-run19/19_24,7.00000,5.00000,7.00000,17.00000,7.00000,7.00000
EDA,NHLattice,VS+i-run19/19_25,7.00000,5.00000,7.00000,17.00000,7.00000,7.00000
EDA,NHLattice,VS+i-run19/19_26,6.00000,6.00000,17.00000,6.00000,6.00000,6.00000
EDA,NHLattice,VS+i-run19/19_27,7.00000,5.00000,7.00000,17.00000,7.00000,7.00000
EDA,NHLattice,VS+i-run19/19_28,7.00000,5.00000,7.00000,17.00000,7.00000,7.00000
EDA,NHLattice,VS+i-run19/19_29,7.00000,5.00000,7.00000,17.00000,7.00000,7.00000
EDA,NHLattice,VS+i-run19/19_3,5.00000,6.00000,18.00000,5.00000,5.00000,5.00000
EDA,NHLattice,VS+i-run19/19_30,7.00000,5.00000,7.00000,17.00000,7.00000,7.00000
EDA,NHLattice,VS+i-run19/19_4,5.00000,6.00000,18.00000,5.00000,5.00000,5.00000
EDA,NHLattice,VS+i-run19/19_5,5.00000,6.00000,18.00000,5.00000,5.00000,5.00000
EDA,NHLattice,VS+i-run19/19_6,5.00000,6.00000,18.00000,5.00000,5.00000,5.00000
EDA,NHLattice,VS+i-run19/19_7,5.00000,6.00000,18.00000,5.00000,5.00000,5.00000
EDA,NHLattice,VS+i-run19/19_8,5.00000,6.00000,18.00000,5.00000,5.00000,5.00000
EDA,NHLattice,VS+i-run19/19_9,5.00000,6.00000,18.00000,5.00000,5.00000,5.00000
EDA,NHLattice,VS+i-run2/2_1,10.00000,3.00000,10.00000,16.00000,10.00000,10.00000
EDA,NHLattice,VS+i-run2/2_10,10.00000,3.00000,10.00000,16.00000,10.00000,10.00000
EDA,NHLattice,VS+i-run2/2_11,10.00000,3.00000,10.00000,16.00000,10.00000,10.00000
EDA,NHLattice,VS+i-run2/2_12,10.00000,3.00000,10.00000,16.00000,10.00000,10.00000
EDA,NHLattice,VS+i-run2/2_13,10.00000,3.00000,10.00000,16.00000,10.00000,10.00000
EDA,NHLattice,VS+i-run2/2_14,10.00000,3.00000,10.00000,16.00000,10.00000,10.00000
EDA,NHLattice,VS+i-run2/2_15,9.00000,3.00000,17.00000,9.00000,9.00000,9.00000
EDA,NHLattice,VS+i-run2/2_16,7.00000,7.00000,7.00000,15.00000,7.00000,7.00000
EDA,NHLattice,VS+i-run2/2_17,10.00000,3.00000,10.00000,16.00000,10.00000,10.00000
EDA,NHLattice,VS+i-run2/2_18,10.00000,3.00000,10.00000,16.00000,10.00000,10.00000
EDA,NHLattice,VS+i-run2/2_19,10.00000,3.00000,10.00000,16.00000,10.00000,10.00000
EDA,NHLattice,VS+i-run2/2_2,10.00000,3.00000,10.00000,16.00000,10.00000,10.00000
EDA,NHLattice,VS+i-run2/2_20,8.00000,4.00000,8.00000,17.00000,8.00000,8.00000
EDA,NHLattice,VS+i-run2/2_21,10.00000,3.00000,10.00000,16.00000,10.00000,10.00000
EDA,NHLattice,VS+i-run2/2_22,9.00000,3.00000,17.00000,9.00000,9.00000,9.00000
EDA,NHLattice,VS+i-run2/2_23,9.00000,3.00000,17.00000,9.00000,9.00000,9.00000
EDA,NHLattice,VS+i-run2/2_24,9.00000,3.00000,17.00000,9.00000,9.00000,9.00000
EDA,NHLattice,VS+i-run2/2_25,9.00000,3.00000,17.00000,9.00000,9.00000,9.00000
EDA,NHLattice,VS+i-run2/2_26,9.00000,3.00000,17.00000,9.00000,9.00000,9.00000
EDA,NHLattice,VS+i-run2/2_27,9.00000,3.00000,17.00000,9.00000,9.00000,9.00000
EDA,NHLattice,VS+i-run2/2_28,9.00000,3.00000,17.00000,9.00000,9.00000,9.00000
EDA,NHLattice,VS+i-run2/2_29,9.00000,3.00000,17.00000,9.00000,9.00000,9.00000
EDA,NHLattice,VS+i-run2/2_3,10.00000,3.00000,10.00000,16.00000,10.00000,10.00000
EDA,NHLattice,VS+i-run2/2_30,9.00000,3.00000,17.00000,9.00000,9.00000,9.00000
EDA,NHLattice,VS+i-run2/2_4,10.00000,3.00000,10.00000,16.00000,10.00000,10.00000
EDA,NHLattice,VS+i-run2/2_5,10.00000,3.00000,10.00000,16.00000,10.00000,10.00000
EDA,NHLattice,VS+i-run2/2_6,10.00000,3.00000,10.00000,16.00000,10.00000,10.00000
EDA,NHLattice,VS+i-run2/2_7,10.00000,3.00000,10.00000,16.00000,10.00000,10.00000
EDA,NHLattice,VS+i-run2/2_8,10.00000,3.00000,10.00000,16.00000,10.00000,10.00000
EDA,NHLattice,VS+i-run2/2_9,11.00000,3.00000,11.00000,15.00000,11.00000,11.00000
EDA,NHLattice,VS+i-run20/20_1,8.00000,6.00000,8.00000,15.00000,8.00000,8.00000
EDA,NHLattice,VS+i-run20/20_10,8.00000,6.00000,8.00000,15.00000,8.00000,8.00000
EDA,NHLattice,VS+i-run20/20_11,8.00000,6.00000,8.00000,15.00000,8.00000,8.00000
EDA,NHLattice,VS+i-run20/20_12,8.00000,6.00000,8.00000,15.00000,8.00000,8.00000
EDA,NHLattice,VS+i-run20/20_13,8.00000,6.00000,8.00000,15.00000,8.00000,8.00000
EDA,NHLattice,VS+i-run20/20_14,8.00000,6.00000,8.00000,15.00000,8.00000,8.00000
EDA,NHLattice,VS+i-run20/20_15,8.00000,6.00000,8.00000,15.00000,8.00000,8.00000
EDA,NHLattice,VS+i-run20/20_16,8.00000,6.00000,8.00000,15.00000,8.00000,8.00000
EDA,NHLattice,VS+i-run20/20_17,8.00000,6.00000,8.00000,15.00000,8.00000,8.00000
EDA,NHLattice,VS+i-run20/20_18,11.00000,4.00000,14.00000,11.00000,11.00000,11.00000
EDA,NHLattice,VS+i-run20/20_19,11.00000,4.00000,14.00000,11.00000,11.00000,11.00000
EDA,NHLattice,VS+i-run20/20_2,8.00000,6.00000,8.00000,15.00000,8.00000,8.00000
EDA,NHLattice,VS+i-run20/20_20,11.00000,4.00000,14.00000,11.00000,11.00000,11.00000
EDA,NHLattice,VS+i-run20/20_21,11.00000,4.00000,14.00000,11.00000,11.00000,11.00000
EDA,NHLattice,VS+i-run20/20_22,8.00000,6.00000,8.00000,15.00000,8.00000,8.00000
EDA,NHLattice,VS+i-run20/20_23,7.00000,4.00000,7.00000,18.00000,7.00000,7.00000
EDA,NHLattice,VS+i-run20/20_24,7.00000,5.00000,7.00000,17.00000,7.00000,7.00000
EDA,NHLattice,VS+i-run20/20_25,8.00000,6.00000,8.00000,15.00000,8.00000,8.00000
EDA,NHLattice,VS+i-run20/20_26,8.00000,4.00000,17.00000,8.00000,8.00000,8.00000
EDA,NHLattice,VS+i-run20/20_27,3.00000,9.00000,17.00000,3.00000,3.00000,3.00000
EDA,NHLattice,VS+i-run20/20_28,7.00000,6.00000,16.00000,7.00000,7.00000,7.00000
EDA,NHLattice,VS+i-run20/20_29,8.00000,6.00000,8.00000,15.00000,8.00000,8.00000
EDA,NHLattice,VS+i-run20/20_3,8.00000,6.00000,8.00000,15.00000,8.00000,8.00000
EDA,NHLattice,VS+i-run20/20_30,8.00000,6.00000,8.00000,15.00000,8.00000,8.00000
EDA,NHLattice,VS+i-run20/20_4,11.00000,4.00000,14.00000,11.00000,11.00000,11.00000
EDA,NHLattice,VS+i-run20/20_5,8.00000,6.00000,8.00000,15.00000,8.00000,8.00000
EDA,NHLattice,VS+i-run20/20_6,7.00000,5.00000,7.00000,17.00000,7.00000,7.00000
EDA,NHLattice,VS+i-run20/20_7,8.00000,6.00000,8.00000,15.00000,8.00000,8.00000
EDA,NHLattice,VS+i-run20/20_8,8.00000,6.00000,8.00000,15.00000,8.00000,8.00000
EDA,NHLattice,VS+i-run20/20_9,8.00000,6.00000,8.00000,15.00000,8.00000,8.00000
EDA,NHLattice,VS+i-run3/3_1,11.00000,3.00000,11.00000,15.00000,11.00000,11.00000
EDA,NHLattice,VS+i-run3/3_10,8.00000,4.00000,8.00000,17.00000,8.00000,8.00000
EDA,NHLattice,VS+i-run3/3_11,8.00000,4.00000,8.00000,17.00000,8.00000,8.00000
EDA,NHLattice,VS+i-run3/3_12,9.00000,4.00000,16.00000,9.00000,9.00000,9.00000
EDA,NHLattice,VS+i-run3/3_13,8.00000,5.00000,8.00000,16.00000,8.00000,8.00000
EDA,NHLattice,VS+i-run3/3_14,9.00000,4.00000,9.00000,16.00000,9.00000,9.00000
EDA,NHLattice,VS+i-run3/3_15,15.00000,4.00000,15.00000,10.00000,15.00000,15.00000
EDA,NHLattice,VS+i-run3/3_16,8.00000,4.00000,8.00000,17.00000,8.00000,8.00000
EDA,NHLattice,VS+i-run3/3_17,9.00000,4.00000,9.00000,16.00000,9.00000,9.00000
EDA,NHLattice,VS+i-run3/3_18,9.00000,4.00000,9.00000,16.00000,9.00000,9.00000
EDA,NHLattice,VS+i-run3/3_19,8.00000,4.00000,8.00000,17.00000,8.00000,8.00000
EDA,NHLattice,VS+i-run3/3_2,11.00000,3.00000,11.00000,15.00000,11.00000,11.00000
EDA,NHLattice,VS+i-run3/3_20,13.00000,3.00000,13.00000,13.00000,13.00000,13.00000
EDA,NHLattice,VS+i-run3/3_21,9.00000,4.00000,16.00000,9.00000,9.00000,9.00000
EDA,NHLattice,VS+i-run3/3_22,9.00000,4.00000,9.00000,16.00000,9.00000,9.00000
EDA,NHLattice,VS+i-run3/3_23,17.00000,2.00000,10.00000,17.00000,17.00000,17.00000
EDA,NHLattice,VS+i-run3/3_24,9.00000,4.00000,9.00000,16.00000,9.00000,9.00000
EDA,NHLattice,VS+i-run3/3_25,9.00000,4.00000,9.00000,16.00000,9.00000,9.00000
EDA,NHLattice,VS+i-run3/3_26,9.00000,4.00000,9.00000,16.00000,9.00000,9.00000
EDA,NHLattice,VS+i-run3/3_27,9.00000,4.00000,9.00000,16.00000,9.00000,9.00000
EDA,NHLattice,VS+i-run3/3_28,9.00000,4.00000,16.00000,9.00000,9.00000,9.00000
EDA,NHLattice,VS+i-run3/3_29,9.00000,4.00000,9.00000,16.00000,9.00000,9.00000
EDA,NHLattice,VS+i-run3/3_3,14.00000,3.00000,12.00000,14.00000,14.00000,14.00000
EDA,NHLattice,VS+i-run3/3_30,15.00000,4.00000,15.00000,10.00000,15.00000,15.00000
EDA,NHLattice,VS+i-run3/3_4,11.00000,3.00000,11.00000,15.00000,11.00000,11.00000
EDA,NHLattice,VS+i-run3/3_5,8.00000,5.00000,8.00000,16.00000,8.00000,8.00000
EDA,NHLattice,VS+i-run3/3_6,11.00000,3.00000,11.00000,15.00000,11.00000,11.00000
EDA,NHLattice,VS+i-run3/3_7,11.00000,3.00000,11.00000,15.00000,11.00000,11.00000
EDA,NHLattice,VS+i-run3/3_8,7.00000,3.00000,7.00000,19.00000,7.00000,7.00000
EDA,NHLattice,VS+i-run3/3_9,14.00000,3.00000,12.00000,14.00000,14.00000,14.00000
EDA,NHLattice,VS+i-run4/4_1,13.00000,2.00000,13.00000,14.00000,13.00000,13.00000
EDA,NHLattice,VS+i-run4/4_10,12.00000,2.00000,12.00000,15.00000,12.00000,12.00000
EDA,NHLattice,VS+i-run4/4_11,13.00000,3.00000,13.00000,13.00000,13.00000,13.00000
EDA,NHLattice,VS+i-run4/4_12,14.00000,2.00000,14.00000,13.00000,14.00000,14.00000
EDA,NHLattice,VS+i-run4/4_13,14.00000,2.00000,14.00000,13.00000,14.00000,14.00000
EDA,NHLattice,VS+i-run4/4_14,14.00000,2.00000,14.00000,13.00000,14.00000,14.00000
EDA,NHLattice,VS+i-run4/4_15,17.00000,2.00000,10.00000,17.00000,17.00000,17.00000
EDA,NHLattice,VS+i-run4/4_16,14.00000,2.00000,14.00000,13.00000,14.00000,14.00000
EDA,NHLattice,VS+i-run4/4_17,14.00000,2.00000,14.00000,13.00000,14.00000,14.00000
EDA,NHLattice,VS+i-run4/4_18,11.00000,2.00000,16.00000,11.00000,11.00000,11.00000
EDA,NHLattice,VS+i-run4/4_19,14.00000,2.00000,14.00000,13.00000,14.00000,14.00000
EDA,NHLattice,VS+i-run4/4_2,13.00000,2.00000,14.00000,13.00000,13.00000,13.00000
EDA,NHLattice,VS+i-run4/4_20,14.00000,2.00000,14.00000,13.00000,14.00000,14.00000
EDA,NHLattice,VS+i-run4/4_21,14.00000,2.00000,14.00000,13.00000,14.00000,14.00000
EDA,NHLattice,VS+i-run4/4_22,14.00000,2.00000,14.00000,13.00000,14.00000,14.00000
EDA,NHLattice,VS+i-run4/4_23,14.00000,2.00000,14.00000,13.00000,14.00000,14.00000
EDA,NHLattice,VS+i-run4/4_24,14.00000,2.00000,14.00000,13.00000,14.00000,14.00000
EDA,NHLattice,VS+i-run4/4_25,14.00000,2.00000,14.00000,13.00000,14.00000,14.00000
EDA,NHLattice,VS+i-run4/4_26,13.00000,2.00000,14.00000,13.00000,13.00000,13.00000
EDA,NHLattice,VS+i-run4/4_27,11.00000,2.00000,16.00000,11.00000,11.00000,11.00000
EDA,NHLattice,VS+i-run4/4_28,11.00000,2.00000,16.00000,11.00000,11.00000,11.00000
EDA,NHLattice,VS+i-run4/4_29,11.00000,2.00000,16.00000,11.00000,11.00000,11.00000
EDA,NHLattice,VS+i-run4/4_3,13.00000,2.00000,14.00000,13.00000,13.00000,13.00000
EDA,NHLattice,VS+i-run4/4_30,11.00000,2.00000,16.00000,11.00000,11.00000,11.00000
EDA,NHLattice,VS+i-run4/4_4,13.00000,2.00000,14.00000,13.00000,13.00000,13.00000
EDA,NHLattice,VS+i-run4/4_5,13.00000,2.00000,14.00000,13.00000,13.00000,13.00000
EDA,NHLattice,VS+i-run4/4_6,13.00000,3.00000,13.00000,13.00000,13.00000,13.00000
EDA,NHLattice,VS+i-run4/4_7,14.00000,2.00000,13.00000,14.00000,14.00000,14.00000
EDA,NHLattice,VS+i-run4/4_8,13.00000,2.00000,14.00000,13.00000,13.00000,13.00000
EDA,NHLattice,VS+i-run4/4_9,13.00000,2.00000,14.00000,13.00000,13.00000,13.00000
EDA,NHLattice,VS+i-run5/5_1,6.00000,4.00000,19.00000,6.00000,6.00000,6.00000
EDA,NHLattice,VS+i-run5/5_10,7.00000,4.00000,18.00000,7.00000,7.00000,7.00000
EDA,NHLattice,VS+i-run5/5_11,7.00000,4.00000,18.00000,7.00000,7.00000,7.00000
EDA,NHLattice,VS+i-run5/5_12,7.00000,4.00000,18.00000,7.00000,7.00000,7.00000
EDA,NHLattice,VS+i-run5/5_13,7.00000,4.00000,18.00000,7.00000,7.00000,7.00000
EDA,NHLattice,VS+i-run5/5_14,7.00000,4.00000,18.00000,7.00000,7.00000,7.00000
EDA,NHLattice,VS+i-run5/5_15,5.00000,5.00000,19.00000,5.00000,5.00000,5.00000
EDA,NHLattice,VS+i-run5/5_16,7.00000,4.00000,18.00000,7.00000,7.00000,7.00000
EDA,NHLattice,VS+i-run5/5_17,7.00000,4.00000,18.00000,7.00000,7.00000,7.00000
EDA,NHLattice,VS+i-run5/5_18,7.00000,4.00000,18.00000,7.00000,7.00000,7.00000
EDA,NHLattice,VS+i-run5/5_19,7.00000,4.00000,18.00000,7.00000,7.00000,7.00000
EDA,NHLattice,VS+i-run5/5_2,6.00000,4.00000,19.00000,6.00000,6.00000,6.00000
EDA,NHLattice,VS+i-run5/5_20,7.00000,4.00000,18.00000,7.00000,7.00000,7.00000
EDA,NHLattice,VS+i-run5/5_21,7.00000,4.00000,18.00000,7.00000,7.00000,7.00000
EDA,NHLattice,VS+i-run5/5_22,11.00000,2.00000,11.00000,16.00000,11.00000,11.00000
EDA,NHLattice,VS+i-run5/5_23,7.00000,5.00000,17.00000,7.00000,7.00000,7.00000
EDA,NHLattice,VS+i-run5/5_24,10.00000,4.00000,10.00000,15.00000,10.00000,10.00000
EDA,NHLattice,VS+i-run5/5_25,5.00000,6.00000,18.00000,5.00000,5.00000,5.00000
EDA,NHLattice,VS+i-run5/5_26,11.00000,4.00000,11.00000,14.00000,11.00000,11.00000
EDA,NHLattice,VS+i-run5/5_27,11.00000,3.00000,11.00000,15.00000,11.00000,11.00000
EDA,NHLattice,VS+i-run5/5_28,7.00000,4.00000,18.00000,7.00000,7.00000,7.00000
EDA,NHLattice,VS+i-run5/5_29,6.00000,5.00000,18.00000,6.00000,6.00000,6.00000
EDA,NHLattice,VS+i-run5/5_3,7.00000,4.00000,7.00000,18.00000,7.00000,7.00000
EDA,NHLattice,VS+i-run5/5_30,11.00000,4.00000,11.00000,14.00000,11.00000,11.00000
EDA,NHLattice,VS+i-run5/5_4,6.00000,6.00000,17.00000,6.00000,6.00000,6.00000
EDA,NHLattice,VS+i-run5/5_5,7.00000,4.00000,18.00000,7.00000,7.00000,7.00000
EDA,NHLattice,VS+i-run5/5_6,7.00000,4.00000,18.00000,7.00000,7.00000,7.00000
EDA,NHLattice,VS+i-run5/5_7,7.00000,4.00000,18.00000,7.00000,7.00000,7.00000
EDA,NHLattice,VS+i-run5/5_8,6.00000,5.00000,18.00000,6.00000,6.00000,6.00000
EDA,NHLattice,VS+i-run5/5_9,11.00000,4.00000,11.00000,14.00000,11.00000,11.00000
EDA,NHLattice,VS+i-run6/6_1,8.00000,6.00000,8.00000,15.00000,8.00000,8.00000
EDA,NHLattice,VS+i-run6/6_10,8.00000,5.00000,8.00000,16.00000,8.00000,8.00000
EDA,NHLattice,VS+i-run6/6_11,6.00000,6.00000,6.00000,17.00000,6.00000,6.00000
EDA,NHLattice,VS+i-run6/6_12,10.00000,5.00000,10.00000,14.00000,10.00000,10.00000
EDA,NHLattice,VS+i-run6/6_13,6.00000,5.00000,18.00000,6.00000,6.00000,6.00000
EDA,NHLattice,VS+i-run6/6_14,7.00000,7.00000,15.00000,7.00000,7.00000,7.00000
EDA,NHLattice,VS+i-run6/6_15,5.00000,5.00000,5.00000,19.00000,5.00000,5.00000
EDA,NHLattice,VS+i-run6/6_16,5.00000,6.00000,5.00000,18.00000,5.00000,5.00000
EDA,NHLattice,VS+i-run6/6_17,5.00000,5.00000,5.00000,19.00000,5.00000,5.00000
EDA,NHLattice,VS+i-run6/6_18,6.00000,5.00000,6.00000,18.00000,6.00000,6.00000
EDA,NHLattice,VS+i-run6/6_19,6.00000,5.00000,6.00000,18.00000,6.00000,6.00000
EDA,NHLattice,VS+i-run6/6_2,8.00000,5.00000,8.00000,16.00000,8.00000,8.00000
EDA,NHLattice,VS+i-run6/6_20,6.00000,5.00000,6.00000,18.00000,6.00000,6.00000
EDA,NHLattice,VS+i-run6/6_21,5.00000,5.00000,5.00000,19.00000,5.00000,5.00000
EDA,NHLattice,VS+i-run6/6_22,6.00000,5.00000,6.00000,18.00000,6.00000,6.00000
EDA,NHLattice,VS+i-run6/6_23,6.00000,5.00000,6.00000,18.00000,6.00000,6.00000
EDA,NHLattice,VS+i-run6/6_24,6.00000,5.00000,6.00000,18.00000,6.00000,6.00000
EDA,NHLattice,VS+i-run6/6_25,6.00000,5.00000,6.00000,18.00000,6.00000,6.00000
EDA,NHLattice,VS+i-run6/6_26,6.00000,5.00000,6.00000,18.00000,6.00000,6.00000
EDA,NHLattice,VS+i-run6/6_27,7.00000,5.00000,17.00000,7.00000,7.00000,7.00000
EDA,NHLattice,VS+i-run6/6_28,11.00000,4.00000,11.00000,14.00000,11.00000,11.00000
EDA,NHLattice,VS+i-run6/6_29,7.00000,6.00000,16.00000,7.00000,7.00000,7.00000
EDA,NHLattice,VS+i-run6/6_3,9.00000,5.00000,9.00000,15.00000,9.00000,9.00000
EDA,NHLattice,VS+i-run6/6_30,9.00000,5.00000,9.00000,15.00000,9.00000,9.00000
EDA,NHLattice,VS+i-run6/6_4,8.00000,5.00000,8.00000,16.00000,8.00000,8.00000
EDA,NHLattice,VS+i-run6/6_5,8.00000,3.00000,8.00000,18.00000,8.00000,8.00000
EDA,NHLattice,VS+i-run6/6_6,6.00000,5.00000,6.00000,18.00000,6.00000,6.00000
EDA,NHLattice,VS+i-run6/6_7,10.00000,5.00000,10.00000,14.00000,10.00000,10.00000
EDA,NHLattice,VS+i-run6/6_8,5.00000,5.00000,5.00000,19.00000,5.00000,5.00000
EDA,NHLattice,VS+i-run6/6_9,11.00000,4.00000,11.00000,14.00000,11.00000,11.00000
EDA,NHLattice,VS+i-run7/7_1,8.00000,4.00000,8.00000,17.00000,8.00000,8.00000
EDA,NHLattice,VS+i-run7/7_10,8.00000,4.00000,8.00000,17.00000,8.00000,8.00000
EDA,NHLattice,VS+i-run7/7_11,12.00000,4.00000,12.00000,13.00000,12.00000,12.00000
EDA,NHLattice,VS+i-run7/7_12,8.00000,4.00000,8.00000,17.00000,8.00000,8.00000
EDA,NHLattice,VS+i-run7/7_13,8.00000,4.00000,8.00000,17.00000,8.00000,8.00000
EDA,NHLattice,VS+i-run7/7_14,8.00000,4.00000,8.00000,17.00000,8.00000,8.00000
EDA,NHLattice,VS+i-run7/7_15,8.00000,4.00000,8.00000,17.00000,8.00000,8.00000
EDA,NHLattice,VS+i-run7/7_16,8.00000,4.00000,8.00000,17.00000,8.00000,8.00000
EDA,NHLattice,VS+i-run7/7_17,8.00000,4.00000,8.00000,17.00000,8.00000,8.00000
EDA,NHLattice,VS+i-run7/7_18,8.00000,4.00000,8.00000,17.00000,8.00000,8.00000
EDA,NHLattice,VS+i-run7/7_19,8.00000,4.00000,8.00000,17.00000,8.00000,8.00000
EDA,NHLattice,VS+i-run7/7_2,8.00000,4.00000,8.00000,17.00000,8.00000,8.00000
EDA,NHLattice,VS+i-run7/7_20,7.00000,6.00000,7.00000,16.00000,7.00000,7.00000
EDA,NHLattice,VS+i-run7/7_21,8.00000,4.00000,8.00000,17.00000,8.00000,8.00000
EDA,NHLattice,VS+i-run7/7_22,8.00000,4.00000,8.00000,17.00000,8.00000,8.00000
EDA,NHLattice,VS+i-run7/7_23,7.00000,5.00000,7.00000,17.00000,7.00000,7.00000
EDA,NHLattice,VS+i-run7/7_24,7.00000,5.00000,7.00000,17.00000,7.00000,7.00000
EDA,NHLattice,VS+i-run7/7_25,7.00000,5.00000,7.00000,17.00000,7.00000,7.00000
EDA,NHLattice,VS+i-run7/7_26,7.00000,5.00000,7.00000,17.00000,7.00000,7.00000
EDA,NHLattice,VS+i-run7/7_27,7.00000,5.00000,7.00000,17.00000,7.00000,7.00000
EDA,NHLattice,VS+i-run7/7_28,7.00000,5.00000,17.00000,7.00000,7.00000,7.00000
EDA,NHLattice,VS+i-run7/7_29,7.00000,5.00000,7.00000,17.00000,7.00000,7.00000
EDA,NHLattice,VS+i-run7/7_3,7.00000,5.00000,7.00000,17.00000,7.00000,7.00000
EDA,NHLattice,VS+i-run7/7_30,7.00000,5.00000,7.00000,17.00000,7.00000,7.00000
EDA,NHLattice,VS+i-run7/7_4,6.00000,6.00000,6.00000,17.00000,6.00000,6.00000
EDA,NHLattice,VS+i-run7/7_5,8.00000,4.00000,8.00000,17.00000,8.00000,8.00000
EDA,NHLattice,VS+i-run7/7_6,6.00000,5.00000,6.00000,18.00000,6.00000,6.00000
EDA,NHLattice,VS+i-run7/7_7,8.00000,4.00000,8.00000,17.00000,8.00000,8.00000
EDA,NHLattice,VS+i-run7/7_8,8.00000,4.00000,8.00000,17.00000,8.00000,8.00000
EDA,NHLattice,VS+i-run7/7_9,8.00000,4.00000,8.00000,17.00000,8.00000,8.00000
EDA,NHLattice,VS+i-run8/8_1,15.00000,4.00000,10.00000,15.00000,15.00000,15.00000
EDA,NHLattice,VS+i-run8/8_10,10.00000,6.00000,10.00000,13.00000,10.00000,10.00000
EDA,NHLattice,VS+i-run8/8_11,14.00000,4.00000,11.00000,14.00000,14.00000,14.00000
EDA,NHLattice,VS+i-run8/8_12,14.00000,4.00000,11.00000,14.00000,14.00000,14.00000
EDA,NHLattice,VS+i-run8/8_13,14.00000,4.00000,11.00000,14.00000,14.00000,14.00000
EDA,NHLattice,VS+i-run8/8_14,14.00000,4.00000,11.00000,14.00000,14.00000,14.00000
EDA,NHLattice,VS+i-run8/8_15,14.00000,4.00000,11.00000,14.00000,14.00000,14.00000
EDA,NHLattice,VS+i-run8/8_16,14.00000,4.00000,11.00000,14.00000,14.00000,14.00000
EDA,NHLattice,VS+i-run8/8_17,14.00000,4.00000,11.00000,14.00000,14.00000,14.00000
EDA,NHLattice,VS+i-run8/8_18,14.00000,4.00000,11.00000,14.00000,14.00000,14.00000
EDA,NHLattice,VS+i-run8/8_19,10.00000,6.00000,10.00000,13.00000,10.00000,10.00000
EDA,NHLattice,VS+i-run8/8_2,15.00000,4.00000,10.00000,15.00000,15.00000,15.00000
EDA,NHLattice,VS+i-run8/8_20,10.00000,6.00000,10.00000,13.00000,10.00000,10.00000
EDA,NHLattice,VS+i-run8/8_21,10.00000,6.00000,10.00000,13.00000,10.00000,10.00000
EDA,NHLattice,VS+i-run8/8_22,10.00000,6.00000,10.00000,13.00000,10.00000,10.00000
EDA,NHLattice,VS+i-run8/8_23,10.00000,6.00000,10.00000,13.00000,10.00000,10.00000
EDA,NHLattice,VS+i-run8/8_24,10.00000,3.00000,16.00000,10.00000,10.00000,10.00000
EDA,NHLattice,VS+i-run8/8_25,9.00000,5.00000,15.00000,9.00000,9.00000,9.00000
EDA,NHLattice,VS+i-run8/8_26,14.00000,4.00000,11.00000,14.00000,14.00000,14.00000
EDA,NHLattice,VS+i-run8/8_27,11.00000,3.00000,15.00000,11.00000,11.00000,11.00000
EDA,NHLattice,VS+i-run8/8_28,11.00000,3.00000,15.00000,11.00000,11.00000,11.00000
EDA,NHLattice,VS+i-run8/8_29,9.00000,7.00000,9.00000,13.00000,9.00000,9.00000
EDA,NHLattice,VS+i-run8/8_3,15.00000,4.00000,10.00000,15.00000,15.00000,15.00000
EDA,NHLattice,VS+i-run8/8_30,9.00000,5.00000,15.00000,9.00000,9.00000,9.00000
EDA,NHLattice,VS+i-run8/8_4,15.00000,4.00000,10.00000,15.00000,15.00000,15.00000
EDA,NHLattice,VS+i-run8/8_5,15.00000,4.00000,10.00000,15.00000,15.00000,15.00000
EDA,NHLattice,VS+i-run8/8_6,14.00000,4.00000,11.00000,14.00000,14.00000,14.00000
EDA,NHLattice,VS+i-run8/8_7,14.00000,4.00000,11.00000,14.00000,14.00000,14.00000
EDA,NHLattice,VS+i-run8/8_8,14.00000,4.00000,11.00000,14.00000,14.00000,14.00000
EDA,NHLattice,VS+i-run8/8_9,14.00000,4.00000,11.00000,14.00000,14.00000,14.00000
EDA,NHLattice,VS+i-run9/9_1,8.00000,5.00000,8.00000,16.00000,8.00000,8.00000
EDA,NHLattice,VS+i-run9/9_10,8.00000,5.00000,16.00000,8.00000,8.00000,8.00000
EDA,NHLattice,VS+i-run9/9_11,8.00000,5.00000,16.00000,8.00000,8.00000,8.00000
EDA,NHLattice,VS+i-run9/9_12,8.00000,5.00000,16.00000,8.00000,8.00000,8.00000
EDA,NHLattice,VS+i-run9/9_13,8.00000,5.00000,16.00000,8.00000,8.00000,8.00000
EDA,NHLattice,VS+i-run9/9_14,8.00000,5.00000,16.00000,8.00000,8.00000,8.00000
EDA,NHLattice,VS+i-run9/9_15,8.00000,5.00000,16.00000,8.00000,8.00000,8.00000
EDA,NHLattice,VS+i-run9/9_16,8.00000,6.00000,8.00000,15.00000,8.00000,8.00000
EDA,NHLattice,VS+i-run9/9_17,6.00000,6.00000,6.00000,17.00000,6.00000,6.00000
EDA,NHLattice,VS+i-run9/9_18,6.00000,6.00000,6.00000,17.00000,6.00000,6.00000
EDA,NHLattice,VS+i-run9/9_19,7.00000,6.00000,7.00000,16.00000,7.00000,7.00000
EDA,NHLattice,VS+i-run9/9_2,8.00000,5.00000,16.00000,8.00000,8.00000,8.00000
EDA,NHLattice,VS+i-run9/9_20,6.00000,6.00000,6.00000,17.00000,6.00000,6.00000
EDA,NHLattice,VS+i-run9/9_21,7.00000,6.00000,7.00000,16.00000,7.00000,7.00000
EDA,NHLattice,VS+i-run9/9_22,6.00000,6.00000,6.00000,17.00000,6.00000,6.00000
EDA,NHLattice,VS+i-run9/9_23,7.00000,6.00000,7.00000,16.00000,7.00000,7.00000
EDA,NHLattice,VS+i-run9/9_24,7.00000,6.00000,7.00000,16.00000,7.00000,7.00000
EDA,NHLattice,VS+i-run9/9_25,7.00000,6.00000,7.00000,16.00000,7.00000,7.00000
EDA,NHLattice,VS+i-run9/9_26,7.00000,6.00000,7.00000,16.00000,7.00000,7.00000
EDA,NHLattice,VS+i-run9/9_27,8.00000,6.00000,8.00000,15.00000,8.00000,8.00000
EDA,NHLattice,VS+i-run9/9_28,7.00000,6.00000,7.00000,16.00000,7.00000,7.00000
EDA,NHLattice,VS+i-run9/9_29,6.00000,6.00000,6.00000,17.00000,6.00000,6.00000
EDA,NHLattice,VS+i-run9/9_3,8.00000,5.00000,16.00000,8.00000,8.00000,8.00000
EDA,NHLattice,VS+i-run9/9_30,6.00000,6.00000,6.00000,17.00000,6.00000,6.00000
EDA,NHLattice,VS+i-run9/9_4,8.00000,5.00000,16.00000,8.00000,8.00000,8.00000
EDA,NHLattice,VS+i-run9/9_5,8.00000,5.00000,16.00000,8.00000,8.00000,8.00000
EDA,NHLattice,VS+i-run9/9_6,8.00000,5.00000,16.00000,8.00000,8.00000,8.00000
EDA,NHLattice,VS+i-run9/9_7,6.00000,7.00000,6.00000,16.00000,6.00000,6.00000
EDA,NHLattice,VS+i-run9/9_8,8.00000,5.00000,16.00000,8.00000,8.00000,8.00000
EDA,NHLattice,VS+i-run9/9_9,8.00000,5.00000,16.00000,8.00000,8.00000,8.00000
