NDA,Model,VS+i-run1/1_1,6.00000,13.00000,14.00000,21.00000,14.00000,13.00000
NDA,Model,VS+i-run1/1_10,6.00000,12.00000,14.00000,21.00000,14.00000,12.00000
NDA,Model,VS+i-run1/1_11,6.00000,13.00000,14.00000,21.00000,14.00000,13.00000
NDA,Model,VS+i-run1/1_12,6.00000,13.00000,14.00000,21.00000,14.00000,13.00000
NDA,Model,VS+i-run1/1_13,6.00000,12.00000,14.00000,21.00000,14.00000,12.00000
NDA,Model,VS+i-run1/1_14,6.00000,13.00000,14.00000,21.00000,14.00000,13.00000
NDA,Model,VS+i-run1/1_15,6.00000,13.00000,14.00000,21.00000,14.00000,13.00000
NDA,Model,VS+i-run1/1_16,6.00000,13.00000,14.00000,21.00000,14.00000,13.00000
NDA,Model,VS+i-run1/1_17,6.00000,13.00000,14.00000,21.00000,14.00000,13.00000
NDA,Model,VS+i-run1/1_18,6.00000,13.00000,14.00000,21.00000,14.00000,13.00000
NDA,Model,VS+i-run1/1_19,5.00000,19.00000,19.00000,18.00000,19.00000,19.00000
NDA,Model,VS+i-run1/1_2,6.00000,12.00000,14.00000,21.00000,14.00000,12.00000
NDA,Model,VS+i-run1/1_20,4.00000,20.00000,19.00000,17.00000,19.00000,20.00000
NDA,Model,VS+i-run1/1_21,6.00000,12.00000,14.00000,21.00000,14.00000,12.00000
NDA,Model,VS+i-run1/1_22,6.00000,12.00000,14.00000,21.00000,14.00000,12.00000
NDA,Model,VS+i-run1/1_23,6.00000,13.00000,14.00000,21.00000,14.00000,13.00000
NDA,Model,VS+i-run1/1_24,10.00000,10.00000,10.00000,23.00000,10.00000,10.00000
NDA,Model,VS+i-run1/1_25,6.00000,13.00000,14.00000,21.00000,14.00000,13.00000
NDA,Model,VS+i-run1/1_26,6.00000,13.00000,14.00000,21.00000,14.00000,13.00000
NDA,Model,VS+i-run1/1_27,6.00000,12.00000,14.00000,21.00000,14.00000,12.00000
NDA,Model,VS+i-run1/1_28,6.00000,13.00000,14.00000,21.00000,14.00000,13.00000
NDA,Model,VS+i-run1/1_29,6.00000,13.00000,14.00000,21.00000,14.00000,13.00000
NDA,Model,VS+i-run1/1_3,7.00000,10.00000,10.00000,23.00000,10.00000,10.00000
NDA,Model,VS+i-run1/1_30,6.00000,12.00000,14.00000,21.00000,14.00000,12.00000
NDA,Model,VS+i-run1/1_4,6.00000,13.00000,14.00000,21.00000,14.00000,13.00000
NDA,Model,VS+i-run1/1_5,6.00000,13.00000,14.00000,21.00000,14.00000,13.00000
NDA,Model,VS+i-run1/1_6,6.00000,13.00000,14.00000,21.00000,14.00000,13.00000
NDA,Model,VS+i-run1/1_7,6.00000,12.00000,14.00000,21.00000,14.00000,12.00000
NDA,Model,VS+i-run1/1_8,6.00000,15.00000,16.00000,19.00000,16.00000,15.00000
NDA,Model,VS+i-run1/1_9,6.00000,13.00000,14.00000,21.00000,14.00000,13.00000
NDA,Model,VS+i-run10/10_1,6.00000,15.00000,14.00000,21.00000,14.00000,15.00000
NDA,Model,VS+i-run10/10_10,6.00000,15.00000,14.00000,21.00000,14.00000,15.00000
NDA,Model,VS+i-run10/10_11,6.00000,16.00000,16.00000,20.00000,16.00000,16.00000
NDA,Model,VS+i-run10/10_12,6.00000,16.00000,15.00000,20.00000,15.00000,16.00000
NDA,Model,VS+i-run10/10_13,6.00000,17.00000,16.00000,20.00000,16.00000,17.00000
NDA,Model,VS+i-run10/10_14,6.00000,16.00000,16.00000,20.00000,16.00000,16.00000
NDA,Model,VS+i-run10/10_15,6.00000,15.00000,14.00000,21.00000,14.00000,15.00000
NDA,Model,VS+i-run10/10_16,6.00000,17.00000,16.00000,20.00000,16.00000,17.00000
NDA,Model,VS+i-run10/10_17,6.00000,17.00000,15.00000,20.00000,15.00000,17.00000
NDA,Model,VS+i-run10/10_18,6.00000,16.00000,16.00000,20.00000,16.00000,16.00000
NDA,Model,VS+i-run10/10_19,6.00000,17.00000,16.00000,20.00000,16.00000,17.00000
NDA,Model,VS+i-run10/10_2,6.00000,15.00000,14.00000,21.00000,14.00000,15.00000
NDA,Model,VS+i-run10/10_20,3.00000,25.00000,23.00000,14.00000,23.00000,25.00000
NDA,Model,VS+i-run10/10_21,5.00000,14.00000,13.00000,21.00000,13.00000,14.00000
NDA,Model,VS+i-run10/10_22,6.00000,17.00000,16.00000,20.00000,16.00000,17.00000
NDA,Model,VS+i-run10/10_23,6.00000,16.00000,16.00000,20.00000,16.00000,16.00000
NDA,Model,VS+i-run10/10_24,3.00000,25.00000,23.00000,14.00000,23.00000,25.00000
NDA,Model,VS+i-run10/10_25,6.00000,16.00000,15.00000,20.00000,15.00000,16.00000
NDA,Model,VS+i-run10/10_26,5.00000,14.00000,13.00000,21.00000,13.00000,14.00000
NDA,Model,VS+i-run10/10_27,6.00000,15.00000,14.00000,21.00000,14.00000,15.00000
NDA,Model,VS+i-run10/10_28,6.00000,17.00000,16.00000,20.00000,16.00000,17.00000
NDA,Model,VS+i-run10/10_29,6.00000,16.00000,16.00000,20.00000,16.00000,16.00000
NDA,Model,VS+i-run10/10_3,6.00000,15.00000,14.00000,21.00000,14.00000,15.00000
NDA,Model,VS+i-run10/10_30,3.00000,26.00000,23.00000,14.00000,23.00000,26.00000
NDA,Model,VS+i-run10/10_4,6.00000,15.00000,14.00000,21.00000,14.00000,15.00000
NDA,Model,VS+i-run10/10_5,6.00000,15.00000,14.00000,21.00000,14.00000,15.00000
NDA,Model,VS+i-run10/10_6,6.00000,17.00000,16.00000,20.00000,16.00000,17.00000
NDA,Model,VS+i-run10/10_7,6.00000,16.00000,16.00000,20.00000,16.00000,16.00000
NDA,Model,VS+i-run10/10_8,6.00000,17.00000,16.00000,20.00000,16.00000,17.00000
NDA,Model,VS+i-run10/10_9,6.00000,17.00000,15.00000,20.00000,15.00000,17.00000
NDA,Model,VS+i-run11/11_1,6.00000,10.00000,9.00000,22.00000,9.00000,10.00000
NDA,Model,VS+i-run11/11_10,6.00000,12.00000,11.00000,21.00000,11.00000,12.00000
NDA,Model,VS+i-run11/11_11,6.00000,12.00000,11.00000,21.00000,11.00000,12.00000
NDA,Model,VS+i-run11/11_12,6.00000,12.00000,11.00000,21.00000,11.00000,12.00000
NDA,Model,VS+i-run11/11_13,4.00000,21.00000,19.00000,16.00000,19.00000,21.00000
NDA,Model,VS+i-run11/11_14,7.00000,17.00000,15.00000,16.00000,15.00000,17.00000
NDA,Model,VS+i-run11/11_15,10.00000,15.00000,14.00000,18.00000,14.00000,15.00000
NDA,Model,VS+i-run11/11_16,8.00000,16.00000,16.00000,18.00000,16.00000,16.00000
NDA,Model,VS+i-run11/11_17,6.00000,12.00000,11.00000,21.00000,11.00000,12.00000
NDA,Model,VS+i-run11/11_18,4.00000,21.00000,19.00000,16.00000,19.00000,21.00000
NDA,Model,VS+i-run11/11_19,6.00000,12.00000,11.00000,21.00000,11.00000,12.00000
NDA,Model,VS+i-run11/11_2,6.00000,10.00000,9.00000,22.00000,9.00000,10.00000
NDA,Model,VS+i-run11/11_20,4.00000,21.00000,22.00000,15.00000,22.00000,21.00000
NDA,Model,VS+i-run11/11_21,6.00000,11.00000,11.00000,21.00000,11.00000,11.00000
NDA,Model,VS+i-run11/11_22,6.00000,12.00000,11.00000,21.00000,11.00000,12.00000
NDA,Model,VS+i-run11/11_23,6.00000,12.00000,11.00000,21.00000,11.00000,12.00000
NDA,Model,VS+i-run11/11_24,6.00000,12.00000,11.00000,21.00000,11.00000,12.00000
NDA,Model,VS+i-run11/11_25,6.00000,12.00000,11.00000,21.00000,11.00000,12.00000
NDA,Model,VS+i-run11/11_26,6.00000,11.00000,11.00000,21.00000,11.00000,11.00000
NDA,Model,VS+i-run11/11_27,6.00000,12.00000,11.00000,21.00000,11.00000,12.00000
NDA,Model,VS+i-run11/11_28,4.00000,18.00000,18.00000,17.00000,18.00000,18.00000
NDA,Model,VS+i-run11/11_29,5.00000,22.00000,24.00000,13.00000,24.00000,22.00000
NDA,Model,VS+i-run11/11_3,6.00000,12.00000,11.00000,21.00000,11.00000,12.00000
NDA,Model,VS+i-run11/11_30,6.00000,12.00000,11.00000,21.00000,11.00000,12.00000
NDA,Model,VS+i-run11/11_4,6.00000,12.00000,11.00000,21.00000,11.00000,12.00000
NDA,Model,VS+i-run11/11_5,6.00000,12.00000,11.00000,21.00000,11.00000,12.00000
NDA,Model,VS+i-run11/11_6,6.00000,10.00000,9.00000,23.00000,9.00000,10.00000
NDA,Model,VS+i-run11/11_7,6.00000,10.00000,9.00000,23.00000,9.00000,10.00000
NDA,Model,VS+i-run11/11_8,6.00000,12.00000,11.00000,21.00000,11.00000,12.00000
NDA,Model,VS+i-run11/11_9,7.00000,16.00000,15.00000,16.00000,15.00000,16.00000
NDA,Model,VS+i-run12/12_1,9.00000,8.00000,7.00000,24.00000,7.00000,8.00000
NDA,Model,VS+i-run12/12_10,9.00000,7.00000,7.00000,24.00000,7.00000,7.00000
NDA,Model,VS+i-run12/12_11,9.00000,8.00000,7.00000,24.00000,7.00000,8.00000
NDA,Model,VS+i-run12/12_12,9.00000,8.00000,7.00000,24.00000,7.00000,8.00000
NDA,Model,VS+i-run12/12_13,9.00000,7.00000,7.00000,24.00000,7.00000,7.00000
NDA,Model,VS+i-run12/12_14,9.00000,8.00000,7.00000,24.00000,7.00000,8.00000
NDA,Model,VS+i-run12/12_15,7.00000,8.00000,8.00000,25.00000,8.00000,8.00000
NDA,Model,VS+i-run12/12_16,9.00000,8.00000,7.00000,24.00000,7.00000,8.00000
NDA,Model,VS+i-run12/12_17,7.00000,10.00000,10.00000,24.00000,10.00000,10.00000
NDA,Model,VS+i-run12/12_18,3.00000,18.00000,17.00000,19.00000,17.00000,18.00000
NDA,Model,VS+i-run12/12_19,7.00000,8.00000,8.00000,25.00000,8.00000,8.00000
NDA,Model,VS+i-run12/12_2,9.00000,8.00000,7.00000,24.00000,7.00000,8.00000
NDA,Model,VS+i-run12/12_20,7.00000,8.00000,8.00000,25.00000,8.00000,8.00000
NDA,Model,VS+i-run12/12_21,7.00000,8.00000,8.00000,25.00000,8.00000,8.00000
NDA,Model,VS+i-run12/12_22,5.00000,15.00000,14.00000,20.00000,14.00000,15.00000
NDA,Model,VS+i-run12/12_23,3.00000,19.00000,17.00000,19.00000,17.00000,19.00000
NDA,Model,VS+i-run12/12_24,3.00000,19.00000,17.00000,19.00000,17.00000,19.00000
NDA,Model,VS+i-run12/12_25,3.00000,19.00000,17.00000,19.00000,17.00000,19.00000
NDA,Model,VS+i-run12/12_26,3.00000,19.00000,17.00000,19.00000,17.00000,19.00000
NDA,Model,VS+i-run12/12_27,3.00000,18.00000,17.00000,19.00000,17.00000,18.00000
NDA,Model,VS+i-run12/12_28,3.00000,18.00000,17.00000,19.00000,17.00000,18.00000
NDA,Model,VS+i-run12/12_29,3.00000,18.00000,17.00000,19.00000,17.00000,18.00000
NDA,Model,VS+i-run12/12_3,9.00000,8.00000,7.00000,24.00000,7.00000,8.00000
NDA,Model,VS+i-run12/12_30,3.00000,19.00000,17.00000,19.00000,17.00000,19.00000
NDA,Model,VS+i-run12/12_4,9.00000,8.00000,7.00000,24.00000,7.00000,8.00000
NDA,Model,VS+i-run12/12_5,9.00000,7.00000,7.00000,24.00000,7.00000,7.00000
NDA,Model,VS+i-run12/12_6,9.00000,8.00000,7.00000,24.00000,7.00000,8.00000
NDA,Model,VS+i-run12/12_7,9.00000,8.00000,7.00000,24.00000,7.00000,8.00000
NDA,Model,VS+i-run12/12_8,9.00000,8.00000,7.00000,24.00000,7.00000,8.00000
NDA,Model,VS+i-run12/12_9,9.00000,8.00000,7.00000,24.00000,7.00000,8.00000
NDA,Model,VS+i-run13/13_1,8.00000,16.00000,16.00000,20.00000,16.00000,16.00000
NDA,Model,VS+i-run13/13_10,7.00000,15.00000,14.00000,20.00000,14.00000,15.00000
NDA,Model,VS+i-run13/13_11,7.00000,15.00000,14.00000,20.00000,14.00000,15.00000
NDA,Model,VS+i-run13/13_12,6.00000,16.00000,16.00000,20.00000,16.00000,16.00000
NDA,Model,VS+i-run13/13_13,6.00000,16.00000,17.00000,18.00000,17.00000,16.00000
NDA,Model,VS+i-run13/13_14,6.00000,15.00000,14.00000,21.00000,14.00000,15.00000
NDA,Model,VS+i-run13/13_15,6.00000,17.00000,15.00000,20.00000,15.00000,17.00000
NDA,Model,VS+i-run13/13_16,6.00000,15.00000,14.00000,21.00000,14.00000,15.00000
NDA,Model,VS+i-run13/13_17,6.00000,16.00000,16.00000,20.00000,16.00000,16.00000
NDA,Model,VS+i-run13/13_18,6.00000,15.00000,14.00000,21.00000,14.00000,15.00000
NDA,Model,VS+i-run13/13_19,6.00000,15.00000,14.00000,21.00000,14.00000,15.00000
NDA,Model,VS+i-run13/13_2,8.00000,16.00000,16.00000,20.00000,16.00000,16.00000
NDA,Model,VS+i-run13/13_20,6.00000,15.00000,14.00000,21.00000,14.00000,15.00000
NDA,Model,VS+i-run13/13_21,6.00000,15.00000,14.00000,21.00000,14.00000,15.00000
NDA,Model,VS+i-run13/13_22,6.00000,17.00000,16.00000,20.00000,16.00000,17.00000
NDA,Model,VS+i-run13/13_23,8.00000,15.00000,14.00000,20.00000,14.00000,15.00000
NDA,Model,VS+i-run13/13_24,6.00000,15.00000,14.00000,21.00000,14.00000,15.00000
NDA,Model,VS+i-run13/13_25,6.00000,17.00000,15.00000,20.00000,15.00000,17.00000
NDA,Model,VS+i-run13/13_26,6.00000,17.00000,16.00000,20.00000,16.00000,17.00000
NDA,Model,VS+i-run13/13_27,6.00000,17.00000,16.00000,20.00000,16.00000,17.00000
NDA,Model,VS+i-run13/13_28,6.00000,14.00000,15.00000,19.00000,15.00000,14.00000
NDA,Model,VS+i-run13/13_29,6.00000,16.00000,17.00000,18.00000,17.00000,16.00000
NDA,Model,VS+i-run13/13_3,6.00000,15.00000,14.00000,21.00000,14.00000,15.00000
NDA,Model,VS+i-run13/13_30,6.00000,17.00000,15.00000,20.00000,15.00000,17.00000
NDA,Model,VS+i-run13/13_4,8.00000,15.00000,16.00000,20.00000,16.00000,15.00000
NDA,Model,VS+i-run13/13_5,8.00000,16.00000,16.00000,20.00000,16.00000,16.00000
NDA,Model,VS+i-run13/13_6,8.00000,16.00000,16.00000,20.00000,16.00000,16.00000
NDA,Model,VS+i-run13/13_7,7.00000,15.00000,14.00000,20.00000,14.00000,15.00000
NDA,Model,VS+i-run13/13_8,6.00000,15.00000,14.00000,21.00000,14.00000,15.00000
NDA,Model,VS+i-run13/13_9,6.00000,17.00000,16.00000,20.00000,16.00000,17.00000
NDA,Model,VS+i-run14/14_1,7.00000,16.00000,16.00000,17.00000,16.00000,16.00000
NDA,Model,VS+i-run14/14_10,8.00000,12.00000,12.00000,21.00000,12.00000,12.00000
NDA,Model,VS+i-run14/14_11,9.00000,16.00000,15.00000,17.00000,15.00000,16.00000
NDA,Model,VS+i-run14/14_12,7.00000,10.00000,9.00000,23.00000,9.00000,10.00000
NDA,Model,VS+i-run14/14_13,7.00000,16.00000,15.00000,19.00000,15.00000,16.00000
NDA,Model,VS+i-run14/14_14,7.00000,16.00000,15.00000,18.00000,15.00000,16.00000
NDA,Model,VS+i-run14/14_15,7.00000,17.00000,16.00000,17.00000,16.00000,17.00000
NDA,Model,VS+i-run14/14_16,9.00000,15.00000,12.00000,18.00000,12.00000,15.00000
NDA,Model,VS+i-run14/14_17,7.00000,10.00000,9.00000,23.00000,9.00000,10.00000
NDA,Model,VS+i-run14/14_18,7.00000,18.00000,16.00000,17.00000,16.00000,18.00000
NDA,Model,VS+i-run14/14_19,8.00000,16.00000,14.00000,18.00000,14.00000,16.00000
NDA,Model,VS+i-run14/14_2,7.00000,16.00000,16.00000,17.00000,16.00000,16.00000
NDA,Model,VS+i-run14/14_20,7.00000,15.00000,16.00000,17.00000,16.00000,15.00000
NDA,Model,VS+i-run14/14_21,7.00000,16.00000,17.00000,18.00000,17.00000,16.00000
NDA,Model,VS+i-run14/14_22,7.00000,16.00000,15.00000,19.00000,15.00000,16.00000
NDA,Model,VS+i-run14/14_23,7.00000,17.00000,17.00000,17.00000,17.00000,17.00000
NDA,Model,VS+i-run14/14_24,7.00000,16.00000,15.00000,19.00000,15.00000,16.00000
NDA,Model,VS+i-run14/14_25,7.00000,17.00000,17.00000,17.00000,17.00000,17.00000
NDA,Model,VS+i-run14/14_26,9.00000,18.00000,17.00000,16.00000,17.00000,18.00000
NDA,Model,VS+i-run14/14_27,8.00000,15.00000,12.00000,20.00000,12.00000,15.00000
NDA,Model,VS+i-run14/14_28,7.00000,16.00000,15.00000,18.00000,15.00000,16.00000
NDA,Model,VS+i-run14/14_29,7.00000,16.00000,15.00000,18.00000,15.00000,16.00000
NDA,Model,VS+i-run14/14_3,8.00000,16.00000,15.00000,17.00000,15.00000,16.00000
NDA,Model,VS+i-run14/14_30,7.00000,16.00000,15.00000,18.00000,15.00000,16.00000
NDA,Model,VS+i-run14/14_4,8.00000,8.00000,8.00000,23.00000,8.00000,8.00000
NDA,Model,VS+i-run14/14_5,7.00000,17.00000,17.00000,17.00000,17.00000,17.00000
NDA,Model,VS+i-run14/14_6,7.00000,16.00000,15.00000,18.00000,15.00000,16.00000
NDA,Model,VS+i-run14/14_7,7.00000,16.00000,15.00000,18.00000,15.00000,16.00000
NDA,Model,VS+i-run14/14_8,7.00000,17.00000,17.00000,17.00000,17.00000,17.00000
NDA,Model,VS+i-run14/14_9,7.00000,16.00000,15.00000,18.00000,15.00000,16.00000
NDA,Model,VS+i-run15/15_1,5.00000,17.00000,17.00000,17.00000,17.00000,17.00000
NDA,Model,VS+i-run15/15_10,5.00000,19.00000,18.00000,16.00000,18.00000,19.00000
NDA,Model,VS+i-run15/15_11,5.00000,18.00000,18.00000,16.00000,18.00000,18.00000
NDA,Model,VS+i-run15/15_12,5.00000,18.00000,18.00000,16.00000,18.00000,18.00000
NDA,Model,VS+i-run15/15_13,3.00000,18.00000,17.00000,18.00000,17.00000,18.00000
NDA,Model,VS+i-run15/15_14,5.00000,19.00000,18.00000,16.00000,18.00000,19.00000
NDA,Model,VS+i-run15/15_15,5.00000,19.00000,18.00000,16.00000,18.00000,19.00000
NDA,Model,VS+i-run15/15_16,5.00000,19.00000,18.00000,16.00000,18.00000,19.00000
NDA,Model,VS+i-run15/15_17,5.00000,19.00000,18.00000,16.00000,18.00000,19.00000
NDA,Model,VS+i-run15/15_18,5.00000,18.00000,18.00000,16.00000,18.00000,18.00000
NDA,Model,VS+i-run15/15_19,3.00000,17.00000,17.00000,18.00000,17.00000,17.00000
NDA,Model,VS+i-run15/15_2,5.00000,18.00000,18.00000,16.00000,18.00000,18.00000
NDA,Model,VS+i-run15/15_20,3.00000,18.00000,17.00000,18.00000,17.00000,18.00000
NDA,Model,VS+i-run15/15_21,3.00000,16.00000,17.00000,19.00000,17.00000,16.00000
NDA,Model,VS+i-run15/15_22,3.00000,18.00000,17.00000,18.00000,17.00000,18.00000
NDA,Model,VS+i-run15/15_23,3.00000,17.00000,17.00000,18.00000,17.00000,17.00000
NDA,Model,VS+i-run15/15_24,3.00000,18.00000,17.00000,18.00000,17.00000,18.00000
NDA,Model,VS+i-run15/15_25,3.00000,16.00000,16.00000,18.00000,16.00000,16.00000
NDA,Model,VS+i-run15/15_26,3.00000,17.00000,17.00000,18.00000,17.00000,17.00000
NDA,Model,VS+i-run15/15_27,7.00000,11.00000,9.00000,23.00000,9.00000,11.00000
NDA,Model,VS+i-run15/15_28,3.00000,17.00000,16.00000,19.00000,16.00000,17.00000
NDA,Model,VS+i-run15/15_29,3.00000,17.00000,17.00000,18.00000,17.00000,17.00000
NDA,Model,VS+i-run15/15_3,6.00000,17.00000,17.00000,16.00000,17.00000,17.00000
NDA,Model,VS+i-run15/15_30,3.00000,16.00000,17.00000,19.00000,17.00000,16.00000
NDA,Model,VS+i-run15/15_4,5.00000,18.00000,16.00000,17.00000,16.00000,18.00000
NDA,Model,VS+i-run15/15_5,5.00000,18.00000,18.00000,16.00000,18.00000,18.00000
NDA,Model,VS+i-run15/15_6,5.00000,18.00000,18.00000,16.00000,18.00000,18.00000
NDA,Model,VS+i-run15/15_7,5.00000,19.00000,18.00000,16.00000,18.00000,19.00000
NDA,Model,VS+i-run15/15_8,5.00000,19.00000,18.00000,16.00000,18.00000,19.00000
NDA,Model,VS+i-run15/15_9,5.00000,19.00000,18.00000,16.00000,18.00000,19.00000
NDA,Model,VS+i-run16/16_1,7.00000,13.00000,13.00000,19.00000,13.00000,13.00000
NDA,Model,VS+i-run16/16_10,7.00000,15.00000,14.00000,18.00000,14.00000,15.00000
NDA,Model,VS+i-run16/16_11,7.00000,15.00000,14.00000,18.00000,14.00000,15.00000
NDA,Model,VS+i-run16/16_12,7.00000,10.00000,11.00000,23.00000,11.00000,10.00000
NDA,Model,VS+i-run16/16_13,7.00000,14.00000,14.00000,18.00000,14.00000,14.00000
NDA,Model,VS+i-run16/16_14,7.00000,15.00000,14.00000,18.00000,14.00000,15.00000
NDA,Model,VS+i-run16/16_15,7.00000,15.00000,14.00000,18.00000,14.00000,15.00000
NDA,Model,VS+i-run16/16_16,7.00000,14.00000,14.00000,18.00000,14.00000,14.00000
NDA,Model,VS+i-run16/16_17,7.00000,15.00000,14.00000,18.00000,14.00000,15.00000
NDA,Model,VS+i-run16/16_18,7.00000,15.00000,14.00000,18.00000,14.00000,15.00000
NDA,Model,VS+i-run16/16_19,7.00000,15.00000,14.00000,18.00000,14.00000,15.00000
NDA,Model,VS+i-run16/16_2,7.00000,14.00000,14.00000,18.00000,14.00000,14.00000
NDA,Model,VS+i-run16/16_20,7.00000,15.00000,14.00000,18.00000,14.00000,15.00000
NDA,Model,VS+i-run16/16_21,7.00000,14.00000,14.00000,19.00000,14.00000,14.00000
NDA,Model,VS+i-run16/16_22,9.00000,15.00000,13.00000,18.00000,13.00000,15.00000
NDA,Model,VS+i-run16/16_23,7.00000,10.00000,11.00000,23.00000,11.00000,10.00000
NDA,Model,VS+i-run16/16_24,9.00000,14.00000,13.00000,18.00000,13.00000,14.00000
NDA,Model,VS+i-run16/16_25,6.00000,14.00000,13.00000,21.00000,13.00000,14.00000
NDA,Model,VS+i-run16/16_26,7.00000,11.00000,14.00000,21.00000,14.00000,11.00000
NDA,Model,VS+i-run16/16_27,7.00000,12.00000,14.00000,21.00000,14.00000,12.00000
NDA,Model,VS+i-run16/16_28,7.00000,12.00000,14.00000,21.00000,14.00000,12.00000
NDA,Model,VS+i-run16/16_29,7.00000,12.00000,14.00000,21.00000,14.00000,12.00000
NDA,Model,VS+i-run16/16_3,7.00000,14.00000,15.00000,18.00000,15.00000,14.00000
NDA,Model,VS+i-run16/16_30,7.00000,12.00000,14.00000,21.00000,14.00000,12.00000
NDA,Model,VS+i-run16/16_4,7.00000,12.00000,14.00000,21.00000,14.00000,12.00000
NDA,Model,VS+i-run16/16_5,7.00000,15.00000,15.00000,18.00000,15.00000,15.00000
NDA,Model,VS+i-run16/16_6,7.00000,15.00000,14.00000,18.00000,14.00000,15.00000
NDA,Model,VS+i-run16/16_7,7.00000,14.00000,14.00000,18.00000,14.00000,14.00000
NDA,Model,VS+i-run16/16_8,7.00000,14.00000,14.00000,18.00000,14.00000,14.00000
NDA,Model,VS+i-run16/16_9,7.00000,15.00000,14.00000,18.00000,14.00000,15.00000
NDA,Model,VS+i-run17/17_1,5.00000,15.00000,14.00000,20.00000,14.00000,15.00000
NDA,Model,VS+i-run17/17_10,5.00000,15.00000,14.00000,20.00000,14.00000,15.00000
NDA,Model,VS+i-run17/17_11,5.00000,15.00000,14.00000,20.00000,14.00000,15.00000
NDA,Model,VS+i-run17/17_12,5.00000,14.00000,14.00000,20.00000,14.00000,14.00000
NDA,Model,VS+i-run17/17_13,5.00000,14.00000,14.00000,20.00000,14.00000,14.00000
NDA,Model,VS+i-run17/17_14,5.00000,15.00000,14.00000,20.00000,14.00000,15.00000
NDA,Model,VS+i-run17/17_15,4.00000,18.00000,19.00000,18.00000,19.00000,18.00000
NDA,Model,VS+i-run17/17_16,5.00000,14.00000,14.00000,20.00000,14.00000,14.00000
NDA,Model,VS+i-run17/17_17,5.00000,15.00000,14.00000,20.00000,14.00000,15.00000
NDA,Model,VS+i-run17/17_18,5.00000,14.00000,17.00000,20.00000,17.00000,14.00000
NDA,Model,VS+i-run17/17_19,5.00000,17.00000,18.00000,18.00000,18.00000,17.00000
NDA,Model,VS+i-run17/17_2,5.00000,14.00000,14.00000,20.00000,14.00000,14.00000
NDA,Model,VS+i-run17/17_20,5.00000,14.00000,17.00000,20.00000,17.00000,14.00000
NDA,Model,VS+i-run17/17_21,5.00000,16.00000,19.00000,19.00000,19.00000,16.00000
NDA,Model,VS+i-run17/17_22,5.00000,16.00000,19.00000,19.00000,19.00000,16.00000
NDA,Model,VS+i-run17/17_23,5.00000,16.00000,18.00000,19.00000,18.00000,16.00000
NDA,Model,VS+i-run17/17_24,5.00000,16.00000,18.00000,19.00000,18.00000,16.00000
NDA,Model,VS+i-run17/17_25,6.00000,20.00000,19.00000,17.00000,19.00000,20.00000
NDA,Model,VS+i-run17/17_26,5.00000,15.00000,18.00000,19.00000,18.00000,15.00000
NDA,Model,VS+i-run17/17_27,5.00000,16.00000,18.00000,19.00000,18.00000,16.00000
NDA,Model,VS+i-run17/17_28,6.00000,19.00000,19.00000,17.00000,19.00000,19.00000
NDA,Model,VS+i-run17/17_29,6.00000,20.00000,20.00000,17.00000,20.00000,20.00000
NDA,Model,VS+i-run17/17_3,5.00000,14.00000,14.00000,20.00000,14.00000,14.00000
NDA,Model,VS+i-run17/17_30,5.00000,14.00000,17.00000,20.00000,17.00000,14.00000
NDA,Model,VS+i-run17/17_4,5.00000,15.00000,14.00000,20.00000,14.00000,15.00000
NDA,Model,VS+i-run17/17_5,5.00000,15.00000,14.00000,20.00000,14.00000,15.00000
NDA,Model,VS+i-run17/17_6,5.00000,14.00000,14.00000,20.00000,14.00000,14.00000
NDA,Model,VS+i-run17/17_7,5.00000,15.00000,14.00000,20.00000,14.00000,15.00000
NDA,Model,VS+i-run17/17_8,5.00000,15.00000,14.00000,20.00000,14.00000,15.00000
NDA,Model,VS+i-run17/17_9,5.00000,14.00000,17.00000,20.00000,17.00000,14.00000
NDA,Model,VS+i-run18/18_1,6.00000,15.00000,16.00000,21.00000,16.00000,15.00000
NDA,Model,VS+i-run18/18_10,6.00000,14.00000,16.00000,21.00000,16.00000,14.00000
NDA,Model,VS+i-run18/18_11,6.00000,15.00000,16.00000,21.00000,16.00000,15.00000
NDA,Model,VS+i-run18/18_12,6.00000,14.00000,16.00000,21.00000,16.00000,14.00000
NDA,Model,VS+i-run18/18_13,6.00000,15.00000,16.00000,21.00000,16.00000,15.00000
NDA,Model,VS+i-run18/18_14,6.00000,15.00000,16.00000,21.00000,16.00000,15.00000
NDA,Model,VS+i-run18/18_15,6.00000,15.00000,16.00000,21.00000,16.00000,15.00000
NDA,Model,VS+i-run18/18_16,7.00000,12.00000,11.00000,23.00000,11.00000,12.00000
NDA,Model,VS+i-run18/18_17,7.00000,15.00000,13.00000,20.00000,13.00000,15.00000
NDA,Model,VS+i-run18/18_18,7.00000,14.00000,13.00000,21.00000,13.00000,14.00000
NDA,Model,VS+i-run18/18_19,7.00000,13.00000,13.00000,21.00000,13.00000,13.00000
NDA,Model,VS+i-run18/18_2,10.00000,8.00000,8.00000,22.00000,8.00000,8.00000
NDA,Model,VS+i-run18/18_20,7.00000,11.00000,11.00000,23.00000,11.00000,11.00000
NDA,Model,VS+i-run18/18_21,9.00000,8.00000,8.00000,23.00000,8.00000,8.00000
NDA,Model,VS+i-run18/18_22,7.00000,16.00000,13.00000,20.00000,13.00000,16.00000
NDA,Model,VS+i-run18/18_23,7.00000,13.00000,12.00000,21.00000,12.00000,13.00000
NDA,Model,VS+i-run18/18_24,7.00000,14.00000,12.00000,21.00000,12.00000,14.00000
NDA,Model,VS+i-run18/18_25,7.00000,14.00000,12.00000,21.00000,12.00000,14.00000
NDA,Model,VS+i-run18/18_26,7.00000,17.00000,13.00000,20.00000,13.00000,17.00000
NDA,Model,VS+i-run18/18_27,8.00000,11.00000,10.00000,23.00000,10.00000,11.00000
NDA,Model,VS+i-run18/18_28,9.00000,8.00000,8.00000,23.00000,8.00000,8.00000
NDA,Model,VS+i-run18/18_29,9.00000,8.00000,8.00000,23.00000,8.00000,8.00000
NDA,Model,VS+i-run18/18_3,6.00000,15.00000,16.00000,21.00000,16.00000,15.00000
NDA,Model,VS+i-run18/18_30,8.00000,12.00000,12.00000,23.00000,12.00000,12.00000
NDA,Model,VS+i-run18/18_4,6.00000,14.00000,16.00000,21.00000,16.00000,14.00000
NDA,Model,VS+i-run18/18_5,7.00000,14.00000,13.00000,20.00000,13.00000,14.00000
NDA,Model,VS+i-run18/18_6,6.00000,14.00000,16.00000,21.00000,16.00000,14.00000
NDA,Model,VS+i-run18/18_7,6.00000,15.00000,16.00000,21.00000,16.00000,15.00000
NDA,Model,VS+i-run18/18_8,7.00000,14.00000,12.00000,21.00000,12.00000,14.00000
NDA,Model,VS+i-run18/18_9,6.00000,14.00000,16.00000,21.00000,16.00000,14.00000
NDA,Model,VS+i-run19/19_1,10.00000,10.00000,8.00000,22.00000,8.00000,10.00000
NDA,Model,VS+i-run19/19_10,10.00000,10.00000,8.00000,22.00000,8.00000,10.00000
NDA,Model,VS+i-run19/19_11,10.00000,10.00000,8.00000,22.00000,8.00000,10.00000
NDA,Model,VS+i-run19/19_12,10.00000,9.00000,8.00000,22.00000,8.00000,9.00000
NDA,Model,VS+i-run19/19_13,10.00000,10.00000,8.00000,22.00000,8.00000,10.00000
NDA,Model,VS+i-run19/19_14,8.00000,13.00000,12.00000,21.00000,12.00000,13.00000
NDA,Model,VS+i-run19/19_15,7.00000,11.00000,12.00000,22.00000,12.00000,11.00000
NDA,Model,VS+i-run19/19_16,10.00000,10.00000,8.00000,22.00000,8.00000,10.00000
NDA,Model,VS+i-run19/19_17,10.00000,10.00000,8.00000,22.00000,8.00000,10.00000
NDA,Model,VS+i-run19/19_18,8.00000,13.00000,12.00000,21.00000,12.00000,13.00000
NDA,Model,VS+i-run19/19_19,8.00000,13.00000,12.00000,21.00000,12.00000,13.00000
NDA,Model,VS+i-run19/19_2,10.00000,9.00000,8.00000,22.00000,8.00000,9.00000
NDA,Model,VS+i-run19/19_20,8.00000,13.00000,12.00000,21.00000,12.00000,13.00000
NDA,Model,VS+i-run19/19_21,10.00000,9.00000,10.00000,23.00000,10.00000,9.00000
NDA,Model,VS+i-run19/19_22,7.00000,11.00000,12.00000,22.00000,12.00000,11.00000
NDA,Model,VS+i-run19/19_23,7.00000,11.00000,12.00000,22.00000,12.00000,11.00000
NDA,Model,VS+i-run19/19_24,7.00000,11.00000,12.00000,22.00000,12.00000,11.00000
NDA,Model,VS+i-run19/19_25,7.00000,11.00000,12.00000,22.00000,12.00000,11.00000
NDA,Model,VS+i-run19/19_26,9.00000,11.00000,11.00000,21.00000,11.00000,11.00000
NDA,Model,VS+i-run19/19_27,7.00000,10.00000,12.00000,22.00000,12.00000,10.00000
NDA,Model,VS+i-run19/19_28,7.00000,11.00000,12.00000,22.00000,12.00000,11.00000
NDA,Model,VS+i-run19/19_29,7.00000,11.00000,12.00000,22.00000,12.00000,11.00000
NDA,Model,VS+i-run19/19_3,10.00000,9.00000,8.00000,22.00000,8.00000,9.00000
NDA,Model,VS+i-run19/19_30,7.00000,11.00000,12.00000,22.00000,12.00000,11.00000
NDA,Model,VS+i-run19/19_4,10.00000,10.00000,8.00000,22.00000,8.00000,10.00000
NDA,Model,VS+i-run19/19_5,10.00000,10.00000,8.00000,22.00000,8.00000,10.00000
NDA,Model,VS+i-run19/19_6,10.00000,10.00000,8.00000,22.00000,8.00000,10.00000
NDA,Model,VS+i-run19/19_7,10.00000,9.00000,8.00000,22.00000,8.00000,9.00000
NDA,Model,VS+i-run19/19_8,10.00000,10.00000,8.00000,22.00000,8.00000,10.00000
NDA,Model,VS+i-run19/19_9,10.00000,10.00000,8.00000,22.00000,8.00000,10.00000
NDA,Model,VS+i-run2/2_1,5.00000,18.00000,17.00000,19.00000,17.00000,18.00000
NDA,Model,VS+i-run2/2_10,5.00000,18.00000,17.00000,19.00000,17.00000,18.00000
NDA,Model,VS+i-run2/2_11,5.00000,18.00000,17.00000,19.00000,17.00000,18.00000
NDA,Model,VS+i-run2/2_12,5.00000,17.00000,17.00000,19.00000,17.00000,17.00000
NDA,Model,VS+i-run2/2_13,5.00000,17.00000,17.00000,19.00000,17.00000,17.00000
NDA,Model,VS+i-run2/2_14,5.00000,17.00000,17.00000,19.00000,17.00000,17.00000
NDA,Model,VS+i-run2/2_15,5.00000,17.00000,16.00000,20.00000,16.00000,17.00000
NDA,Model,VS+i-run2/2_16,10.00000,13.00000,12.00000,18.00000,12.00000,13.00000
NDA,Model,VS+i-run2/2_17,5.00000,17.00000,17.00000,19.00000,17.00000,17.00000
NDA,Model,VS+i-run2/2_18,5.00000,18.00000,17.00000,19.00000,17.00000,18.00000
NDA,Model,VS+i-run2/2_19,5.00000,17.00000,17.00000,19.00000,17.00000,17.00000
NDA,Model,VS+i-run2/2_2,5.00000,17.00000,17.00000,19.00000,17.00000,17.00000
NDA,Model,VS+i-run2/2_20,7.00000,14.00000,15.00000,21.00000,15.00000,14.00000
NDA,Model,VS+i-run2/2_21,5.00000,18.00000,17.00000,19.00000,17.00000,18.00000
NDA,Model,VS+i-run2/2_22,5.00000,16.00000,16.00000,20.00000,16.00000,16.00000
NDA,Model,VS+i-run2/2_23,5.00000,16.00000,16.00000,20.00000,16.00000,16.00000
NDA,Model,VS+i-run2/2_24,5.00000,17.00000,16.00000,20.00000,16.00000,17.00000
NDA,Model,VS+i-run2/2_25,5.00000,17.00000,16.00000,20.00000,16.00000,17.00000
NDA,Model,VS+i-run2/2_26,5.00000,16.00000,16.00000,20.00000,16.00000,16.00000
NDA,Model,VS+i-run2/2_27,5.00000,16.00000,16.00000,20.00000,16.00000,16.00000
NDA,Model,VS+i-run2/2_28,5.00000,17.00000,16.00000,20.00000,16.00000,17.00000
NDA,Model,VS+i-run2/2_29,5.00000,17.00000,16.00000,20.00000,16.00000,17.00000
NDA,Model,VS+i-run2/2_3,5.00000,18.00000,17.00000,19.00000,17.00000,18.00000
NDA,Model,VS+i-run2/2_30,5.00000,17.00000,16.00000,20.00000,16.00000,17.00000
NDA,Model,VS+i-run2/2_4,5.00000,17.00000,17.00000,19.00000,17.00000,17.00000
NDA,Model,VS+i-run2/2_5,5.00000,17.00000,17.00000,19.00000,17.00000,17.00000
NDA,Model,VS+i-run2/2_6,5.00000,18.00000,17.00000,19.00000,17.00000,18.00000
NDA,Model,VS+i-run2/2_7,5.00000,18.00000,17.00000,19.00000,17.00000,18.00000
NDA,Model,VS+i-run2/2_8,5.00000,18.00000,17.00000,19.00000,17.00000,18.00000
NDA,Model,VS+i-run2/2_9,5.00000,18.00000,19.00000,18.00000,19.00000,18.00000
NDA,Model,VS+i-run20/20_1,10.00000,14.00000,15.00000,19.00000,15.00000,14.00000
NDA,Model,VS+i-run20/20_10,10.00000,14.00000,15.00000,19.00000,15.00000,14.00000
NDA,Model,VS+i-run20/20_11,10.00000,14.00000,15.00000,19.00000,15.00000,14.00000
NDA,Model,VS+i-run20/20_12,10.00000,13.00000,15.00000,19.00000,15.00000,13.00000
NDA,Model,VS+i-run20/20_13,10.00000,14.00000,15.00000,19.00000,15.00000,14.00000
NDA,Model,VS+i-run20/20_14,10.00000,14.00000,15.00000,19.00000,15.00000,14.00000
NDA,Model,VS+i-run20/20_15,10.00000,13.00000,15.00000,19.00000,15.00000,13.00000
NDA,Model,VS+i-run20/20_16,10.00000,14.00000,15.00000,19.00000,15.00000,14.00000
NDA,Model,VS+i-run20/20_17,10.00000,14.00000,15.00000,19.00000,15.00000,14.00000
NDA,Model,VS+i-run20/20_18,7.00000,19.00000,18.00000,17.00000,18.00000,19.00000
NDA,Model,VS+i-run20/20_19,7.00000,20.00000,18.00000,17.00000,18.00000,20.00000
NDA,Model,VS+i-run20/20_2,10.00000,13.00000,15.00000,19.00000,15.00000,13.00000
NDA,Model,VS+i-run20/20_20,7.00000,19.00000,18.00000,17.00000,18.00000,19.00000
NDA,Model,VS+i-run20/20_21,7.00000,20.00000,18.00000,17.00000,18.00000,20.00000
NDA,Model,VS+i-run20/20_22,11.00000,14.00000,14.00000,19.00000,14.00000,14.00000
NDA,Model,VS+i-run20/20_23,7.00000,14.00000,13.00000,21.00000,13.00000,14.00000
NDA,Model,VS+i-run20/20_24,9.00000,11.00000,13.00000,22.00000,13.00000,11.00000
NDA,Model,VS+i-run20/20_25,11.00000,13.00000,14.00000,19.00000,14.00000,13.00000
NDA,Model,VS+i-run20/20_26,7.00000,13.00000,13.00000,21.00000,13.00000,13.00000
NDA,Model,VS+i-run20/20_27,14.00000,6.00000,6.00000,22.00000,6.00000,6.00000
NDA,Model,VS+i-run20/20_28,9.00000,13.00000,12.00000,21.00000,12.00000,13.00000
NDA,Model,VS+i-run20/20_29,11.00000,14.00000,14.00000,19.00000,14.00000,14.00000
NDA,Model,VS+i-run20/20_3,10.00000,14.00000,15.00000,19.00000,15.00000,14.00000
NDA,Model,VS+i-run20/20_30,11.00000,14.00000,14.00000,19.00000,14.00000,14.00000
NDA,Model,VS+i-run20/20_4,7.00000,19.00000,18.00000,17.00000,18.00000,19.00000
NDA,Model,VS+i-run20/20_5,10.00000,13.00000,15.00000,19.00000,15.00000,13.00000
NDA,Model,VS+i-run20/20_6,9.00000,11.00000,13.00000,22.00000,13.00000,11.00000
NDA,Model,VS+i-run20/20_7,10.00000,14.00000,15.00000,19.00000,15.00000,14.00000
NDA,Model,VS+i-run20/20_8,10.00000,14.00000,15.00000,19.00000,15.00000,14.00000
NDA,Model,VS+i-run20/20_9,10.00000,13.00000,15.00000,19.00000,15.00000,13.00000
NDA,Model,VS+i-run3/3_1,5.00000,19.00000,19.00000,18.00000,19.00000,19.00000
NDA,Model,VS+i-run3/3_10,7.00000,15.00000,14.00000,21.00000,14.00000,15.00000
NDA,Model,VS+i-run3/3_11,7.00000,15.00000,14.00000,21.00000,14.00000,15.00000
NDA,Model,VS+i-run3/3_12,7.00000,16.00000,13.00000,19.00000,13.00000,16.00000
NDA,Model,VS+i-run3/3_13,8.00000,15.00000,14.00000,20.00000,14.00000,15.00000
NDA,Model,VS+i-run3/3_14,7.00000,17.00000,16.00000,20.00000,16.00000,17.00000
NDA,Model,VS+i-run3/3_15,6.00000,22.00000,23.00000,12.00000,23.00000,22.00000
NDA,Model,VS+i-run3/3_16,7.00000,15.00000,14.00000,21.00000,14.00000,15.00000
NDA,Model,VS+i-run3/3_17,7.00000,16.00000,15.00000,20.00000,15.00000,16.00000
NDA,Model,VS+i-run3/3_18,7.00000,16.00000,16.00000,20.00000,16.00000,16.00000
NDA,Model,VS+i-run3/3_19,7.00000,15.00000,14.00000,21.00000,14.00000,15.00000
NDA,Model,VS+i-run3/3_2,5.00000,19.00000,19.00000,18.00000,19.00000,19.00000
NDA,Model,VS+i-run3/3_20,4.00000,20.00000,19.00000,15.00000,19.00000,20.00000
NDA,Model,VS+i-run3/3_21,7.00000,16.00000,13.00000,19.00000,13.00000,16.00000
NDA,Model,VS+i-run3/3_22,7.00000,17.00000,16.00000,20.00000,16.00000,17.00000
NDA,Model,VS+i-run3/3_23,4.00000,26.00000,24.00000,11.00000,24.00000,26.00000
NDA,Model,VS+i-run3/3_24,7.00000,16.00000,15.00000,20.00000,15.00000,16.00000
NDA,Model,VS+i-run3/3_25,7.00000,16.00000,16.00000,20.00000,16.00000,16.00000
NDA,Model,VS+i-run3/3_26,7.00000,17.00000,16.00000,20.00000,16.00000,17.00000
NDA,Model,VS+i-run3/3_27,7.00000,17.00000,16.00000,20.00000,16.00000,17.00000
NDA,Model,VS+i-run3/3_28,7.00000,16.00000,13.00000,19.00000,13.00000,16.00000
NDA,Model,VS+i-run3/3_29,7.00000,17.00000,16.00000,20.00000,16.00000,17.00000
NDA,Model,VS+i-run3/3_3,5.00000,21.00000,21.00000,14.00000,21.00000,21.00000
NDA,Model,VS+i-run3/3_30,6.00000,22.00000,23.00000,12.00000,23.00000,22.00000
NDA,Model,VS+i-run3/3_4,5.00000,19.00000,19.00000,18.00000,19.00000,19.00000
NDA,Model,VS+i-run3/3_5,8.00000,15.00000,14.00000,20.00000,14.00000,15.00000
NDA,Model,VS+i-run3/3_6,5.00000,20.00000,19.00000,18.00000,19.00000,20.00000
NDA,Model,VS+i-run3/3_7,5.00000,19.00000,19.00000,18.00000,19.00000,19.00000
NDA,Model,VS+i-run3/3_8,4.00000,13.00000,12.00000,22.00000,12.00000,13.00000
NDA,Model,VS+i-run3/3_9,5.00000,21.00000,21.00000,14.00000,21.00000,21.00000
NDA,Model,VS+i-run4/4_1,4.00000,22.00000,20.00000,16.00000,20.00000,22.00000
NDA,Model,VS+i-run4/4_10,4.00000,18.00000,16.00000,17.00000,16.00000,18.00000
NDA,Model,VS+i-run4/4_11,5.00000,21.00000,22.00000,15.00000,22.00000,21.00000
NDA,Model,VS+i-run4/4_12,4.00000,21.00000,23.00000,15.00000,23.00000,21.00000
NDA,Model,VS+i-run4/4_13,4.00000,21.00000,23.00000,15.00000,23.00000,21.00000
NDA,Model,VS+i-run4/4_14,4.00000,22.00000,23.00000,15.00000,23.00000,22.00000
NDA,Model,VS+i-run4/4_15,4.00000,25.00000,24.00000,12.00000,24.00000,25.00000
NDA,Model,VS+i-run4/4_16,4.00000,22.00000,23.00000,15.00000,23.00000,22.00000
NDA,Model,VS+i-run4/4_17,4.00000,22.00000,23.00000,15.00000,23.00000,22.00000
NDA,Model,VS+i-run4/4_18,4.00000,16.00000,16.00000,18.00000,16.00000,16.00000
NDA,Model,VS+i-run4/4_19,4.00000,21.00000,23.00000,15.00000,23.00000,21.00000
NDA,Model,VS+i-run4/4_2,4.00000,22.00000,20.00000,16.00000,20.00000,22.00000
NDA,Model,VS+i-run4/4_20,4.00000,21.00000,23.00000,15.00000,23.00000,21.00000
NDA,Model,VS+i-run4/4_21,4.00000,22.00000,23.00000,15.00000,23.00000,22.00000
NDA,Model,VS+i-run4/4_22,4.00000,22.00000,23.00000,15.00000,23.00000,22.00000
NDA,Model,VS+i-run4/4_23,4.00000,22.00000,23.00000,15.00000,23.00000,22.00000
NDA,Model,VS+i-run4/4_24,4.00000,21.00000,23.00000,15.00000,23.00000,21.00000
NDA,Model,VS+i-run4/4_25,4.00000,21.00000,23.00000,15.00000,23.00000,21.00000
NDA,Model,VS+i-run4/4_26,4.00000,20.00000,19.00000,16.00000,19.00000,20.00000
NDA,Model,VS+i-run4/4_27,4.00000,16.00000,16.00000,18.00000,16.00000,16.00000
NDA,Model,VS+i-run4/4_28,4.00000,15.00000,16.00000,18.00000,16.00000,15.00000
NDA,Model,VS+i-run4/4_29,4.00000,16.00000,16.00000,18.00000,16.00000,16.00000
NDA,Model,VS+i-run4/4_3,4.00000,21.00000,20.00000,16.00000,20.00000,21.00000
NDA,Model,VS+i-run4/4_30,4.00000,16.00000,16.00000,18.00000,16.00000,16.00000
NDA,Model,VS+i-run4/4_4,4.00000,22.00000,20.00000,16.00000,20.00000,22.00000
NDA,Model,VS+i-run4/4_5,4.00000,22.00000,20.00000,16.00000,20.00000,22.00000
NDA,Model,VS+i-run4/4_6,5.00000,21.00000,22.00000,15.00000,22.00000,21.00000
NDA,Model,VS+i-run4/4_7,4.00000,21.00000,23.00000,15.00000,23.00000,21.00000
NDA,Model,VS+i-run4/4_8,4.00000,21.00000,20.00000,16.00000,20.00000,21.00000
NDA,Model,VS+i-run4/4_9,4.00000,21.00000,20.00000,16.00000,20.00000,21.00000
NDA,Model,VS+i-run5/5_1,6.00000,11.00000,11.00000,23.00000,11.00000,11.00000
NDA,Model,VS+i-run5/5_10,6.00000,13.00000,13.00000,22.00000,13.00000,13.00000
NDA,Model,VS+i-run5/5_11,6.00000,12.00000,13.00000,22.00000,13.00000,12.00000
NDA,Model,VS+i-run5/5_12,6.00000,13.00000,13.00000,22.00000,13.00000,13.00000
NDA,Model,VS+i-run5/5_13,6.00000,13.00000,13.00000,22.00000,13.00000,13.00000
NDA,Model,VS+i-run5/5_14,6.00000,13.00000,13.00000,22.00000,13.00000,13.00000
NDA,Model,VS+i-run5/5_15,7.00000,9.00000,9.00000,23.00000,9.00000,9.00000
NDA,Model,VS+i-run5/5_16,6.00000,13.00000,13.00000,22.00000,13.00000,13.00000
NDA,Model,VS+i-run5/5_17,6.00000,13.00000,13.00000,22.00000,13.00000,13.00000
NDA,Model,VS+i-run5/5_18,6.00000,13.00000,13.00000,22.00000,13.00000,13.00000
NDA,Model,VS+i-run5/5_19,6.00000,12.00000,13.00000,22.00000,13.00000,12.00000
NDA,Model,VS+i-run5/5_2,6.00000,11.00000,11.00000,23.00000,11.00000,11.00000
NDA,Model,VS+i-run5/5_20,6.00000,13.00000,13.00000,22.00000,13.00000,13.00000
NDA,Model,VS+i-run5/5_21,6.00000,12.00000,13.00000,22.00000,13.00000,12.00000
NDA,Model,VS+i-run5/5_22,3.00000,18.00000,17.00000,18.00000,17.00000,18.00000
NDA,Model,VS+i-run5/5_23,8.00000,12.00000,12.00000,21.00000,12.00000,12.00000
NDA,Model,VS+i-run5/5_24,6.00000,16.00000,15.00000,18.00000,15.00000,16.00000
NDA,Model,VS+i-run5/5_25,8.00000,9.00000,9.00000,22.00000,9.00000,9.00000
NDA,Model,VS+i-run5/5_26,6.00000,18.00000,16.00000,17.00000,16.00000,18.00000
NDA,Model,VS+i-run5/5_27,5.00000,18.00000,17.00000,17.00000,17.00000,18.00000
NDA,Model,VS+i-run5/5_28,6.00000,12.00000,13.00000,22.00000,13.00000,12.00000
NDA,Model,VS+i-run5/5_29,8.00000,11.00000,11.00000,22.00000,11.00000,11.00000
NDA,Model,VS+i-run5/5_3,6.00000,12.00000,12.00000,22.00000,12.00000,12.00000
NDA,Model,VS+i-run5/5_30,6.00000,18.00000,17.00000,17.00000,17.00000,18.00000
NDA,Model,VS+i-run5/5_4,10.00000,11.00000,11.00000,21.00000,11.00000,11.00000
NDA,Model,VS+i-run5/5_5,6.00000,13.00000,13.00000,22.00000,13.00000,13.00000
NDA,Model,VS+i-run5/5_6,6.00000,13.00000,13.00000,22.00000,13.00000,13.00000
NDA,Model,VS+i-run5/5_7,6.00000,13.00000,13.00000,22.00000,13.00000,13.00000
NDA,Model,VS+i-run5/5_8,8.00000,11.00000,11.00000,22.00000,11.00000,11.00000
NDA,Model,VS+i-run5/5_9,6.00000,17.00000,16.00000,17.00000,16.00000,17.00000
NDA,Model,VS+i-run6/6_1,8.00000,15.00000,15.00000,18.00000,15.00000,15.00000
NDA,Model,VS+i-run6/6_10,7.00000,15.00000,14.00000,20.00000,14.00000,15.00000
NDA,Model,VS+i-run6/6_11,8.00000,11.00000,11.00000,20.00000,11.00000,11.00000
NDA,Model,VS+i-run6/6_12,7.00000,17.00000,19.00000,19.00000,19.00000,17.00000
NDA,Model,VS+i-run6/6_13,7.00000,12.00000,10.00000,22.00000,10.00000,12.00000
NDA,Model,VS+i-run6/6_14,11.00000,12.00000,13.00000,19.00000,13.00000,12.00000
NDA,Model,VS+i-run6/6_15,7.00000,9.00000,9.00000,24.00000,9.00000,9.00000
NDA,Model,VS+i-run6/6_16,8.00000,9.00000,9.00000,22.00000,9.00000,9.00000
NDA,Model,VS+i-run6/6_17,7.00000,9.00000,9.00000,23.00000,9.00000,9.00000
NDA,Model,VS+i-run6/6_18,7.00000,11.00000,10.00000,22.00000,10.00000,11.00000
NDA,Model,VS+i-run6/6_19,7.00000,10.00000,11.00000,22.00000,11.00000,10.00000
NDA,Model,VS+i-run6/6_2,7.00000,15.00000,15.00000,19.00000,15.00000,15.00000
NDA,Model,VS+i-run6/6_20,7.00000,11.00000,10.00000,22.00000,10.00000,11.00000
NDA,Model,VS+i-run6/6_21,7.00000,9.00000,9.00000,23.00000,9.00000,9.00000
NDA,Model,VS+i-run6/6_22,7.00000,11.00000,11.00000,22.00000,11.00000,11.00000
NDA,Model,VS+i-run6/6_23,7.00000,11.00000,11.00000,22.00000,11.00000,11.00000
NDA,Model,VS+i-run6/6_24,7.00000,11.00000,10.00000,22.00000,10.00000,11.00000
NDA,Model,VS+i-run6/6_25,7.00000,11.00000,11.00000,22.00000,11.00000,11.00000
NDA,Model,VS+i-run6/6_26,7.00000,11.00000,10.00000,22.00000,10.00000,11.00000
NDA,Model,VS+i-run6/6_27,7.00000,11.00000,11.00000,21.00000,11.00000,11.00000
NDA,Model,VS+i-run6/6_28,5.00000,18.00000,19.00000,17.00000,19.00000,18.00000
NDA,Model,VS+i-run6/6_29,9.00000,12.00000,13.00000,20.00000,13.00000,12.00000
NDA,Model,VS+i-run6/6_3,7.00000,16.00000,16.00000,18.00000,16.00000,16.00000
NDA,Model,VS+i-run6/6_30,7.00000,17.00000,16.00000,18.00000,16.00000,17.00000
NDA,Model,VS+i-run6/6_4,7.00000,15.00000,15.00000,19.00000,15.00000,15.00000
NDA,Model,VS+i-run6/6_5,4.00000,14.00000,15.00000,21.00000,15.00000,14.00000
NDA,Model,VS+i-run6/6_6,7.00000,11.00000,11.00000,22.00000,11.00000,11.00000
NDA,Model,VS+i-run6/6_7,7.00000,17.00000,19.00000,19.00000,19.00000,17.00000
NDA,Model,VS+i-run6/6_8,7.00000,10.00000,9.00000,23.00000,9.00000,10.00000
NDA,Model,VS+i-run6/6_9,5.00000,19.00000,20.00000,18.00000,20.00000,19.00000
NDA,Model,VS+i-run7/7_1,6.00000,15.00000,16.00000,20.00000,16.00000,15.00000
NDA,Model,VS+i-run7/7_10,6.00000,15.00000,16.00000,20.00000,16.00000,15.00000
NDA,Model,VS+i-run7/7_11,7.00000,21.00000,20.00000,15.00000,20.00000,21.00000
NDA,Model,VS+i-run7/7_12,6.00000,14.00000,16.00000,20.00000,16.00000,14.00000
NDA,Model,VS+i-run7/7_13,6.00000,15.00000,16.00000,20.00000,16.00000,15.00000
NDA,Model,VS+i-run7/7_14,6.00000,15.00000,16.00000,20.00000,16.00000,15.00000
NDA,Model,VS+i-run7/7_15,6.00000,15.00000,16.00000,20.00000,16.00000,15.00000
NDA,Model,VS+i-run7/7_16,6.00000,15.00000,16.00000,20.00000,16.00000,15.00000
NDA,Model,VS+i-run7/7_17,6.00000,14.00000,16.00000,20.00000,16.00000,14.00000
NDA,Model,VS+i-run7/7_18,6.00000,15.00000,16.00000,20.00000,16.00000,15.00000
NDA,Model,VS+i-run7/7_19,6.00000,15.00000,16.00000,20.00000,16.00000,15.00000
NDA,Model,VS+i-run7/7_2,6.00000,14.00000,16.00000,20.00000,16.00000,14.00000
NDA,Model,VS+i-run7/7_20,9.00000,10.00000,13.00000,20.00000,13.00000,10.00000
NDA,Model,VS+i-run7/7_21,6.00000,15.00000,16.00000,20.00000,16.00000,15.00000
NDA,Model,VS+i-run7/7_22,6.00000,15.00000,16.00000,20.00000,16.00000,15.00000
NDA,Model,VS+i-run7/7_23,7.00000,12.00000,13.00000,21.00000,13.00000,12.00000
NDA,Model,VS+i-run7/7_24,7.00000,12.00000,13.00000,21.00000,13.00000,12.00000
NDA,Model,VS+i-run7/7_25,7.00000,12.00000,13.00000,21.00000,13.00000,12.00000
NDA,Model,VS+i-run7/7_26,7.00000,11.00000,13.00000,21.00000,13.00000,11.00000
NDA,Model,VS+i-run7/7_27,7.00000,11.00000,13.00000,21.00000,13.00000,11.00000
NDA,Model,VS+i-run7/7_28,7.00000,12.00000,13.00000,21.00000,13.00000,12.00000
NDA,Model,VS+i-run7/7_29,7.00000,12.00000,13.00000,21.00000,13.00000,12.00000
NDA,Model,VS+i-run7/7_3,7.00000,12.00000,13.00000,21.00000,13.00000,12.00000
NDA,Model,VS+i-run7/7_30,7.00000,12.00000,13.00000,21.00000,13.00000,12.00000
NDA,Model,VS+i-run7/7_4,9.00000,9.00000,12.00000,22.00000,12.00000,9.00000
NDA,Model,VS+i-run7/7_5,6.00000,15.00000,16.00000,20.00000,16.00000,15.00000
NDA,Model,VS+i-run7/7_6,7.00000,10.00000,12.00000,23.00000,12.00000,10.00000
NDA,Model,VS+i-run7/7_7,6.00000,14.00000,16.00000,20.00000,16.00000,14.00000
NDA,Model,VS+i-run7/7_8,6.00000,14.00000,16.00000,20.00000,16.00000,14.00000
NDA,Model,VS+i-run7/7_9,6.00000,14.00000,16.00000,20.00000,16.00000,14.00000
NDA,Model,VS+i-run8/8_1,6.00000,24.00000,20.00000,12.00000,20.00000,24.00000
NDA,Model,VS+i-run8/8_10,9.00000,16.00000,16.00000,17.00000,16.00000,16.00000
NDA,Model,VS+i-run8/8_11,6.00000,23.00000,19.00000,13.00000,19.00000,23.00000
NDA,Model,VS+i-run8/8_12,6.00000,22.00000,19.00000,13.00000,19.00000,22.00000
NDA,Model,VS+i-run8/8_13,6.00000,22.00000,19.00000,13.00000,19.00000,22.00000
NDA,Model,VS+i-run8/8_14,6.00000,22.00000,19.00000,13.00000,19.00000,22.00000
NDA,Model,VS+i-run8/8_15,6.00000,22.00000,19.00000,13.00000,19.00000,22.00000
NDA,Model,VS+i-run8/8_16,6.00000,22.00000,19.00000,13.00000,19.00000,22.00000
NDA,Model,VS+i-run8/8_17,6.00000,23.00000,19.00000,13.00000,19.00000,23.00000
NDA,Model,VS+i-run8/8_18,6.00000,23.00000,19.00000,13.00000,19.00000,23.00000
NDA,Model,VS+i-run8/8_19,9.00000,17.00000,16.00000,17.00000,16.00000,17.00000
NDA,Model,VS+i-run8/8_2,6.00000,24.00000,20.00000,12.00000,20.00000,24.00000
NDA,Model,VS+i-run8/8_20,9.00000,17.00000,16.00000,17.00000,16.00000,17.00000
NDA,Model,VS+i-run8/8_21,9.00000,16.00000,16.00000,17.00000,16.00000,16.00000
NDA,Model,VS+i-run8/8_22,9.00000,17.00000,16.00000,17.00000,16.00000,17.00000
NDA,Model,VS+i-run8/8_23,9.00000,17.00000,16.00000,17.00000,16.00000,17.00000
NDA,Model,VS+i-run8/8_24,5.00000,16.00000,14.00000,19.00000,14.00000,16.00000
NDA,Model,VS+i-run8/8_25,7.00000,13.00000,14.00000,19.00000,14.00000,13.00000
NDA,Model,VS+i-run8/8_26,6.00000,22.00000,19.00000,13.00000,19.00000,22.00000
NDA,Model,VS+i-run8/8_27,5.00000,18.00000,16.00000,18.00000,16.00000,18.00000
NDA,Model,VS+i-run8/8_28,5.00000,18.00000,16.00000,18.00000,16.00000,18.00000
NDA,Model,VS+i-run8/8_29,11.00000,14.00000,15.00000,17.00000,15.00000,14.00000
NDA,Model,VS+i-run8/8_3,6.00000,25.00000,20.00000,12.00000,20.00000,25.00000
NDA,Model,VS+i-run8/8_30,7.00000,14.00000,14.00000,19.00000,14.00000,14.00000
NDA,Model,VS+i-run8/8_4,6.00000,24.00000,20.00000,12.00000,20.00000,24.00000
NDA,Model,VS+i-run8/8_5,6.00000,24.00000,20.00000,12.00000,20.00000,24.00000
NDA,Model,VS+i-run8/8_6,6.00000,22.00000,19.00000,13.00000,19.00000,22.00000
NDA,Model,VS+i-run8/8_7,6.00000,22.00000,19.00000,13.00000,19.00000,22.00000
NDA,Model,VS+i-run8/8_8,6.00000,23.00000,19.00000,13.00000,19.00000,23.00000
NDA,Model,VS+i-run8/8_9,6.00000,22.00000,19.00000,13.00000,19.00000,22.00000
NDA,Model,VS+i-run9/9_1,8.00000,12.00000,14.00000,20.00000,14.00000,12.00000
NDA,Model,VS+i-run9/9_10,8.00000,13.00000,14.00000,20.00000,14.00000,13.00000
NDA,Model,VS+i-run9/9_11,8.00000,13.00000,14.00000,20.00000,14.00000,13.00000
NDA,Model,VS+i-run9/9_12,8.00000,13.00000,14.00000,20.00000,14.00000,13.00000
NDA,Model,VS+i-run9/9_13,8.00000,12.00000,14.00000,20.00000,14.00000,12.00000
NDA,Model,VS+i-run9/9_14,8.00000,13.00000,14.00000,20.00000,14.00000,13.00000
NDA,Model,VS+i-run9/9_15,8.00000,13.00000,14.00000,20.00000,14.00000,13.00000
NDA,Model,VS+i-run9/9_16,8.00000,14.00000,14.00000,20.00000,14.00000,14.00000
NDA,Model,VS+i-run9/9_17,8.00000,10.00000,11.00000,21.00000,11.00000,10.00000
NDA,Model,VS+i-run9/9_18,8.00000,10.00000,11.00000,22.00000,11.00000,10.00000
NDA,Model,VS+i-run9/9_19,8.00000,12.00000,13.00000,20.00000,13.00000,12.00000
NDA,Model,VS+i-run9/9_2,8.00000,12.00000,14.00000,20.00000,14.00000,12.00000
NDA,Model,VS+i-run9/9_20,8.00000,10.00000,11.00000,22.00000,11.00000,10.00000
NDA,Model,VS+i-run9/9_21,8.00000,12.00000,13.00000,20.00000,13.00000,12.00000
NDA,Model,VS+i-run9/9_22,8.00000,10.00000,11.00000,22.00000,11.00000,10.00000
NDA,Model,VS+i-run9/9_23,8.00000,11.00000,12.00000,20.00000,12.00000,11.00000
NDA,Model,VS+i-run9/9_24,8.00000,11.00000,12.00000,20.00000,12.00000,11.00000
NDA,Model,VS+i-run9/9_25,8.00000,12.00000,13.00000,20.00000,13.00000,12.00000
NDA,Model,VS+i-run9/9_26,8.00000,12.00000,13.00000,20.00000,13.00000,12.00000
NDA,Model,VS+i-run9/9_27,8.00000,14.00000,14.00000,20.00000,14.00000,14.00000
NDA,Model,VS+i-run9/9_28,8.00000,12.00000,13.00000,20.00000,13.00000,12.00000
NDA,Model,VS+i-run9/9_29,8.00000,10.00000,11.00000,21.00000,11.00000,10.00000
NDA,Model,VS+i-run9/9_3,8.00000,13.00000,14.00000,20.00000,14.00000,13.00000
NDA,Model,VS+i-run9/9_30,8.00000,10.00000,11.00000,21.00000,11.00000,10.00000
NDA,Model,VS+i-run9/9_4,8.00000,13.00000,14.00000,20.00000,14.00000,13.00000
NDA,Model,VS+i-run9/9_5,8.00000,13.00000,14.00000,20.00000,14.00000,13.00000
NDA,Model,VS+i-run9/9_6,8.00000,13.00000,14.00000,20.00000,14.00000,13.00000
NDA,Model,VS+i-run9/9_7,9.00000,10.00000,11.00000,20.00000,11.00000,10.00000
NDA,Model,VS+i-run9/9_8,8.00000,13.00000,14.00000,20.00000,14.00000,13.00000
NDA,Model,VS+i-run9/9_9,8.00000,12.00000,14.00000,20.00000,14.00000,12.00000
NDA,NHLattice,VS+i-run1/1_1,13.00000,6.00000,21.00000,14.00000,13.00000,14.00000
NDA,NHLattice,VS+i-run1/1_10,12.00000,6.00000,21.00000,14.00000,14.00000,12.00000
NDA,NHLattice,VS+i-run1/1_11,13.00000,6.00000,21.00000,14.00000,14.00000,13.00000
NDA,NHLattice,VS+i-run1/1_12,13.00000,6.00000,14.00000,21.00000,14.00000,13.00000
NDA,NHLattice,VS+i-run1/1_13,12.00000,6.00000,21.00000,14.00000,14.00000,12.00000
NDA,NHLattice,VS+i-run1/1_14,13.00000,6.00000,21.00000,14.00000,13.00000,14.00000
NDA,NHLattice,VS+i-run1/1_15,13.00000,6.00000,21.00000,14.00000,14.00000,13.00000
NDA,NHLattice,VS+i-run1/1_16,13.00000,6.00000,14.00000,21.00000,13.00000,14.00000
NDA,NHLattice,VS+i-run1/1_17,13.00000,6.00000,14.00000,21.00000,13.00000,14.00000
NDA,NHLattice,VS+i-run1/1_18,13.00000,6.00000,21.00000,14.00000,14.00000,13.00000
NDA,NHLattice,VS+i-run1/1_19,19.00000,5.00000,18.00000,19.00000,19.00000,19.00000
NDA,NHLattice,VS+i-run1/1_2,12.00000,6.00000,14.00000,21.00000,12.00000,14.00000
NDA,NHLattice,VS+i-run1/1_20,20.00000,4.00000,19.00000,17.00000,20.00000,19.00000
NDA,NHLattice,VS+i-run1/1_21,12.00000,6.00000,14.00000,21.00000,12.00000,14.00000
NDA,NHLattice,VS+i-run1/1_22,12.00000,6.00000,14.00000,21.00000,12.00000,14.00000
NDA,NHLattice,VS+i-run1/1_23,13.00000,6.00000,14.00000,21.00000,13.00000,14.00000
NDA,NHLattice,VS+i-run1/1_24,10.00000,10.00000,23.00000,10.00000,10.00000,10.00000
NDA,NHLattice,VS+i-run1/1_25,13.00000,6.00000,14.00000,21.00000,13.00000,14.00000
NDA,NHLattice,VS+i-run1/1_26,13.00000,6.00000,14.00000,21.00000,13.00000,14.00000
NDA,NHLattice,VS+i-run1/1_27,12.00000,6.00000,14.00000,21.00000,12.00000,14.00000
NDA,NHLattice,VS+i-run1/1_28,13.00000,6.00000,14.00000,21.00000,13.00000,14.00000
NDA,NHLattice,VS+i-run1/1_29,13.00000,6.00000,14.00000,21.00000,13.00000,14.00000
NDA,NHLattice,VS+i-run1/1_3,10.00000,7.00000,23.00000,10.00000,10.00000,10.00000
NDA,NHLattice,VS+i-run1/1_30,12.00000,6.00000,14.00000,21.00000,12.00000,14.00000
NDA,NHLattice,VS+i-run1/1_4,13.00000,6.00000,21.00000,14.00000,13.00000,14.00000
NDA,NHLattice,VS+i-run1/1_5,13.00000,6.00000,14.00000,21.00000,13.00000,14.00000
NDA,NHLattice,VS+i-run1/1_6,13.00000,6.00000,21.00000,14.00000,14.00000,13.00000
NDA,NHLattice,VS+i-run1/1_7,12.00000,6.00000,14.00000,21.00000,12.00000,14.00000
NDA,NHLattice,VS+i-run1/1_8,15.00000,6.00000,16.00000,19.00000,15.00000,16.00000
NDA,NHLattice,VS+i-run1/1_9,13.00000,6.00000,21.00000,14.00000,14.00000,13.00000
NDA,NHLattice,VS+i-run10/10_1,15.00000,6.00000,21.00000,14.00000,14.00000,15.00000
NDA,NHLattice,VS+i-run10/10_10,15.00000,6.00000,21.00000,14.00000,14.00000,15.00000
NDA,NHLattice,VS+i-run10/10_11,16.00000,6.00000,20.00000,16.00000,16.00000,16.00000
NDA,NHLattice,VS+i-run10/10_12,16.00000,6.00000,20.00000,15.00000,15.00000,16.00000
NDA,NHLattice,VS+i-run10/10_13,17.00000,6.00000,20.00000,16.00000,16.00000,17.00000
NDA,NHLattice,VS+i-run10/10_14,16.00000,6.00000,20.00000,16.00000,16.00000,16.00000
NDA,NHLattice,VS+i-run10/10_15,15.00000,6.00000,21.00000,14.00000,14.00000,15.00000
NDA,NHLattice,VS+i-run10/10_16,17.00000,6.00000,20.00000,16.00000,16.00000,17.00000
NDA,NHLattice,VS+i-run10/10_17,17.00000,6.00000,20.00000,15.00000,15.00000,17.00000
NDA,NHLattice,VS+i-run10/10_18,16.00000,6.00000,20.00000,16.00000,16.00000,16.00000
NDA,NHLattice,VS+i-run10/10_19,17.00000,6.00000,20.00000,16.00000,16.00000,17.00000
NDA,NHLattice,VS+i-run10/10_2,15.00000,6.00000,21.00000,14.00000,14.00000,15.00000
NDA,NHLattice,VS+i-run10/10_20,25.00000,3.00000,23.00000,14.00000,25.00000,23.00000
NDA,NHLattice,VS+i-run10/10_21,14.00000,5.00000,21.00000,13.00000,14.00000,13.00000
NDA,NHLattice,VS+i-run10/10_22,17.00000,6.00000,16.00000,20.00000,16.00000,17.00000
NDA,NHLattice,VS+i-run10/10_23,16.00000,6.00000,20.00000,16.00000,16.00000,16.00000
NDA,NHLattice,VS+i-run10/10_24,25.00000,3.00000,14.00000,23.00000,23.00000,25.00000
NDA,NHLattice,VS+i-run10/10_25,16.00000,6.00000,15.00000,20.00000,16.00000,15.00000
NDA,NHLattice,VS+i-run10/10_26,14.00000,5.00000,21.00000,13.00000,14.00000,13.00000
NDA,NHLattice,VS+i-run10/10_27,15.00000,6.00000,21.00000,14.00000,14.00000,15.00000
NDA,NHLattice,VS+i-run10/10_28,17.00000,6.00000,20.00000,16.00000,16.00000,17.00000
NDA,NHLattice,VS+i-run10/10_29,16.00000,6.00000,20.00000,16.00000,16.00000,16.00000
NDA,NHLattice,VS+i-run10/10_3,15.00000,6.00000,21.00000,14.00000,14.00000,15.00000
NDA,NHLattice,VS+i-run10/10_30,26.00000,3.00000,14.00000,23.00000,23.00000,26.00000
NDA,NHLattice,VS+i-run10/10_4,15.00000,6.00000,21.00000,14.00000,14.00000,15.00000
NDA,NHLattice,VS+i-run10/10_5,15.00000,6.00000,21.00000,14.00000,14.00000,15.00000
NDA,NHLattice,VS+i-run10/10_6,17.00000,6.00000,20.00000,16.00000,16.00000,17.00000
NDA,NHLattice,VS+i-run10/10_7,16.00000,6.00000,20.00000,16.00000,16.00000,16.00000
NDA,NHLattice,VS+i-run10/10_8,17.00000,6.00000,20.00000,16.00000,17.00000,16.00000
NDA,NHLattice,VS+i-run10/10_9,17.00000,6.00000,20.00000,15.00000,17.00000,15.00000
NDA,NHLattice,VS+i-run11/11_1,10.00000,6.00000,22.00000,9.00000,9.00000,10.00000
NDA,NHLattice,VS+i-run11/11_10,12.00000,6.00000,21.00000,11.00000,11.00000,12.00000
NDA,NHLattice,VS+i-run11/11_11,12.00000,6.00000,21.00000,11.00000,11.00000,12.00000
NDA,NHLattice,VS+i-run11/11_12,12.00000,6.00000,21.00000,11.00000,11.00000,12.00000
NDA,NHLattice,VS+i-run11/11_13,21.00000,4.00000,19.00000,16.00000,19.00000,21.00000
NDA,NHLattice,VS+i-run11/11_14,17.00000,7.00000,16.00000,15.00000,17.00000,15.00000
NDA,NHLattice,VS+i-run11/11_15,15.00000,10.00000,18.00000,14.00000,15.00000,14.00000
NDA,NHLattice,VS+i-run11/11_16,16.00000,8.00000,18.00000,16.00000,16.00000,16.00000
NDA,NHLattice,VS+i-run11/11_17,12.00000,6.00000,21.00000,11.00000,11.00000,12.00000
NDA,NHLattice,VS+i-run11/11_18,21.00000,4.00000,19.00000,16.00000,19.00000,21.00000
NDA,NHLattice,VS+i-run11/11_19,12.00000,6.00000,21.00000,11.00000,12.00000,11.00000
NDA,NHLattice,VS+i-run11/11_2,10.00000,6.00000,22.00000,9.00000,9.00000,10.00000
NDA,NHLattice,VS+i-run11/11_20,21.00000,4.00000,15.00000,22.00000,22.00000,21.00000
NDA,NHLattice,VS+i-run11/11_21,11.00000,6.00000,21.00000,11.00000,11.00000,11.00000
NDA,NHLattice,VS+i-run11/11_22,12.00000,6.00000,21.00000,11.00000,11.00000,12.00000
NDA,NHLattice,VS+i-run11/11_23,12.00000,6.00000,21.00000,11.00000,12.00000,11.00000
NDA,NHLattice,VS+i-run11/11_24,12.00000,6.00000,21.00000,11.00000,12.00000,11.00000
NDA,NHLattice,VS+i-run11/11_25,12.00000,6.00000,21.00000,11.00000,12.00000,11.00000
NDA,NHLattice,VS+i-run11/11_26,11.00000,6.00000,21.00000,11.00000,11.00000,11.00000
NDA,NHLattice,VS+i-run11/11_27,12.00000,6.00000,21.00000,11.00000,11.00000,12.00000
NDA,NHLattice,VS+i-run11/11_28,18.00000,4.00000,17.00000,18.00000,18.00000,18.00000
NDA,NHLattice,VS+i-run11/11_29,22.00000,5.00000,24.00000,13.00000,22.00000,24.00000
NDA,NHLattice,VS+i-run11/11_3,12.00000,6.00000,21.00000,11.00000,12.00000,11.00000
NDA,NHLattice,VS+i-run11/11_30,12.00000,6.00000,21.00000,11.00000,12.00000,11.00000
NDA,NHLattice,VS+i-run11/11_4,12.00000,6.00000,21.00000,11.00000,12.00000,11.00000
NDA,NHLattice,VS+i-run11/11_5,12.00000,6.00000,21.00000,11.00000,12.00000,11.00000
NDA,NHLattice,VS+i-run11/11_6,10.00000,6.00000,23.00000,9.00000,9.00000,10.00000
NDA,NHLattice,VS+i-run11/11_7,10.00000,6.00000,23.00000,9.00000,9.00000,10.00000
NDA,NHLattice,VS+i-run11/11_8,12.00000,6.00000,21.00000,11.00000,12.00000,11.00000
NDA,NHLattice,VS+i-run11/11_9,16.00000,7.00000,16.00000,15.00000,15.00000,16.00000
NDA,NHLattice,VS+i-run12/12_1,8.00000,9.00000,24.00000,7.00000,8.00000,7.00000
NDA,NHLattice,VS+i-run12/12_10,7.00000,9.00000,24.00000,7.00000,7.00000,7.00000
NDA,NHLattice,VS+i-run12/12_11,8.00000,9.00000,24.00000,7.00000,8.00000,7.00000
NDA,NHLattice,VS+i-run12/12_12,8.00000,9.00000,24.00000,7.00000,8.00000,7.00000
NDA,NHLattice,VS+i-run12/12_13,7.00000,9.00000,24.00000,7.00000,7.00000,7.00000
NDA,NHLattice,VS+i-run12/12_14,8.00000,9.00000,24.00000,7.00000,7.00000,8.00000
NDA,NHLattice,VS+i-run12/12_15,8.00000,7.00000,25.00000,8.00000,8.00000,8.00000
NDA,NHLattice,VS+i-run12/12_16,8.00000,9.00000,24.00000,7.00000,7.00000,8.00000
NDA,NHLattice,VS+i-run12/12_17,10.00000,7.00000,24.00000,10.00000,10.00000,10.00000
NDA,NHLattice,VS+i-run12/12_18,18.00000,3.00000,19.00000,17.00000,18.00000,17.00000
NDA,NHLattice,VS+i-run12/12_19,8.00000,7.00000,25.00000,8.00000,8.00000,8.00000
NDA,NHLattice,VS+i-run12/12_2,8.00000,9.00000,24.00000,7.00000,8.00000,7.00000
NDA,NHLattice,VS+i-run12/12_20,8.00000,7.00000,25.00000,8.00000,8.00000,8.00000
NDA,NHLattice,VS+i-run12/12_21,8.00000,7.00000,25.00000,8.00000,8.00000,8.00000
NDA,NHLattice,VS+i-run12/12_22,15.00000,5.00000,20.00000,14.00000,15.00000,14.00000
NDA,NHLattice,VS+i-run12/12_23,19.00000,3.00000,19.00000,17.00000,17.00000,19.00000
NDA,NHLattice,VS+i-run12/12_24,19.00000,3.00000,19.00000,17.00000,19.00000,17.00000
NDA,NHLattice,VS+i-run12/12_25,19.00000,3.00000,19.00000,17.00000,19.00000,17.00000
NDA,NHLattice,VS+i-run12/12_26,19.00000,3.00000,19.00000,17.00000,19.00000,17.00000
NDA,NHLattice,VS+i-run12/12_27,18.00000,3.00000,19.00000,17.00000,18.00000,17.00000
NDA,NHLattice,VS+i-run12/12_28,18.00000,3.00000,19.00000,17.00000,18.00000,17.00000
NDA,NHLattice,VS+i-run12/12_29,18.00000,3.00000,19.00000,17.00000,18.00000,17.00000
NDA,NHLattice,VS+i-run12/12_3,8.00000,9.00000,24.00000,7.00000,8.00000,7.00000
NDA,NHLattice,VS+i-run12/12_30,19.00000,3.00000,19.00000,17.00000,19.00000,17.00000
NDA,NHLattice,VS+i-run12/12_4,8.00000,9.00000,24.00000,7.00000,8.00000,7.00000
NDA,NHLattice,VS+i-run12/12_5,7.00000,9.00000,24.00000,7.00000,7.00000,7.00000
NDA,NHLattice,VS+i-run12/12_6,8.00000,9.00000,24.00000,7.00000,8.00000,7.00000
NDA,NHLattice,VS+i-run12/12_7,8.00000,9.00000,24.00000,7.00000,8.00000,7.00000
NDA,NHLattice,VS+i-run12/12_8,8.00000,9.00000,24.00000,7.00000,8.00000,7.00000
NDA,NHLattice,VS+i-run12/12_9,8.00000,9.00000,24.00000,7.00000,8.00000,7.00000
NDA,NHLattice,VS+i-run13/13_1,16.00000,8.00000,20.00000,16.00000,16.00000,16.00000
NDA,NHLattice,VS+i-run13/13_10,15.00000,7.00000,20.00000,14.00000,15.00000,14.00000
NDA,NHLattice,VS+i-run13/13_11,15.00000,7.00000,20.00000,14.00000,15.00000,14.00000
NDA,NHLattice,VS+i-run13/13_12,16.00000,6.00000,20.00000,16.00000,16.00000,16.00000
NDA,NHLattice,VS+i-run13/13_13,16.00000,6.00000,18.00000,17.00000,17.00000,16.00000
NDA,NHLattice,VS+i-run13/13_14,15.00000,6.00000,21.00000,14.00000,15.00000,14.00000
NDA,NHLattice,VS+i-run13/13_15,17.00000,6.00000,20.00000,15.00000,17.00000,15.00000
NDA,NHLattice,VS+i-run13/13_16,15.00000,6.00000,21.00000,14.00000,15.00000,14.00000
NDA,NHLattice,VS+i-run13/13_17,16.00000,6.00000,20.00000,16.00000,16.00000,16.00000
NDA,NHLattice,VS+i-run13/13_18,15.00000,6.00000,21.00000,14.00000,15.00000,14.00000
NDA,NHLattice,VS+i-run13/13_19,15.00000,6.00000,21.00000,14.00000,15.00000,14.00000
NDA,NHLattice,VS+i-run13/13_2,16.00000,8.00000,20.00000,16.00000,16.00000,16.00000
NDA,NHLattice,VS+i-run13/13_20,15.00000,6.00000,21.00000,14.00000,15.00000,14.00000
NDA,NHLattice,VS+i-run13/13_21,15.00000,6.00000,21.00000,14.00000,15.00000,14.00000
NDA,NHLattice,VS+i-run13/13_22,17.00000,6.00000,20.00000,16.00000,17.00000,16.00000
NDA,NHLattice,VS+i-run13/13_23,15.00000,8.00000,20.00000,14.00000,15.00000,14.00000
NDA,NHLattice,VS+i-run13/13_24,15.00000,6.00000,21.00000,14.00000,15.00000,14.00000
NDA,NHLattice,VS+i-run13/13_25,17.00000,6.00000,20.00000,15.00000,17.00000,15.00000
NDA,NHLattice,VS+i-run13/13_26,17.00000,6.00000,20.00000,16.00000,17.00000,16.00000
NDA,NHLattice,VS+i-run13/13_27,17.00000,6.00000,20.00000,16.00000,17.00000,16.00000
NDA,NHLattice,VS+i-run13/13_28,14.00000,6.00000,19.00000,15.00000,15.00000,14.00000
NDA,NHLattice,VS+i-run13/13_29,16.00000,6.00000,18.00000,17.00000,17.00000,16.00000
NDA,NHLattice,VS+i-run13/13_3,15.00000,6.00000,21.00000,14.00000,15.00000,14.00000
NDA,NHLattice,VS+i-run13/13_30,17.00000,6.00000,20.00000,15.00000,15.00000,17.00000
NDA,NHLattice,VS+i-run13/13_4,15.00000,8.00000,20.00000,16.00000,16.00000,15.00000
NDA,NHLattice,VS+i-run13/13_5,16.00000,8.00000,20.00000,16.00000,16.00000,16.00000
NDA,NHLattice,VS+i-run13/13_6,16.00000,8.00000,20.00000,16.00000,16.00000,16.00000
NDA,NHLattice,VS+i-run13/13_7,15.00000,7.00000,20.00000,14.00000,15.00000,14.00000
NDA,NHLattice,VS+i-run13/13_8,15.00000,6.00000,21.00000,14.00000,15.00000,14.00000
NDA,NHLattice,VS+i-run13/13_9,17.00000,6.00000,20.00000,16.00000,17.00000,16.00000
NDA,NHLattice,VS+i-run14/14_1,16.00000,7.00000,17.00000,16.00000,16.00000,16.00000
NDA,NHLattice,VS+i-run14/14_10,12.00000,8.00000,21.00000,12.00000,12.00000,12.00000
NDA,NHLattice,VS+i-run14/14_11,16.00000,9.00000,17.00000,15.00000,16.00000,15.00000
NDA,NHLattice,VS+i-run14/14_12,10.00000,7.00000,23.00000,9.00000,9.00000,10.00000
NDA,NHLattice,VS+i-run14/14_13,16.00000,7.00000,19.00000,15.00000,16.00000,15.00000
NDA,NHLattice,VS+i-run14/14_14,16.00000,7.00000,18.00000,15.00000,16.00000,15.00000
NDA,NHLattice,VS+i-run14/14_15,17.00000,7.00000,17.00000,16.00000,17.00000,16.00000
NDA,NHLattice,VS+i-run14/14_16,15.00000,9.00000,12.00000,18.00000,12.00000,15.00000
NDA,NHLattice,VS+i-run14/14_17,10.00000,7.00000,23.00000,9.00000,10.00000,9.00000
NDA,NHLattice,VS+i-run14/14_18,18.00000,7.00000,17.00000,16.00000,18.00000,16.00000
NDA,NHLattice,VS+i-run14/14_19,16.00000,8.00000,14.00000,18.00000,16.00000,14.00000
NDA,NHLattice,VS+i-run14/14_2,16.00000,7.00000,17.00000,16.00000,16.00000,16.00000
NDA,NHLattice,VS+i-run14/14_20,15.00000,7.00000,17.00000,16.00000,15.00000,16.00000
NDA,NHLattice,VS+i-run14/14_21,16.00000,7.00000,18.00000,17.00000,16.00000,17.00000
NDA,NHLattice,VS+i-run14/14_22,16.00000,7.00000,19.00000,15.00000,16.00000,15.00000
NDA,NHLattice,VS+i-run14/14_23,17.00000,7.00000,17.00000,17.00000,17.00000,17.00000
NDA,NHLattice,VS+i-run14/14_24,16.00000,7.00000,19.00000,15.00000,16.00000,15.00000
NDA,NHLattice,VS+i-run14/14_25,17.00000,7.00000,17.00000,17.00000,17.00000,17.00000
NDA,NHLattice,VS+i-run14/14_26,18.00000,9.00000,16.00000,17.00000,17.00000,18.00000
NDA,NHLattice,VS+i-run14/14_27,15.00000,8.00000,12.00000,20.00000,15.00000,12.00000
NDA,NHLattice,VS+i-run14/14_28,16.00000,7.00000,18.00000,15.00000,16.00000,15.00000
NDA,NHLattice,VS+i-run14/14_29,16.00000,7.00000,18.00000,15.00000,16.00000,15.00000
NDA,NHLattice,VS+i-run14/14_3,16.00000,8.00000,17.00000,15.00000,16.00000,15.00000
NDA,NHLattice,VS+i-run14/14_30,16.00000,7.00000,18.00000,15.00000,16.00000,15.00000
NDA,NHLattice,VS+i-run14/14_4,8.00000,8.00000,23.00000,8.00000,8.00000,8.00000
NDA,NHLattice,VS+i-run14/14_5,17.00000,7.00000,17.00000,17.00000,17.00000,17.00000
NDA,NHLattice,VS+i-run14/14_6,16.00000,7.00000,18.00000,15.00000,16.00000,15.00000
NDA,NHLattice,VS+i-run14/14_7,16.00000,7.00000,18.00000,15.00000,16.00000,15.00000
NDA,NHLattice,VS+i-run14/14_8,17.00000,7.00000,17.00000,17.00000,17.00000,17.00000
NDA,NHLattice,VS+i-run14/14_9,16.00000,7.00000,18.00000,15.00000,16.00000,15.00000
NDA,NHLattice,VS+i-run15/15_1,17.00000,5.00000,17.00000,17.00000,17.00000,17.00000
NDA,NHLattice,VS+i-run15/15_10,19.00000,5.00000,18.00000,16.00000,19.00000,18.00000
NDA,NHLattice,VS+i-run15/15_11,18.00000,5.00000,18.00000,16.00000,18.00000,18.00000
NDA,NHLattice,VS+i-run15/15_12,18.00000,5.00000,18.00000,16.00000,18.00000,18.00000
NDA,NHLattice,VS+i-run15/15_13,18.00000,3.00000,18.00000,17.00000,17.00000,18.00000
NDA,NHLattice,VS+i-run15/15_14,19.00000,5.00000,18.00000,16.00000,19.00000,18.00000
NDA,NHLattice,VS+i-run15/15_15,19.00000,5.00000,18.00000,16.00000,19.00000,18.00000
NDA,NHLattice,VS+i-run15/15_16,19.00000,5.00000,16.00000,18.00000,19.00000,18.00000
NDA,NHLattice,VS+i-run15/15_17,19.00000,5.00000,18.00000,16.00000,19.00000,18.00000
NDA,NHLattice,VS+i-run15/15_18,18.00000,5.00000,18.00000,16.00000,18.00000,18.00000
NDA,NHLattice,VS+i-run15/15_19,17.00000,3.00000,17.00000,18.00000,17.00000,17.00000
NDA,NHLattice,VS+i-run15/15_2,18.00000,5.00000,18.00000,16.00000,18.00000,18.00000
NDA,NHLattice,VS+i-run15/15_20,18.00000,3.00000,18.00000,17.00000,17.00000,18.00000
NDA,NHLattice,VS+i-run15/15_21,16.00000,3.00000,19.00000,17.00000,16.00000,17.00000
NDA,NHLattice,VS+i-run15/15_22,18.00000,3.00000,17.00000,18.00000,18.00000,17.00000
NDA,NHLattice,VS+i-run15/15_23,17.00000,3.00000,17.00000,18.00000,17.00000,17.00000
NDA,NHLattice,VS+i-run15/15_24,18.00000,3.00000,17.00000,18.00000,18.00000,17.00000
NDA,NHLattice,VS+i-run15/15_25,16.00000,3.00000,18.00000,16.00000,16.00000,16.00000
NDA,NHLattice,VS+i-run15/15_26,17.00000,3.00000,17.00000,18.00000,17.00000,17.00000
NDA,NHLattice,VS+i-run15/15_27,11.00000,7.00000,23.00000,9.00000,11.00000,9.00000
NDA,NHLattice,VS+i-run15/15_28,17.00000,3.00000,19.00000,16.00000,17.00000,16.00000
NDA,NHLattice,VS+i-run15/15_29,17.00000,3.00000,18.00000,17.00000,17.00000,17.00000
NDA,NHLattice,VS+i-run15/15_3,17.00000,6.00000,17.00000,16.00000,17.00000,17.00000
NDA,NHLattice,VS+i-run15/15_30,16.00000,3.00000,19.00000,17.00000,16.00000,17.00000
NDA,NHLattice,VS+i-run15/15_4,18.00000,5.00000,16.00000,17.00000,18.00000,16.00000
NDA,NHLattice,VS+i-run15/15_5,18.00000,5.00000,18.00000,16.00000,18.00000,18.00000
NDA,NHLattice,VS+i-run15/15_6,18.00000,5.00000,18.00000,16.00000,18.00000,18.00000
NDA,NHLattice,VS+i-run15/15_7,19.00000,5.00000,18.00000,16.00000,19.00000,18.00000
NDA,NHLattice,VS+i-run15/15_8,19.00000,5.00000,18.00000,16.00000,19.00000,18.00000
NDA,NHLattice,VS+i-run15/15_9,19.00000,5.00000,18.00000,16.00000,19.00000,18.00000
NDA,NHLattice,VS+i-run16/16_1,13.00000,7.00000,19.00000,13.00000,13.00000,13.00000
NDA,NHLattice,VS+i-run16/16_10,15.00000,7.00000,14.00000,18.00000,15.00000,14.00000
NDA,NHLattice,VS+i-run16/16_11,15.00000,7.00000,14.00000,18.00000,15.00000,14.00000
NDA,NHLattice,VS+i-run16/16_12,10.00000,7.00000,23.00000,11.00000,11.00000,10.00000
NDA,NHLattice,VS+i-run16/16_13,14.00000,7.00000,14.00000,18.00000,14.00000,14.00000
NDA,NHLattice,VS+i-run16/16_14,15.00000,7.00000,14.00000,18.00000,15.00000,14.00000
NDA,NHLattice,VS+i-run16/16_15,15.00000,7.00000,18.00000,14.00000,15.00000,14.00000
NDA,NHLattice,VS+i-run16/16_16,14.00000,7.00000,14.00000,18.00000,14.00000,14.00000
NDA,NHLattice,VS+i-run16/16_17,15.00000,7.00000,14.00000,18.00000,15.00000,14.00000
NDA,NHLattice,VS+i-run16/16_18,15.00000,7.00000,14.00000,18.00000,15.00000,14.00000
NDA,NHLattice,VS+i-run16/16_19,15.00000,7.00000,14.00000,18.00000,15.00000,14.00000
NDA,NHLattice,VS+i-run16/16_2,14.00000,7.00000,18.00000,14.00000,14.00000,14.00000
NDA,NHLattice,VS+i-run16/16_20,15.00000,7.00000,18.00000,14.00000,15.00000,14.00000
NDA,NHLattice,VS+i-run16/16_21,14.00000,7.00000,19.00000,14.00000,14.00000,14.00000
NDA,NHLattice,VS+i-run16/16_22,15.00000,9.00000,18.00000,13.00000,15.00000,13.00000
NDA,NHLattice,VS+i-run16/16_23,10.00000,7.00000,23.00000,11.00000,11.00000,10.00000
NDA,NHLattice,VS+i-run16/16_24,14.00000,9.00000,18.00000,13.00000,14.00000,13.00000
NDA,NHLattice,VS+i-run16/16_25,14.00000,6.00000,21.00000,13.00000,13.00000,14.00000
NDA,NHLattice,VS+i-run16/16_26,11.00000,7.00000,21.00000,14.00000,14.00000,11.00000
NDA,NHLattice,VS+i-run16/16_27,12.00000,7.00000,21.00000,14.00000,14.00000,12.00000
NDA,NHLattice,VS+i-run16/16_28,12.00000,7.00000,21.00000,14.00000,14.00000,12.00000
NDA,NHLattice,VS+i-run16/16_29,12.00000,7.00000,21.00000,14.00000,14.00000,12.00000
NDA,NHLattice,VS+i-run16/16_3,14.00000,7.00000,15.00000,18.00000,14.00000,15.00000
NDA,NHLattice,VS+i-run16/16_30,12.00000,7.00000,21.00000,14.00000,14.00000,12.00000
NDA,NHLattice,VS+i-run16/16_4,12.00000,7.00000,21.00000,14.00000,14.00000,12.00000
NDA,NHLattice,VS+i-run16/16_5,15.00000,7.00000,15.00000,18.00000,15.00000,15.00000
NDA,NHLattice,VS+i-run16/16_6,15.00000,7.00000,14.00000,18.00000,15.00000,14.00000
NDA,NHLattice,VS+i-run16/16_7,14.00000,7.00000,14.00000,18.00000,14.00000,14.00000
NDA,NHLattice,VS+i-run16/16_8,14.00000,7.00000,14.00000,18.00000,14.00000,14.00000
NDA,NHLattice,VS+i-run16/16_9,15.00000,7.00000,14.00000,18.00000,15.00000,14.00000
NDA,NHLattice,VS+i-run17/17_1,15.00000,5.00000,20.00000,14.00000,14.00000,15.00000
NDA,NHLattice,VS+i-run17/17_10,15.00000,5.00000,20.00000,14.00000,14.00000,15.00000
NDA,NHLattice,VS+i-run17/17_11,15.00000,5.00000,20.00000,14.00000,14.00000,15.00000
NDA,NHLattice,VS+i-run17/17_12,14.00000,5.00000,20.00000,14.00000,14.00000,14.00000
NDA,NHLattice,VS+i-run17/17_13,14.00000,5.00000,20.00000,14.00000,14.00000,14.00000
NDA,NHLattice,VS+i-run17/17_14,15.00000,5.00000,20.00000,14.00000,14.00000,15.00000
NDA,NHLattice,VS+i-run17/17_15,18.00000,4.00000,18.00000,19.00000,19.00000,18.00000
NDA,NHLattice,VS+i-run17/17_16,14.00000,5.00000,20.00000,14.00000,14.00000,14.00000
NDA,NHLattice,VS+i-run17/17_17,15.00000,5.00000,20.00000,14.00000,14.00000,15.00000
NDA,NHLattice,VS+i-run17/17_18,14.00000,5.00000,20.00000,17.00000,17.00000,14.00000
NDA,NHLattice,VS+i-run17/17_19,17.00000,5.00000,18.00000,18.00000,17.00000,18.00000
NDA,NHLattice,VS+i-run17/17_2,14.00000,5.00000,20.00000,14.00000,14.00000,14.00000
NDA,NHLattice,VS+i-run17/17_20,14.00000,5.00000,20.00000,17.00000,17.00000,14.00000
NDA,NHLattice,VS+i-run17/17_21,16.00000,5.00000,19.00000,19.00000,19.00000,16.00000
NDA,NHLattice,VS+i-run17/17_22,16.00000,5.00000,19.00000,19.00000,19.00000,16.00000
NDA,NHLattice,VS+i-run17/17_23,16.00000,5.00000,19.00000,18.00000,18.00000,16.00000
NDA,NHLattice,VS+i-run17/17_24,16.00000,5.00000,19.00000,18.00000,18.00000,16.00000
NDA,NHLattice,VS+i-run17/17_25,20.00000,6.00000,17.00000,19.00000,20.00000,19.00000
NDA,NHLattice,VS+i-run17/17_26,15.00000,5.00000,19.00000,18.00000,18.00000,15.00000
NDA,NHLattice,VS+i-run17/17_27,16.00000,5.00000,19.00000,18.00000,18.00000,16.00000
NDA,NHLattice,VS+i-run17/17_28,19.00000,6.00000,17.00000,19.00000,19.00000,19.00000
NDA,NHLattice,VS+i-run17/17_29,20.00000,6.00000,17.00000,20.00000,20.00000,20.00000
NDA,NHLattice,VS+i-run17/17_3,14.00000,5.00000,20.00000,14.00000,14.00000,14.00000
NDA,NHLattice,VS+i-run17/17_30,14.00000,5.00000,20.00000,17.00000,17.00000,14.00000
NDA,NHLattice,VS+i-run17/17_4,15.00000,5.00000,20.00000,14.00000,14.00000,15.00000
NDA,NHLattice,VS+i-run17/17_5,15.00000,5.00000,20.00000,14.00000,14.00000,15.00000
NDA,NHLattice,VS+i-run17/17_6,14.00000,5.00000,20.00000,14.00000,14.00000,14.00000
NDA,NHLattice,VS+i-run17/17_7,15.00000,5.00000,20.00000,14.00000,14.00000,15.00000
NDA,NHLattice,VS+i-run17/17_8,15.00000,5.00000,20.00000,14.00000,14.00000,15.00000
NDA,NHLattice,VS+i-run17/17_9,14.00000,5.00000,20.00000,17.00000,14.00000,17.00000
NDA,NHLattice,VS+i-run18/18_1,15.00000,6.00000,21.00000,16.00000,16.00000,15.00000
NDA,NHLattice,VS+i-run18/18_10,14.00000,6.00000,21.00000,16.00000,16.00000,14.00000
NDA,NHLattice,VS+i-run18/18_11,15.00000,6.00000,21.00000,16.00000,16.00000,15.00000
NDA,NHLattice,VS+i-run18/18_12,14.00000,6.00000,21.00000,16.00000,16.00000,14.00000
NDA,NHLattice,VS+i-run18/18_13,15.00000,6.00000,21.00000,16.00000,16.00000,15.00000
NDA,NHLattice,VS+i-run18/18_14,15.00000,6.00000,21.00000,16.00000,16.00000,15.00000
NDA,NHLattice,VS+i-run18/18_15,15.00000,6.00000,21.00000,16.00000,16.00000,15.00000
NDA,NHLattice,VS+i-run18/18_16,12.00000,7.00000,23.00000,11.00000,11.00000,12.00000
NDA,NHLattice,VS+i-run18/18_17,15.00000,7.00000,20.00000,13.00000,15.00000,13.00000
NDA,NHLattice,VS+i-run18/18_18,14.00000,7.00000,21.00000,13.00000,13.00000,14.00000
NDA,NHLattice,VS+i-run18/18_19,13.00000,7.00000,21.00000,13.00000,13.00000,13.00000
NDA,NHLattice,VS+i-run18/18_2,8.00000,10.00000,22.00000,8.00000,8.00000,8.00000
NDA,NHLattice,VS+i-run18/18_20,11.00000,7.00000,23.00000,11.00000,11.00000,11.00000
NDA,NHLattice,VS+i-run18/18_21,8.00000,9.00000,23.00000,8.00000,8.00000,8.00000
NDA,NHLattice,VS+i-run18/18_22,16.00000,7.00000,20.00000,13.00000,13.00000,16.00000
NDA,NHLattice,VS+i-run18/18_23,13.00000,7.00000,21.00000,12.00000,12.00000,13.00000
NDA,NHLattice,VS+i-run18/18_24,14.00000,7.00000,12.00000,21.00000,14.00000,12.00000
NDA,NHLattice,VS+i-run18/18_25,14.00000,7.00000,12.00000,21.00000,14.00000,12.00000
NDA,NHLattice,VS+i-run18/18_26,17.00000,7.00000,20.00000,13.00000,17.00000,13.00000
NDA,NHLattice,VS+i-run18/18_27,11.00000,8.00000,23.00000,10.00000,11.00000,10.00000
NDA,NHLattice,VS+i-run18/18_28,8.00000,9.00000,23.00000,8.00000,8.00000,8.00000
NDA,NHLattice,VS+i-run18/18_29,8.00000,9.00000,23.00000,8.00000,8.00000,8.00000
NDA,NHLattice,VS+i-run18/18_3,15.00000,6.00000,21.00000,16.00000,16.00000,15.00000
NDA,NHLattice,VS+i-run18/18_30,12.00000,8.00000,23.00000,12.00000,12.00000,12.00000
NDA,NHLattice,VS+i-run18/18_4,14.00000,6.00000,21.00000,16.00000,16.00000,14.00000
NDA,NHLattice,VS+i-run18/18_5,14.00000,7.00000,20.00000,13.00000,14.00000,13.00000
NDA,NHLattice,VS+i-run18/18_6,14.00000,6.00000,21.00000,16.00000,16.00000,14.00000
NDA,NHLattice,VS+i-run18/18_7,15.00000,6.00000,21.00000,16.00000,16.00000,15.00000
NDA,NHLattice,VS+i-run18/18_8,14.00000,7.00000,21.00000,12.00000,12.00000,14.00000
NDA,NHLattice,VS+i-run18/18_9,14.00000,6.00000,21.00000,16.00000,16.00000,14.00000
NDA,NHLattice,VS+i-run19/19_1,10.00000,10.00000,22.00000,8.00000,10.00000,8.00000
NDA,NHLattice,VS+i-run19/19_10,10.00000,10.00000,22.00000,8.00000,10.00000,8.00000
NDA,NHLattice,VS+i-run19/19_11,10.00000,10.00000,22.00000,8.00000,10.00000,8.00000
NDA,NHLattice,VS+i-run19/19_12,9.00000,10.00000,22.00000,8.00000,9.00000,8.00000
NDA,NHLattice,VS+i-run19/19_13,10.00000,10.00000,22.00000,8.00000,10.00000,8.00000
NDA,NHLattice,VS+i-run19/19_14,13.00000,8.00000,21.00000,12.00000,12.00000,13.00000
NDA,NHLattice,VS+i-run19/19_15,11.00000,7.00000,22.00000,12.00000,12.00000,11.00000
NDA,NHLattice,VS+i-run19/19_16,10.00000,10.00000,22.00000,8.00000,10.00000,8.00000
NDA,NHLattice,VS+i-run19/19_17,10.00000,10.00000,22.00000,8.00000,10.00000,8.00000
NDA,NHLattice,VS+i-run19/19_18,13.00000,8.00000,21.00000,12.00000,13.00000,12.00000
NDA,NHLattice,VS+i-run19/19_19,13.00000,8.00000,21.00000,12.00000,12.00000,13.00000
NDA,NHLattice,VS+i-run19/19_2,9.00000,10.00000,22.00000,8.00000,9.00000,8.00000
NDA,NHLattice,VS+i-run19/19_20,13.00000,8.00000,21.00000,12.00000,12.00000,13.00000
NDA,NHLattice,VS+i-run19/19_21,9.00000,10.00000,23.00000,10.00000,9.00000,10.00000
NDA,NHLattice,VS+i-run19/19_22,11.00000,7.00000,22.00000,12.00000,11.00000,12.00000
NDA,NHLattice,VS+i-run19/19_23,11.00000,7.00000,22.00000,12.00000,11.00000,12.00000
NDA,NHLattice,VS+i-run19/19_24,11.00000,7.00000,22.00000,12.00000,12.00000,11.00000
NDA,NHLattice,VS+i-run19/19_25,11.00000,7.00000,22.00000,12.00000,12.00000,11.00000
NDA,NHLattice,VS+i-run19/19_26,11.00000,9.00000,21.00000,11.00000,11.00000,11.00000
NDA,NHLattice,VS+i-run19/19_27,10.00000,7.00000,22.00000,12.00000,10.00000,12.00000
NDA,NHLattice,VS+i-run19/19_28,11.00000,7.00000,22.00000,12.00000,12.00000,11.00000
NDA,NHLattice,VS+i-run19/19_29,11.00000,7.00000,22.00000,12.00000,12.00000,11.00000
NDA,NHLattice,VS+i-run19/19_3,9.00000,10.00000,22.00000,8.00000,9.00000,8.00000
NDA,NHLattice,VS+i-run19/19_30,11.00000,7.00000,22.00000,12.00000,12.00000,11.00000
NDA,NHLattice,VS+i-run19/19_4,10.00000,10.00000,22.00000,8.00000,10.00000,8.00000
NDA,NHLattice,VS+i-run19/19_5,10.00000,10.00000,22.00000,8.00000,10.00000,8.00000
NDA,NHLattice,VS+i-run19/19_6,10.00000,10.00000,22.00000,8.00000,10.00000,8.00000
NDA,NHLattice,VS+i-run19/19_7,9.00000,10.00000,22.00000,8.00000,9.00000,8.00000
NDA,NHLattice,VS+i-run19/19_8,10.00000,10.00000,22.00000,8.00000,10.00000,8.00000
NDA,NHLattice,VS+i-run19/19_9,10.00000,10.00000,22.00000,8.00000,10.00000,8.00000
NDA,NHLattice,VS+i-run2/2_1,18.00000,5.00000,19.00000,17.00000,17.00000,18.00000
NDA,NHLattice,VS+i-run2/2_10,18.00000,5.00000,19.00000,17.00000,17.00000,18.00000
NDA,NHLattice,VS+i-run2/2_11,18.00000,5.00000,19.00000,17.00000,17.00000,18.00000
NDA,NHLattice,VS+i-run2/2_12,17.00000,5.00000,19.00000,17.00000,17.00000,17.00000
NDA,NHLattice,VS+i-run2/2_13,17.00000,5.00000,19.00000,17.00000,17.00000,17.00000
NDA,NHLattice,VS+i-run2/2_14,17.00000,5.00000,19.00000,17.00000,17.00000,17.00000
NDA,NHLattice,VS+i-run2/2_15,17.00000,5.00000,20.00000,16.00000,16.00000,17.00000
NDA,NHLattice,VS+i-run2/2_16,13.00000,10.00000,18.00000,12.00000,13.00000,12.00000
NDA,NHLattice,VS+i-run2/2_17,17.00000,5.00000,19.00000,17.00000,17.00000,17.00000
NDA,NHLattice,VS+i-run2/2_18,18.00000,5.00000,19.00000,17.00000,17.00000,18.00000
NDA,NHLattice,VS+i-run2/2_19,17.00000,5.00000,19.00000,17.00000,17.00000,17.00000
NDA,NHLattice,VS+i-run2/2_2,17.00000,5.00000,19.00000,17.00000,17.00000,17.00000
NDA,NHLattice,VS+i-run2/2_20,14.00000,7.00000,21.00000,15.00000,15.00000,14.00000
NDA,NHLattice,VS+i-run2/2_21,18.00000,5.00000,19.00000,17.00000,17.00000,18.00000
NDA,NHLattice,VS+i-run2/2_22,16.00000,5.00000,20.00000,16.00000,16.00000,16.00000
NDA,NHLattice,VS+i-run2/2_23,16.00000,5.00000,20.00000,16.00000,16.00000,16.00000
NDA,NHLattice,VS+i-run2/2_24,17.00000,5.00000,20.00000,16.00000,17.00000,16.00000
NDA,NHLattice,VS+i-run2/2_25,17.00000,5.00000,20.00000,16.00000,16.00000,17.00000
NDA,NHLattice,VS+i-run2/2_26,16.00000,5.00000,20.00000,16.00000,16.00000,16.00000
NDA,NHLattice,VS+i-run2/2_27,16.00000,5.00000,20.00000,16.00000,16.00000,16.00000
NDA,NHLattice,VS+i-run2/2_28,17.00000,5.00000,20.00000,16.00000,16.00000,17.00000
NDA,NHLattice,VS+i-run2/2_29,17.00000,5.00000,20.00000,16.00000,16.00000,17.00000
NDA,NHLattice,VS+i-run2/2_3,18.00000,5.00000,19.00000,17.00000,17.00000,18.00000
NDA,NHLattice,VS+i-run2/2_30,17.00000,5.00000,20.00000,16.00000,16.00000,17.00000
NDA,NHLattice,VS+i-run2/2_4,17.00000,5.00000,19.00000,17.00000,17.00000,17.00000
NDA,NHLattice,VS+i-run2/2_5,17.00000,5.00000,19.00000,17.00000,17.00000,17.00000
NDA,NHLattice,VS+i-run2/2_6,18.00000,5.00000,17.00000,19.00000,18.00000,17.00000
NDA,NHLattice,VS+i-run2/2_7,18.00000,5.00000,19.00000,17.00000,17.00000,18.00000
NDA,NHLattice,VS+i-run2/2_8,18.00000,5.00000,19.00000,17.00000,17.00000,18.00000
NDA,NHLattice,VS+i-run2/2_9,18.00000,5.00000,18.00000,19.00000,18.00000,19.00000
NDA,NHLattice,VS+i-run20/20_1,14.00000,10.00000,15.00000,19.00000,14.00000,15.00000
NDA,NHLattice,VS+i-run20/20_10,14.00000,10.00000,15.00000,19.00000,14.00000,15.00000
NDA,NHLattice,VS+i-run20/20_11,14.00000,10.00000,15.00000,19.00000,14.00000,15.00000
NDA,NHLattice,VS+i-run20/20_12,13.00000,10.00000,15.00000,19.00000,13.00000,15.00000
NDA,NHLattice,VS+i-run20/20_13,14.00000,10.00000,15.00000,19.00000,14.00000,15.00000
NDA,NHLattice,VS+i-run20/20_14,14.00000,10.00000,15.00000,19.00000,14.00000,15.00000
NDA,NHLattice,VS+i-run20/20_15,13.00000,10.00000,15.00000,19.00000,13.00000,15.00000
NDA,NHLattice,VS+i-run20/20_16,14.00000,10.00000,19.00000,15.00000,14.00000,15.00000
NDA,NHLattice,VS+i-run20/20_17,14.00000,10.00000,15.00000,19.00000,14.00000,15.00000
NDA,NHLattice,VS+i-run20/20_18,19.00000,7.00000,17.00000,18.00000,19.00000,18.00000
NDA,NHLattice,VS+i-run20/20_19,20.00000,7.00000,17.00000,18.00000,20.00000,18.00000
NDA,NHLattice,VS+i-run20/20_2,13.00000,10.00000,19.00000,15.00000,15.00000,13.00000
NDA,NHLattice,VS+i-run20/20_20,19.00000,7.00000,17.00000,18.00000,19.00000,18.00000
NDA,NHLattice,VS+i-run20/20_21,20.00000,7.00000,17.00000,18.00000,20.00000,18.00000
NDA,NHLattice,VS+i-run20/20_22,14.00000,11.00000,19.00000,14.00000,14.00000,14.00000
NDA,NHLattice,VS+i-run20/20_23,14.00000,7.00000,21.00000,13.00000,13.00000,14.00000
NDA,NHLattice,VS+i-run20/20_24,11.00000,9.00000,22.00000,13.00000,13.00000,11.00000
NDA,NHLattice,VS+i-run20/20_25,13.00000,11.00000,19.00000,14.00000,14.00000,13.00000
NDA,NHLattice,VS+i-run20/20_26,13.00000,7.00000,21.00000,13.00000,13.00000,13.00000
NDA,NHLattice,VS+i-run20/20_27,6.00000,14.00000,22.00000,6.00000,6.00000,6.00000
NDA,NHLattice,VS+i-run20/20_28,13.00000,9.00000,21.00000,12.00000,13.00000,12.00000
NDA,NHLattice,VS+i-run20/20_29,14.00000,11.00000,19.00000,14.00000,14.00000,14.00000
NDA,NHLattice,VS+i-run20/20_3,14.00000,10.00000,15.00000,19.00000,14.00000,15.00000
NDA,NHLattice,VS+i-run20/20_30,14.00000,11.00000,19.00000,14.00000,14.00000,14.00000
NDA,NHLattice,VS+i-run20/20_4,19.00000,7.00000,17.00000,18.00000,19.00000,18.00000
NDA,NHLattice,VS+i-run20/20_5,13.00000,10.00000,15.00000,19.00000,13.00000,15.00000
NDA,NHLattice,VS+i-run20/20_6,11.00000,9.00000,22.00000,13.00000,13.00000,11.00000
NDA,NHLattice,VS+i-run20/20_7,14.00000,10.00000,15.00000,19.00000,14.00000,15.00000
NDA,NHLattice,VS+i-run20/20_8,14.00000,10.00000,15.00000,19.00000,14.00000,15.00000
NDA,NHLattice,VS+i-run20/20_9,13.00000,10.00000,15.00000,19.00000,13.00000,15.00000
NDA,NHLattice,VS+i-run3/3_1,19.00000,5.00000,19.00000,18.00000,19.00000,19.00000
NDA,NHLattice,VS+i-run3/3_10,15.00000,7.00000,21.00000,14.00000,15.00000,14.00000
NDA,NHLattice,VS+i-run3/3_11,15.00000,7.00000,21.00000,14.00000,15.00000,14.00000
NDA,NHLattice,VS+i-run3/3_12,16.00000,7.00000,13.00000,19.00000,16.00000,13.00000
NDA,NHLattice,VS+i-run3/3_13,15.00000,8.00000,20.00000,14.00000,15.00000,14.00000
NDA,NHLattice,VS+i-run3/3_14,17.00000,7.00000,20.00000,16.00000,17.00000,16.00000
NDA,NHLattice,VS+i-run3/3_15,22.00000,6.00000,12.00000,23.00000,23.00000,22.00000
NDA,NHLattice,VS+i-run3/3_16,15.00000,7.00000,21.00000,14.00000,15.00000,14.00000
NDA,NHLattice,VS+i-run3/3_17,16.00000,7.00000,20.00000,15.00000,16.00000,15.00000
NDA,NHLattice,VS+i-run3/3_18,16.00000,7.00000,20.00000,16.00000,16.00000,16.00000
NDA,NHLattice,VS+i-run3/3_19,15.00000,7.00000,21.00000,14.00000,15.00000,14.00000
NDA,NHLattice,VS+i-run3/3_2,19.00000,5.00000,18.00000,19.00000,19.00000,19.00000
NDA,NHLattice,VS+i-run3/3_20,20.00000,4.00000,19.00000,15.00000,20.00000,19.00000
NDA,NHLattice,VS+i-run3/3_21,16.00000,7.00000,13.00000,19.00000,16.00000,13.00000
NDA,NHLattice,VS+i-run3/3_22,17.00000,7.00000,20.00000,16.00000,17.00000,16.00000
NDA,NHLattice,VS+i-run3/3_23,26.00000,4.00000,11.00000,24.00000,24.00000,26.00000
NDA,NHLattice,VS+i-run3/3_24,16.00000,7.00000,20.00000,15.00000,16.00000,15.00000
NDA,NHLattice,VS+i-run3/3_25,16.00000,7.00000,20.00000,16.00000,16.00000,16.00000
NDA,NHLattice,VS+i-run3/3_26,17.00000,7.00000,20.00000,16.00000,17.00000,16.00000
NDA,NHLattice,VS+i-run3/3_27,17.00000,7.00000,20.00000,16.00000,17.00000,16.00000
NDA,NHLattice,VS+i-run3/3_28,16.00000,7.00000,13.00000,19.00000,16.00000,13.00000
NDA,NHLattice,VS+i-run3/3_29,17.00000,7.00000,20.00000,16.00000,17.00000,16.00000
NDA,NHLattice,VS+i-run3/3_3,21.00000,5.00000,14.00000,21.00000,21.00000,21.00000
NDA,NHLattice,VS+i-run3/3_30,22.00000,6.00000,12.00000,23.00000,23.00000,22.00000
NDA,NHLattice,VS+i-run3/3_4,19.00000,5.00000,18.00000,19.00000,19.00000,19.00000
NDA,NHLattice,VS+i-run3/3_5,15.00000,8.00000,20.00000,14.00000,15.00000,14.00000
NDA,NHLattice,VS+i-run3/3_6,20.00000,5.00000,18.00000,19.00000,19.00000,20.00000
NDA,NHLattice,VS+i-run3/3_7,19.00000,5.00000,18.00000,19.00000,19.00000,19.00000
NDA,NHLattice,VS+i-run3/3_8,13.00000,4.00000,12.00000,22.00000,13.00000,12.00000
NDA,NHLattice,VS+i-run3/3_9,21.00000,5.00000,21.00000,14.00000,21.00000,21.00000
NDA,NHLattice,VS+i-run4/4_1,22.00000,4.00000,20.00000,16.00000,20.00000,22.00000
NDA,NHLattice,VS+i-run4/4_10,18.00000,4.00000,17.00000,16.00000,18.00000,16.00000
NDA,NHLattice,VS+i-run4/4_11,21.00000,5.00000,15.00000,22.00000,22.00000,21.00000
NDA,NHLattice,VS+i-run4/4_12,21.00000,4.00000,15.00000,23.00000,21.00000,23.00000
NDA,NHLattice,VS+i-run4/4_13,21.00000,4.00000,15.00000,23.00000,21.00000,23.00000
NDA,NHLattice,VS+i-run4/4_14,22.00000,4.00000,15.00000,23.00000,22.00000,23.00000
NDA,NHLattice,VS+i-run4/4_15,25.00000,4.00000,12.00000,24.00000,24.00000,25.00000
NDA,NHLattice,VS+i-run4/4_16,22.00000,4.00000,15.00000,23.00000,22.00000,23.00000
NDA,NHLattice,VS+i-run4/4_17,22.00000,4.00000,15.00000,23.00000,22.00000,23.00000
NDA,NHLattice,VS+i-run4/4_18,16.00000,4.00000,18.00000,16.00000,16.00000,16.00000
NDA,NHLattice,VS+i-run4/4_19,21.00000,4.00000,23.00000,15.00000,21.00000,23.00000
NDA,NHLattice,VS+i-run4/4_2,22.00000,4.00000,20.00000,16.00000,20.00000,22.00000
NDA,NHLattice,VS+i-run4/4_20,21.00000,4.00000,15.00000,23.00000,21.00000,23.00000
NDA,NHLattice,VS+i-run4/4_21,22.00000,4.00000,15.00000,23.00000,22.00000,23.00000
NDA,NHLattice,VS+i-run4/4_22,22.00000,4.00000,15.00000,23.00000,22.00000,23.00000
NDA,NHLattice,VS+i-run4/4_23,22.00000,4.00000,15.00000,23.00000,22.00000,23.00000
NDA,NHLattice,VS+i-run4/4_24,21.00000,4.00000,15.00000,23.00000,21.00000,23.00000
NDA,NHLattice,VS+i-run4/4_25,21.00000,4.00000,15.00000,23.00000,21.00000,23.00000
NDA,NHLattice,VS+i-run4/4_26,20.00000,4.00000,19.00000,16.00000,20.00000,19.00000
NDA,NHLattice,VS+i-run4/4_27,16.00000,4.00000,18.00000,16.00000,16.00000,16.00000
NDA,NHLattice,VS+i-run4/4_28,15.00000,4.00000,18.00000,16.00000,15.00000,16.00000
NDA,NHLattice,VS+i-run4/4_29,16.00000,4.00000,18.00000,16.00000,16.00000,16.00000
NDA,NHLattice,VS+i-run4/4_3,21.00000,4.00000,16.00000,20.00000,21.00000,20.00000
NDA,NHLattice,VS+i-run4/4_30,16.00000,4.00000,18.00000,16.00000,16.00000,16.00000
NDA,NHLattice,VS+i-run4/4_4,22.00000,4.00000,20.00000,16.00000,20.00000,22.00000
NDA,NHLattice,VS+i-run4/4_5,22.00000,4.00000,16.00000,20.00000,22.00000,20.00000
NDA,NHLattice,VS+i-run4/4_6,21.00000,5.00000,15.00000,22.00000,22.00000,21.00000
NDA,NHLattice,VS+i-run4/4_7,21.00000,4.00000,15.00000,23.00000,21.00000,23.00000
NDA,NHLattice,VS+i-run4/4_8,21.00000,4.00000,20.00000,16.00000,20.00000,21.00000
NDA,NHLattice,VS+i-run4/4_9,21.00000,4.00000,20.00000,16.00000,20.00000,21.00000
NDA,NHLattice,VS+i-run5/5_1,11.00000,6.00000,23.00000,11.00000,11.00000,11.00000
NDA,NHLattice,VS+i-run5/5_10,13.00000,6.00000,22.00000,13.00000,13.00000,13.00000
NDA,NHLattice,VS+i-run5/5_11,12.00000,6.00000,22.00000,13.00000,12.00000,13.00000
NDA,NHLattice,VS+i-run5/5_12,13.00000,6.00000,22.00000,13.00000,13.00000,13.00000
NDA,NHLattice,VS+i-run5/5_13,13.00000,6.00000,22.00000,13.00000,13.00000,13.00000
NDA,NHLattice,VS+i-run5/5_14,13.00000,6.00000,22.00000,13.00000,13.00000,13.00000
NDA,NHLattice,VS+i-run5/5_15,9.00000,7.00000,23.00000,9.00000,9.00000,9.00000
NDA,NHLattice,VS+i-run5/5_16,13.00000,6.00000,22.00000,13.00000,13.00000,13.00000
NDA,NHLattice,VS+i-run5/5_17,13.00000,6.00000,22.00000,13.00000,13.00000,13.00000
NDA,NHLattice,VS+i-run5/5_18,13.00000,6.00000,22.00000,13.00000,13.00000,13.00000
NDA,NHLattice,VS+i-run5/5_19,12.00000,6.00000,22.00000,13.00000,12.00000,13.00000
NDA,NHLattice,VS+i-run5/5_2,11.00000,6.00000,23.00000,11.00000,11.00000,11.00000
NDA,NHLattice,VS+i-run5/5_20,13.00000,6.00000,22.00000,13.00000,13.00000,13.00000
NDA,NHLattice,VS+i-run5/5_21,12.00000,6.00000,22.00000,13.00000,12.00000,13.00000
NDA,NHLattice,VS+i-run5/5_22,18.00000,3.00000,18.00000,17.00000,17.00000,18.00000
NDA,NHLattice,VS+i-run5/5_23,12.00000,8.00000,21.00000,12.00000,12.00000,12.00000
NDA,NHLattice,VS+i-run5/5_24,16.00000,6.00000,18.00000,15.00000,16.00000,15.00000
NDA,NHLattice,VS+i-run5/5_25,9.00000,8.00000,22.00000,9.00000,9.00000,9.00000
NDA,NHLattice,VS+i-run5/5_26,18.00000,6.00000,17.00000,16.00000,18.00000,16.00000
NDA,NHLattice,VS+i-run5/5_27,18.00000,5.00000,17.00000,17.00000,18.00000,17.00000
NDA,NHLattice,VS+i-run5/5_28,12.00000,6.00000,22.00000,13.00000,12.00000,13.00000
NDA,NHLattice,VS+i-run5/5_29,11.00000,8.00000,22.00000,11.00000,11.00000,11.00000
NDA,NHLattice,VS+i-run5/5_3,12.00000,6.00000,22.00000,12.00000,12.00000,12.00000
NDA,NHLattice,VS+i-run5/5_30,18.00000,6.00000,17.00000,17.00000,18.00000,17.00000
NDA,NHLattice,VS+i-run5/5_4,11.00000,10.00000,21.00000,11.00000,11.00000,11.00000
NDA,NHLattice,VS+i-run5/5_5,13.00000,6.00000,22.00000,13.00000,13.00000,13.00000
NDA,NHLattice,VS+i-run5/5_6,13.00000,6.00000,22.00000,13.00000,13.00000,13.00000
NDA,NHLattice,VS+i-run5/5_7,13.00000,6.00000,22.00000,13.00000,13.00000,13.00000
NDA,NHLattice,VS+i-run5/5_8,11.00000,8.00000,22.00000,11.00000,11.00000,11.00000
NDA,NHLattice,VS+i-run5/5_9,17.00000,6.00000,17.00000,16.00000,17.00000,16.00000
NDA,NHLattice,VS+i-run6/6_1,15.00000,8.00000,15.00000,18.00000,15.00000,15.00000
NDA,NHLattice,VS+i-run6/6_10,15.00000,7.00000,20.00000,14.00000,15.00000,14.00000
NDA,NHLattice,VS+i-run6/6_11,11.00000,8.00000,11.00000,20.00000,11.00000,11.00000
NDA,NHLattice,VS+i-run6/6_12,17.00000,7.00000,19.00000,19.00000,17.00000,19.00000
NDA,NHLattice,VS+i-run6/6_13,12.00000,7.00000,10.00000,22.00000,12.00000,10.00000
NDA,NHLattice,VS+i-run6/6_14,12.00000,11.00000,13.00000,19.00000,12.00000,13.00000
NDA,NHLattice,VS+i-run6/6_15,9.00000,7.00000,9.00000,24.00000,9.00000,9.00000
NDA,NHLattice,VS+i-run6/6_16,9.00000,8.00000,9.00000,22.00000,9.00000,9.00000
NDA,NHLattice,VS+i-run6/6_17,9.00000,7.00000,9.00000,23.00000,9.00000,9.00000
NDA,NHLattice,VS+i-run6/6_18,11.00000,7.00000,10.00000,22.00000,11.00000,10.00000
NDA,NHLattice,VS+i-run6/6_19,10.00000,7.00000,11.00000,22.00000,10.00000,11.00000
NDA,NHLattice,VS+i-run6/6_2,15.00000,7.00000,15.00000,19.00000,15.00000,15.00000
NDA,NHLattice,VS+i-run6/6_20,11.00000,7.00000,10.00000,22.00000,11.00000,10.00000
NDA,NHLattice,VS+i-run6/6_21,9.00000,7.00000,9.00000,23.00000,9.00000,9.00000
NDA,NHLattice,VS+i-run6/6_22,11.00000,7.00000,11.00000,22.00000,11.00000,11.00000
NDA,NHLattice,VS+i-run6/6_23,11.00000,7.00000,11.00000,22.00000,11.00000,11.00000
NDA,NHLattice,VS+i-run6/6_24,11.00000,7.00000,10.00000,22.00000,11.00000,10.00000
NDA,NHLattice,VS+i-run6/6_25,11.00000,7.00000,11.00000,22.00000,11.00000,11.00000
NDA,NHLattice,VS+i-run6/6_26,11.00000,7.00000,22.00000,10.00000,11.00000,10.00000
NDA,NHLattice,VS+i-run6/6_27,11.00000,7.00000,21.00000,11.00000,11.00000,11.00000
NDA,NHLattice,VS+i-run6/6_28,18.00000,5.00000,17.00000,19.00000,18.00000,19.00000
NDA,NHLattice,VS+i-run6/6_29,12.00000,9.00000,13.00000,20.00000,12.00000,13.00000
NDA,NHLattice,VS+i-run6/6_3,16.00000,7.00000,16.00000,18.00000,16.00000,16.00000
NDA,NHLattice,VS+i-run6/6_30,17.00000,7.00000,16.00000,18.00000,17.00000,16.00000
NDA,NHLattice,VS+i-run6/6_4,15.00000,7.00000,15.00000,19.00000,15.00000,15.00000
NDA,NHLattice,VS+i-run6/6_5,14.00000,4.00000,15.00000,21.00000,14.00000,15.00000
NDA,NHLattice,VS+i-run6/6_6,11.00000,7.00000,22.00000,11.00000,11.00000,11.00000
NDA,NHLattice,VS+i-run6/6_7,17.00000,7.00000,19.00000,19.00000,17.00000,19.00000
NDA,NHLattice,VS+i-run6/6_8,10.00000,7.00000,9.00000,23.00000,10.00000,9.00000
NDA,NHLattice,VS+i-run6/6_9,19.00000,5.00000,20.00000,18.00000,19.00000,20.00000
NDA,NHLattice,VS+i-run7/7_1,15.00000,6.00000,16.00000,20.00000,15.00000,16.00000
NDA,NHLattice,VS+i-run7/7_10,15.00000,6.00000,16.00000,20.00000,15.00000,16.00000
NDA,NHLattice,VS+i-run7/7_11,21.00000,7.00000,15.00000,20.00000,20.00000,21.00000
NDA,NHLattice,VS+i-run7/7_12,14.00000,6.00000,20.00000,16.00000,16.00000,14.00000
NDA,NHLattice,VS+i-run7/7_13,15.00000,6.00000,20.00000,16.00000,15.00000,16.00000
NDA,NHLattice,VS+i-run7/7_14,15.00000,6.00000,20.00000,16.00000,15.00000,16.00000
NDA,NHLattice,VS+i-run7/7_15,15.00000,6.00000,20.00000,16.00000,15.00000,16.00000
NDA,NHLattice,VS+i-run7/7_16,15.00000,6.00000,20.00000,16.00000,15.00000,16.00000
NDA,NHLattice,VS+i-run7/7_17,14.00000,6.00000,20.00000,16.00000,14.00000,16.00000
NDA,NHLattice,VS+i-run7/7_18,15.00000,6.00000,20.00000,16.00000,16.00000,15.00000
NDA,NHLattice,VS+i-run7/7_19,15.00000,6.00000,20.00000,16.00000,16.00000,15.00000
NDA,NHLattice,VS+i-run7/7_2,14.00000,6.00000,20.00000,16.00000,16.00000,14.00000
NDA,NHLattice,VS+i-run7/7_20,10.00000,9.00000,13.00000,20.00000,10.00000,13.00000
NDA,NHLattice,VS+i-run7/7_21,15.00000,6.00000,20.00000,16.00000,16.00000,15.00000
NDA,NHLattice,VS+i-run7/7_22,15.00000,6.00000,20.00000,16.00000,16.00000,15.00000
NDA,NHLattice,VS+i-run7/7_23,12.00000,7.00000,21.00000,13.00000,13.00000,12.00000
NDA,NHLattice,VS+i-run7/7_24,12.00000,7.00000,21.00000,13.00000,13.00000,12.00000
NDA,NHLattice,VS+i-run7/7_25,12.00000,7.00000,21.00000,13.00000,13.00000,12.00000
NDA,NHLattice,VS+i-run7/7_26,11.00000,7.00000,21.00000,13.00000,13.00000,11.00000
NDA,NHLattice,VS+i-run7/7_27,11.00000,7.00000,21.00000,13.00000,13.00000,11.00000
NDA,NHLattice,VS+i-run7/7_28,12.00000,7.00000,21.00000,13.00000,13.00000,12.00000
NDA,NHLattice,VS+i-run7/7_29,12.00000,7.00000,21.00000,13.00000,13.00000,12.00000
NDA,NHLattice,VS+i-run7/7_3,12.00000,7.00000,21.00000,13.00000,12.00000,13.00000
NDA,NHLattice,VS+i-run7/7_30,12.00000,7.00000,21.00000,13.00000,13.00000,12.00000
NDA,NHLattice,VS+i-run7/7_4,9.00000,9.00000,12.00000,22.00000,9.00000,12.00000
NDA,NHLattice,VS+i-run7/7_5,15.00000,6.00000,20.00000,16.00000,15.00000,16.00000
NDA,NHLattice,VS+i-run7/7_6,10.00000,7.00000,23.00000,12.00000,10.00000,12.00000
NDA,NHLattice,VS+i-run7/7_7,14.00000,6.00000,20.00000,16.00000,14.00000,16.00000
NDA,NHLattice,VS+i-run7/7_8,14.00000,6.00000,16.00000,20.00000,14.00000,16.00000
NDA,NHLattice,VS+i-run7/7_9,14.00000,6.00000,20.00000,16.00000,16.00000,14.00000
NDA,NHLattice,VS+i-run8/8_1,24.00000,6.00000,20.00000,12.00000,24.00000,20.00000
NDA,NHLattice,VS+i-run8/8_10,16.00000,9.00000,17.00000,16.00000,16.00000,16.00000
NDA,NHLattice,VS+i-run8/8_11,23.00000,6.00000,19.00000,13.00000,23.00000,19.00000
NDA,NHLattice,VS+i-run8/8_12,22.00000,6.00000,19.00000,13.00000,22.00000,19.00000
NDA,NHLattice,VS+i-run8/8_13,22.00000,6.00000,19.00000,13.00000,22.00000,19.00000
NDA,NHLattice,VS+i-run8/8_14,22.00000,6.00000,19.00000,13.00000,22.00000,19.00000
NDA,NHLattice,VS+i-run8/8_15,22.00000,6.00000,19.00000,13.00000,22.00000,19.00000
NDA,NHLattice,VS+i-run8/8_16,22.00000,6.00000,19.00000,13.00000,22.00000,19.00000
NDA,NHLattice,VS+i-run8/8_17,23.00000,6.00000,19.00000,13.00000,23.00000,19.00000
NDA,NHLattice,VS+i-run8/8_18,23.00000,6.00000,13.00000,19.00000,23.00000,19.00000
NDA,NHLattice,VS+i-run8/8_19,17.00000,9.00000,16.00000,17.00000,17.00000,16.00000
NDA,NHLattice,VS+i-run8/8_2,24.00000,6.00000,20.00000,12.00000,24.00000,20.00000
NDA,NHLattice,VS+i-run8/8_20,17.00000,9.00000,17.00000,16.00000,17.00000,16.00000
NDA,NHLattice,VS+i-run8/8_21,16.00000,9.00000,17.00000,16.00000,16.00000,16.00000
NDA,NHLattice,VS+i-run8/8_22,17.00000,9.00000,17.00000,16.00000,16.00000,17.00000
NDA,NHLattice,VS+i-run8/8_23,17.00000,9.00000,17.00000,16.00000,17.00000,16.00000
NDA,NHLattice,VS+i-run8/8_24,16.00000,5.00000,19.00000,14.00000,16.00000,14.00000
NDA,NHLattice,VS+i-run8/8_25,13.00000,7.00000,19.00000,14.00000,14.00000,13.00000
NDA,NHLattice,VS+i-run8/8_26,22.00000,6.00000,19.00000,13.00000,22.00000,19.00000
NDA,NHLattice,VS+i-run8/8_27,18.00000,5.00000,18.00000,16.00000,18.00000,16.00000
NDA,NHLattice,VS+i-run8/8_28,18.00000,5.00000,18.00000,16.00000,18.00000,16.00000
NDA,NHLattice,VS+i-run8/8_29,14.00000,11.00000,15.00000,17.00000,14.00000,15.00000
NDA,NHLattice,VS+i-run8/8_3,25.00000,6.00000,20.00000,12.00000,25.00000,20.00000
NDA,NHLattice,VS+i-run8/8_30,14.00000,7.00000,19.00000,14.00000,14.00000,14.00000
NDA,NHLattice,VS+i-run8/8_4,24.00000,6.00000,12.00000,20.00000,20.00000,24.00000
NDA,NHLattice,VS+i-run8/8_5,24.00000,6.00000,12.00000,20.00000,20.00000,24.00000
NDA,NHLattice,VS+i-run8/8_6,22.00000,6.00000,19.00000,13.00000,22.00000,19.00000
NDA,NHLattice,VS+i-run8/8_7,22.00000,6.00000,19.00000,13.00000,22.00000,19.00000
NDA,NHLattice,VS+i-run8/8_8,23.00000,6.00000,19.00000,13.00000,23.00000,19.00000
NDA,NHLattice,VS+i-run8/8_9,22.00000,6.00000,19.00000,13.00000,22.00000,19.00000
NDA,NHLattice,VS+i-run9/9_1,12.00000,8.00000,20.00000,14.00000,14.00000,12.00000
NDA,NHLattice,VS+i-run9/9_10,13.00000,8.00000,20.00000,14.00000,14.00000,13.00000
NDA,NHLattice,VS+i-run9/9_11,13.00000,8.00000,20.00000,14.00000,14.00000,13.00000
NDA,NHLattice,VS+i-run9/9_12,13.00000,8.00000,14.00000,20.00000,14.00000,13.00000
NDA,NHLattice,VS+i-run9/9_13,12.00000,8.00000,20.00000,14.00000,14.00000,12.00000
NDA,NHLattice,VS+i-run9/9_14,13.00000,8.00000,20.00000,14.00000,13.00000,14.00000
NDA,NHLattice,VS+i-run9/9_15,13.00000,8.00000,20.00000,14.00000,14.00000,13.00000
NDA,NHLattice,VS+i-run9/9_16,14.00000,8.00000,20.00000,14.00000,14.00000,14.00000
NDA,NHLattice,VS+i-run9/9_17,10.00000,8.00000,21.00000,11.00000,10.00000,11.00000
NDA,NHLattice,VS+i-run9/9_18,10.00000,8.00000,22.00000,11.00000,10.00000,11.00000
NDA,NHLattice,VS+i-run9/9_19,12.00000,8.00000,20.00000,13.00000,12.00000,13.00000
NDA,NHLattice,VS+i-run9/9_2,12.00000,8.00000,20.00000,14.00000,12.00000,14.00000
NDA,NHLattice,VS+i-run9/9_20,10.00000,8.00000,22.00000,11.00000,10.00000,11.00000
NDA,NHLattice,VS+i-run9/9_21,12.00000,8.00000,20.00000,13.00000,12.00000,13.00000
NDA,NHLattice,VS+i-run9/9_22,10.00000,8.00000,22.00000,11.00000,10.00000,11.00000
NDA,NHLattice,VS+i-run9/9_23,11.00000,8.00000,20.00000,12.00000,12.00000,11.00000
NDA,NHLattice,VS+i-run9/9_24,11.00000,8.00000,20.00000,12.00000,11.00000,12.00000
NDA,NHLattice,VS+i-run9/9_25,12.00000,8.00000,20.00000,13.00000,12.00000,13.00000
NDA,NHLattice,VS+i-run9/9_26,12.00000,8.00000,20.00000,13.00000,12.00000,13.00000
NDA,NHLattice,VS+i-run9/9_27,14.00000,8.00000,20.00000,14.00000,14.00000,14.00000
NDA,NHLattice,VS+i-run9/9_28,12.00000,8.00000,20.00000,13.00000,12.00000,13.00000
NDA,NHLattice,VS+i-run9/9_29,10.00000,8.00000,21.00000,11.00000,10.00000,11.00000
NDA,NHLattice,VS+i-run9/9_3,13.00000,8.00000,20.00000,14.00000,14.00000,13.00000
NDA,NHLattice,VS+i-run9/9_30,10.00000,8.00000,21.00000,11.00000,10.00000,11.00000
NDA,NHLattice,VS+i-run9/9_4,13.00000,8.00000,20.00000,14.00000,14.00000,13.00000
NDA,NHLattice,VS+i-run9/9_5,13.00000,8.00000,20.00000,14.00000,14.00000,13.00000
NDA,NHLattice,VS+i-run9/9_6,13.00000,8.00000,14.00000,20.00000,14.00000,13.00000
NDA,NHLattice,VS+i-run9/9_7,10.00000,9.00000,20.00000,11.00000,10.00000,11.00000
NDA,NHLattice,VS+i-run9/9_8,13.00000,8.00000,20.00000,14.00000,14.00000,13.00000
NDA,NHLattice,VS+i-run9/9_9,12.00000,8.00000,20.00000,14.00000,12.00000,14.00000
