NDC,Model,VS+i-run1/1_1,0.20000,0.43334,0.46667,0.70000,0.46667,0.43334
NDC,Model,VS+i-run1/1_10,0.20000,0.40000,0.46667,0.70000,0.46667,0.40000
NDC,Model,VS+i-run1/1_11,0.20000,0.43334,0.46667,0.70000,0.46667,0.43334
NDC,Model,VS+i-run1/1_12,0.20000,0.43334,0.46667,0.70000,0.46667,0.43334
NDC,Model,VS+i-run1/1_13,0.20000,0.40000,0.46667,0.70000,0.46667,0.40000
NDC,Model,VS+i-run1/1_14,0.20000,0.43334,0.46667,0.70000,0.46667,0.43334
NDC,Model,VS+i-run1/1_15,0.20000,0.43334,0.46667,0.70000,0.46667,0.43334
NDC,Model,VS+i-run1/1_16,0.20000,0.43334,0.46667,0.70000,0.46667,0.43334
NDC,Model,VS+i-run1/1_17,0.20000,0.43334,0.46667,0.70000,0.46667,0.43334
NDC,Model,VS+i-run1/1_18,0.20000,0.43334,0.46667,0.70000,0.46667,0.43334
NDC,Model,VS+i-run1/1_19,0.16667,0.63334,0.63334,0.60000,0.63334,0.63334
NDC,Model,VS+i-run1/1_2,0.20000,0.40000,0.46667,0.70000,0.46667,0.40000
NDC,Model,VS+i-run1/1_20,0.13334,0.66667,0.63334,0.56667,0.63334,0.66667
NDC,Model,VS+i-run1/1_21,0.20000,0.40000,0.46667,0.70000,0.46667,0.40000
NDC,Model,VS+i-run1/1_22,0.20000,0.40000,0.46667,0.70000,0.46667,0.40000
NDC,Model,VS+i-run1/1_23,0.20000,0.43334,0.46667,0.70000,0.46667,0.43334
NDC,Model,VS+i-run1/1_24,0.33334,0.33334,0.33334,0.76667,0.33334,0.33334
NDC,Model,VS+i-run1/1_25,0.20000,0.43334,0.46667,0.70000,0.46667,0.43334
NDC,Model,VS+i-run1/1_26,0.20000,0.43334,0.46667,0.70000,0.46667,0.43334
NDC,Model,VS+i-run1/1_27,0.20000,0.40000,0.46667,0.70000,0.46667,0.40000
NDC,Model,VS+i-run1/1_28,0.20000,0.43334,0.46667,0.70000,0.46667,0.43334
NDC,Model,VS+i-run1/1_29,0.20000,0.43334,0.46667,0.70000,0.46667,0.43334
NDC,Model,VS+i-run1/1_3,0.23334,0.33334,0.33334,0.76667,0.33334,0.33334
NDC,Model,VS+i-run1/1_30,0.20000,0.40000,0.46667,0.70000,0.46667,0.40000
NDC,Model,VS+i-run1/1_4,0.20000,0.43334,0.46667,0.70000,0.46667,0.43334
NDC,Model,VS+i-run1/1_5,0.20000,0.43334,0.46667,0.70000,0.46667,0.43334
NDC,Model,VS+i-run1/1_6,0.20000,0.43334,0.46667,0.70000,0.46667,0.43334
NDC,Model,VS+i-run1/1_7,0.20000,0.40000,0.46667,0.70000,0.46667,0.40000
NDC,Model,VS+i-run1/1_8,0.20000,0.50000,0.53334,0.63334,0.53334,0.50000
NDC,Model,VS+i-run1/1_9,0.20000,0.43334,0.46667,0.70000,0.46667,0.43334
NDC,Model,VS+i-run10/10_1,0.20000,0.50000,0.46667,0.70000,0.46667,0.50000
NDC,Model,VS+i-run10/10_10,0.20000,0.50000,0.46667,0.70000,0.46667,0.50000
NDC,Model,VS+i-run10/10_11,0.20000,0.53334,0.53334,0.66667,0.53334,0.53334
NDC,Model,VS+i-run10/10_12,0.20000,0.53334,0.50000,0.66667,0.50000,0.53334
NDC,Model,VS+i-run10/10_13,0.20000,0.56667,0.53334,0.66667,0.53334,0.56667
NDC,Model,VS+i-run10/10_14,0.20000,0.53334,0.53334,0.66667,0.53334,0.53334
NDC,Model,VS+i-run10/10_15,0.20000,0.50000,0.46667,0.70000,0.46667,0.50000
NDC,Model,VS+i-run10/10_16,0.20000,0.56667,0.53334,0.66667,0.53334,0.56667
NDC,Model,VS+i-run10/10_17,0.20000,0.56667,0.50000,0.66667,0.50000,0.56667
NDC,Model,VS+i-run10/10_18,0.20000,0.53334,0.53334,0.66667,0.53334,0.53334
NDC,Model,VS+i-run10/10_19,0.20000,0.56667,0.53334,0.66667,0.53334,0.56667
NDC,Model,VS+i-run10/10_2,0.20000,0.50000,0.46667,0.70000,0.46667,0.50000
NDC,Model,VS+i-run10/10_20,0.10000,0.83334,0.76667,0.46667,0.76667,0.83334
NDC,Model,VS+i-run10/10_21,0.16667,0.46667,0.43334,0.70000,0.43334,0.46667
NDC,Model,VS+i-run10/10_22,0.20000,0.56667,0.53334,0.66667,0.53334,0.56667
NDC,Model,VS+i-run10/10_23,0.20000,0.53334,0.53334,0.66667,0.53334,0.53334
NDC,Model,VS+i-run10/10_24,0.10000,0.83334,0.76667,0.46667,0.76667,0.83334
NDC,Model,VS+i-run10/10_25,0.20000,0.53334,0.50000,0.66667,0.50000,0.53334
NDC,Model,VS+i-run10/10_26,0.16667,0.46667,0.43334,0.70000,0.43334,0.46667
NDC,Model,VS+i-run10/10_27,0.20000,0.50000,0.46667,0.70000,0.46667,0.50000
NDC,Model,VS+i-run10/10_28,0.20000,0.56667,0.53334,0.66667,0.53334,0.56667
NDC,Model,VS+i-run10/10_29,0.20000,0.53334,0.53334,0.66667,0.53334,0.53334
NDC,Model,VS+i-run10/10_3,0.20000,0.50000,0.46667,0.70000,0.46667,0.50000
NDC,Model,VS+i-run10/10_30,0.10000,0.86667,0.76667,0.46667,0.76667,0.86667
NDC,Model,VS+i-run10/10_4,0.20000,0.50000,0.46667,0.70000,0.46667,0.50000
NDC,Model,VS+i-run10/10_5,0.20000,0.50000,0.46667,0.70000,0.46667,0.50000
NDC,Model,VS+i-run10/10_6,0.20000,0.56667,0.53334,0.66667,0.53334,0.56667
NDC,Model,VS+i-run10/10_7,0.20000,0.53334,0.53334,0.66667,0.53334,0.53334
NDC,Model,VS+i-run10/10_8,0.20000,0.56667,0.53334,0.66667,0.53334,0.56667
NDC,Model,VS+i-run10/10_9,0.20000,0.56667,0.50000,0.66667,0.50000,0.56667
NDC,Model,VS+i-run11/11_1,0.20000,0.33334,0.30000,0.73334,0.30000,0.33334
NDC,Model,VS+i-run11/11_10,0.20000,0.40000,0.36667,0.70000,0.36667,0.40000
NDC,Model,VS+i-run11/11_11,0.20000,0.40000,0.36667,0.70000,0.36667,0.40000
NDC,Model,VS+i-run11/11_12,0.20000,0.40000,0.36667,0.70000,0.36667,0.40000
NDC,Model,VS+i-run11/11_13,0.13334,0.70000,0.63334,0.53334,0.63334,0.70000
NDC,Model,VS+i-run11/11_14,0.23334,0.56667,0.50000,0.53334,0.50000,0.56667
NDC,Model,VS+i-run11/11_15,0.33334,0.50000,0.46667,0.60000,0.46667,0.50000
NDC,Model,VS+i-run11/11_16,0.26667,0.53334,0.53334,0.60000,0.53334,0.53334
NDC,Model,VS+i-run11/11_17,0.20000,0.40000,0.36667,0.70000,0.36667,0.40000
NDC,Model,VS+i-run11/11_18,0.13334,0.70000,0.63334,0.53334,0.63334,0.70000
NDC,Model,VS+i-run11/11_19,0.20000,0.40000,0.36667,0.70000,0.36667,0.40000
NDC,Model,VS+i-run11/11_2,0.20000,0.33334,0.30000,0.73334,0.30000,0.33334
NDC,Model,VS+i-run11/11_20,0.13334,0.70000,0.73334,0.50000,0.73334,0.70000
NDC,Model,VS+i-run11/11_21,0.20000,0.36667,0.36667,0.70000,0.36667,0.36667
NDC,Model,VS+i-run11/11_22,0.20000,0.40000,0.36667,0.70000,0.36667,0.40000
NDC,Model,VS+i-run11/11_23,0.20000,0.40000,0.36667,0.70000,0.36667,0.40000
NDC,Model,VS+i-run11/11_24,0.20000,0.40000,0.36667,0.70000,0.36667,0.40000
NDC,Model,VS+i-run11/11_25,0.20000,0.40000,0.36667,0.70000,0.36667,0.40000
NDC,Model,VS+i-run11/11_26,0.20000,0.36667,0.36667,0.70000,0.36667,0.36667
NDC,Model,VS+i-run11/11_27,0.20000,0.40000,0.36667,0.70000,0.36667,0.40000
NDC,Model,VS+i-run11/11_28,0.13334,0.60000,0.60000,0.56667,0.60000,0.60000
NDC,Model,VS+i-run11/11_29,0.16667,0.73334,0.80000,0.43334,0.80000,0.73334
NDC,Model,VS+i-run11/11_3,0.20000,0.40000,0.36667,0.70000,0.36667,0.40000
NDC,Model,VS+i-run11/11_30,0.20000,0.40000,0.36667,0.70000,0.36667,0.40000
NDC,Model,VS+i-run11/11_4,0.20000,0.40000,0.36667,0.70000,0.36667,0.40000
NDC,Model,VS+i-run11/11_5,0.20000,0.40000,0.36667,0.70000,0.36667,0.40000
NDC,Model,VS+i-run11/11_6,0.20000,0.33334,0.30000,0.76667,0.30000,0.33334
NDC,Model,VS+i-run11/11_7,0.20000,0.33334,0.30000,0.76667,0.30000,0.33334
NDC,Model,VS+i-run11/11_8,0.20000,0.40000,0.36667,0.70000,0.36667,0.40000
NDC,Model,VS+i-run11/11_9,0.23334,0.53334,0.50000,0.53334,0.50000,0.53334
NDC,Model,VS+i-run12/12_1,0.30000,0.26667,0.23334,0.80000,0.23334,0.26667
NDC,Model,VS+i-run12/12_10,0.30000,0.23334,0.23334,0.80000,0.23334,0.23334
NDC,Model,VS+i-run12/12_11,0.30000,0.26667,0.23334,0.80000,0.23334,0.26667
NDC,Model,VS+i-run12/12_12,0.30000,0.26667,0.23334,0.80000,0.23334,0.26667
NDC,Model,VS+i-run12/12_13,0.30000,0.23334,0.23334,0.80000,0.23334,0.23334
NDC,Model,VS+i-run12/12_14,0.30000,0.26667,0.23334,0.80000,0.23334,0.26667
NDC,Model,VS+i-run12/12_15,0.23334,0.26667,0.26667,0.83334,0.26667,0.26667
NDC,Model,VS+i-run12/12_16,0.30000,0.26667,0.23334,0.80000,0.23334,0.26667
NDC,Model,VS+i-run12/12_17,0.23334,0.33334,0.33334,0.80000,0.33334,0.33334
NDC,Model,VS+i-run12/12_18,0.10000,0.60000,0.56667,0.63334,0.56667,0.60000
NDC,Model,VS+i-run12/12_19,0.23334,0.26667,0.26667,0.83334,0.26667,0.26667
NDC,Model,VS+i-run12/12_2,0.30000,0.26667,0.23334,0.80000,0.23334,0.26667
NDC,Model,VS+i-run12/12_20,0.23334,0.26667,0.26667,0.83334,0.26667,0.26667
NDC,Model,VS+i-run12/12_21,0.23334,0.26667,0.26667,0.83334,0.26667,0.26667
NDC,Model,VS+i-run12/12_22,0.16667,0.50000,0.46667,0.66667,0.46667,0.50000
NDC,Model,VS+i-run12/12_23,0.10000,0.63334,0.56667,0.63334,0.56667,0.63334
NDC,Model,VS+i-run12/12_24,0.10000,0.63334,0.56667,0.63334,0.56667,0.63334
NDC,Model,VS+i-run12/12_25,0.10000,0.63334,0.56667,0.63334,0.56667,0.63334
NDC,Model,VS+i-run12/12_26,0.10000,0.63334,0.56667,0.63334,0.56667,0.63334
NDC,Model,VS+i-run12/12_27,0.10000,0.60000,0.56667,0.63334,0.56667,0.60000
NDC,Model,VS+i-run12/12_28,0.10000,0.60000,0.56667,0.63334,0.56667,0.60000
NDC,Model,VS+i-run12/12_29,0.10000,0.60000,0.56667,0.63334,0.56667,0.60000
NDC,Model,VS+i-run12/12_3,0.30000,0.26667,0.23334,0.80000,0.23334,0.26667
NDC,Model,VS+i-run12/12_30,0.10000,0.63334,0.56667,0.63334,0.56667,0.63334
NDC,Model,VS+i-run12/12_4,0.30000,0.26667,0.23334,0.80000,0.23334,0.26667
NDC,Model,VS+i-run12/12_5,0.30000,0.23334,0.23334,0.80000,0.23334,0.23334
NDC,Model,VS+i-run12/12_6,0.30000,0.26667,0.23334,0.80000,0.23334,0.26667
NDC,Model,VS+i-run12/12_7,0.30000,0.26667,0.23334,0.80000,0.23334,0.26667
NDC,Model,VS+i-run12/12_8,0.30000,0.26667,0.23334,0.80000,0.23334,0.26667
NDC,Model,VS+i-run12/12_9,0.30000,0.26667,0.23334,0.80000,0.23334,0.26667
NDC,Model,VS+i-run13/13_1,0.26667,0.53334,0.53334,0.66667,0.53334,0.53334
NDC,Model,VS+i-run13/13_10,0.23334,0.50000,0.46667,0.66667,0.46667,0.50000
NDC,Model,VS+i-run13/13_11,0.23334,0.50000,0.46667,0.66667,0.46667,0.50000
NDC,Model,VS+i-run13/13_12,0.20000,0.53334,0.53334,0.66667,0.53334,0.53334
NDC,Model,VS+i-run13/13_13,0.20000,0.53334,0.56667,0.60000,0.56667,0.53334
NDC,Model,VS+i-run13/13_14,0.20000,0.50000,0.46667,0.70000,0.46667,0.50000
NDC,Model,VS+i-run13/13_15,0.20000,0.56667,0.50000,0.66667,0.50000,0.56667
NDC,Model,VS+i-run13/13_16,0.20000,0.50000,0.46667,0.70000,0.46667,0.50000
NDC,Model,VS+i-run13/13_17,0.20000,0.53334,0.53334,0.66667,0.53334,0.53334
NDC,Model,VS+i-run13/13_18,0.20000,0.50000,0.46667,0.70000,0.46667,0.50000
NDC,Model,VS+i-run13/13_19,0.20000,0.50000,0.46667,0.70000,0.46667,0.50000
NDC,Model,VS+i-run13/13_2,0.26667,0.53334,0.53334,0.66667,0.53334,0.53334
NDC,Model,VS+i-run13/13_20,0.20000,0.50000,0.46667,0.70000,0.46667,0.50000
NDC,Model,VS+i-run13/13_21,0.20000,0.50000,0.46667,0.70000,0.46667,0.50000
NDC,Model,VS+i-run13/13_22,0.20000,0.56667,0.53334,0.66667,0.53334,0.56667
NDC,Model,VS+i-run13/13_23,0.26667,0.50000,0.46667,0.66667,0.46667,0.50000
NDC,Model,VS+i-run13/13_24,0.20000,0.50000,0.46667,0.70000,0.46667,0.50000
NDC,Model,VS+i-run13/13_25,0.20000,0.56667,0.50000,0.66667,0.50000,0.56667
NDC,Model,VS+i-run13/13_26,0.20000,0.56667,0.53334,0.66667,0.53334,0.56667
NDC,Model,VS+i-run13/13_27,0.20000,0.56667,0.53334,0.66667,0.53334,0.56667
NDC,Model,VS+i-run13/13_28,0.20000,0.46667,0.50000,0.63334,0.50000,0.46667
NDC,Model,VS+i-run13/13_29,0.20000,0.53334,0.56667,0.60000,0.56667,0.53334
NDC,Model,VS+i-run13/13_3,0.20000,0.50000,0.46667,0.70000,0.46667,0.50000
NDC,Model,VS+i-run13/13_30,0.20000,0.56667,0.50000,0.66667,0.50000,0.56667
NDC,Model,VS+i-run13/13_4,0.26667,0.50000,0.53334,0.66667,0.53334,0.50000
NDC,Model,VS+i-run13/13_5,0.26667,0.53334,0.53334,0.66667,0.53334,0.53334
NDC,Model,VS+i-run13/13_6,0.26667,0.53334,0.53334,0.66667,0.53334,0.53334
NDC,Model,VS+i-run13/13_7,0.23334,0.50000,0.46667,0.66667,0.46667,0.50000
NDC,Model,VS+i-run13/13_8,0.20000,0.50000,0.46667,0.70000,0.46667,0.50000
NDC,Model,VS+i-run13/13_9,0.20000,0.56667,0.53334,0.66667,0.53334,0.56667
NDC,Model,VS+i-run14/14_1,0.23334,0.53334,0.53334,0.56667,0.53334,0.53334
NDC,Model,VS+i-run14/14_10,0.26667,0.40000,0.40000,0.70000,0.40000,0.40000
NDC,Model,VS+i-run14/14_11,0.30000,0.53334,0.50000,0.56667,0.50000,0.53334
NDC,Model,VS+i-run14/14_12,0.23334,0.33334,0.30000,0.76667,0.30000,0.33334
NDC,Model,VS+i-run14/14_13,0.23334,0.53334,0.50000,0.63334,0.50000,0.53334
NDC,Model,VS+i-run14/14_14,0.23334,0.53334,0.50000,0.60000,0.50000,0.53334
NDC,Model,VS+i-run14/14_15,0.23334,0.56667,0.53334,0.56667,0.53334,0.56667
NDC,Model,VS+i-run14/14_16,0.30000,0.50000,0.40000,0.60000,0.40000,0.50000
NDC,Model,VS+i-run14/14_17,0.23334,0.33334,0.30000,0.76667,0.30000,0.33334
NDC,Model,VS+i-run14/14_18,0.23334,0.60000,0.53334,0.56667,0.53334,0.60000
NDC,Model,VS+i-run14/14_19,0.26667,0.53334,0.46667,0.60000,0.46667,0.53334
NDC,Model,VS+i-run14/14_2,0.23334,0.53334,0.53334,0.56667,0.53334,0.53334
NDC,Model,VS+i-run14/14_20,0.23334,0.50000,0.53334,0.56667,0.53334,0.50000
NDC,Model,VS+i-run14/14_21,0.23334,0.53334,0.56667,0.60000,0.56667,0.53334
NDC,Model,VS+i-run14/14_22,0.23334,0.53334,0.50000,0.63334,0.50000,0.53334
NDC,Model,VS+i-run14/14_23,0.23334,0.56667,0.56667,0.56667,0.56667,0.56667
NDC,Model,VS+i-run14/14_24,0.23334,0.53334,0.50000,0.63334,0.50000,0.53334
NDC,Model,VS+i-run14/14_25,0.23334,0.56667,0.56667,0.56667,0.56667,0.56667
NDC,Model,VS+i-run14/14_26,0.30000,0.60000,0.56667,0.53334,0.56667,0.60000
NDC,Model,VS+i-run14/14_27,0.26667,0.50000,0.40000,0.66667,0.40000,0.50000
NDC,Model,VS+i-run14/14_28,0.23334,0.53334,0.50000,0.60000,0.50000,0.53334
NDC,Model,VS+i-run14/14_29,0.23334,0.53334,0.50000,0.60000,0.50000,0.53334
NDC,Model,VS+i-run14/14_3,0.26667,0.53334,0.50000,0.56667,0.50000,0.53334
NDC,Model,VS+i-run14/14_30,0.23334,0.53334,0.50000,0.60000,0.50000,0.53334
NDC,Model,VS+i-run14/14_4,0.26667,0.26667,0.26667,0.76667,0.26667,0.26667
NDC,Model,VS+i-run14/14_5,0.23334,0.56667,0.56667,0.56667,0.56667,0.56667
NDC,Model,VS+i-run14/14_6,0.23334,0.53334,0.50000,0.60000,0.50000,0.53334
NDC,Model,VS+i-run14/14_7,0.23334,0.53334,0.50000,0.60000,0.50000,0.53334
NDC,Model,VS+i-run14/14_8,0.23334,0.56667,0.56667,0.56667,0.56667,0.56667
NDC,Model,VS+i-run14/14_9,0.23334,0.53334,0.50000,0.60000,0.50000,0.53334
NDC,Model,VS+i-run15/15_1,0.16667,0.56667,0.56667,0.56667,0.56667,0.56667
NDC,Model,VS+i-run15/15_10,0.16667,0.63334,0.60000,0.53334,0.60000,0.63334
NDC,Model,VS+i-run15/15_11,0.16667,0.60000,0.60000,0.53334,0.60000,0.60000
NDC,Model,VS+i-run15/15_12,0.16667,0.60000,0.60000,0.53334,0.60000,0.60000
NDC,Model,VS+i-run15/15_13,0.10000,0.60000,0.56667,0.60000,0.56667,0.60000
NDC,Model,VS+i-run15/15_14,0.16667,0.63334,0.60000,0.53334,0.60000,0.63334
NDC,Model,VS+i-run15/15_15,0.16667,0.63334,0.60000,0.53334,0.60000,0.63334
NDC,Model,VS+i-run15/15_16,0.16667,0.63334,0.60000,0.53334,0.60000,0.63334
NDC,Model,VS+i-run15/15_17,0.16667,0.63334,0.60000,0.53334,0.60000,0.63334
NDC,Model,VS+i-run15/15_18,0.16667,0.60000,0.60000,0.53334,0.60000,0.60000
NDC,Model,VS+i-run15/15_19,0.10000,0.56667,0.56667,0.60000,0.56667,0.56667
NDC,Model,VS+i-run15/15_2,0.16667,0.60000,0.60000,0.53334,0.60000,0.60000
NDC,Model,VS+i-run15/15_20,0.10000,0.60000,0.56667,0.60000,0.56667,0.60000
NDC,Model,VS+i-run15/15_21,0.10000,0.53334,0.56667,0.63334,0.56667,0.53334
NDC,Model,VS+i-run15/15_22,0.10000,0.60000,0.56667,0.60000,0.56667,0.60000
NDC,Model,VS+i-run15/15_23,0.10000,0.56667,0.56667,0.60000,0.56667,0.56667
NDC,Model,VS+i-run15/15_24,0.10000,0.60000,0.56667,0.60000,0.56667,0.60000
NDC,Model,VS+i-run15/15_25,0.10000,0.53334,0.53334,0.60000,0.53334,0.53334
NDC,Model,VS+i-run15/15_26,0.10000,0.56667,0.56667,0.60000,0.56667,0.56667
NDC,Model,VS+i-run15/15_27,0.23334,0.36667,0.30000,0.76667,0.30000,0.36667
NDC,Model,VS+i-run15/15_28,0.10000,0.56667,0.53334,0.63334,0.53334,0.56667
NDC,Model,VS+i-run15/15_29,0.10000,0.56667,0.56667,0.60000,0.56667,0.56667
NDC,Model,VS+i-run15/15_3,0.20000,0.56667,0.56667,0.53334,0.56667,0.56667
NDC,Model,VS+i-run15/15_30,0.10000,0.53334,0.56667,0.63334,0.56667,0.53334
NDC,Model,VS+i-run15/15_4,0.16667,0.60000,0.53334,0.56667,0.53334,0.60000
NDC,Model,VS+i-run15/15_5,0.16667,0.60000,0.60000,0.53334,0.60000,0.60000
NDC,Model,VS+i-run15/15_6,0.16667,0.60000,0.60000,0.53334,0.60000,0.60000
NDC,Model,VS+i-run15/15_7,0.16667,0.63334,0.60000,0.53334,0.60000,0.63334
NDC,Model,VS+i-run15/15_8,0.16667,0.63334,0.60000,0.53334,0.60000,0.63334
NDC,Model,VS+i-run15/15_9,0.16667,0.63334,0.60000,0.53334,0.60000,0.63334
NDC,Model,VS+i-run16/16_1,0.23334,0.43334,0.43334,0.63334,0.43334,0.43334
NDC,Model,VS+i-run16/16_10,0.23334,0.50000,0.46667,0.60000,0.46667,0.50000
NDC,Model,VS+i-run16/16_11,0.23334,0.50000,0.46667,0.60000,0.46667,0.50000
NDC,Model,VS+i-run16/16_12,0.23334,0.33334,0.36667,0.76667,0.36667,0.33334
NDC,Model,VS+i-run16/16_13,0.23334,0.46667,0.46667,0.60000,0.46667,0.46667
NDC,Model,VS+i-run16/16_14,0.23334,0.50000,0.46667,0.60000,0.46667,0.50000
NDC,Model,VS+i-run16/16_15,0.23334,0.50000,0.46667,0.60000,0.46667,0.50000
NDC,Model,VS+i-run16/16_16,0.23334,0.46667,0.46667,0.60000,0.46667,0.46667
NDC,Model,VS+i-run16/16_17,0.23334,0.50000,0.46667,0.60000,0.46667,0.50000
NDC,Model,VS+i-run16/16_18,0.23334,0.50000,0.46667,0.60000,0.46667,0.50000
NDC,Model,VS+i-run16/16_19,0.23334,0.50000,0.46667,0.60000,0.46667,0.50000
NDC,Model,VS+i-run16/16_2,0.23334,0.46667,0.46667,0.60000,0.46667,0.46667
NDC,Model,VS+i-run16/16_20,0.23334,0.50000,0.46667,0.60000,0.46667,0.50000
NDC,Model,VS+i-run16/16_21,0.23334,0.46667,0.46667,0.63334,0.46667,0.46667
NDC,Model,VS+i-run16/16_22,0.30000,0.50000,0.43334,0.60000,0.43334,0.50000
NDC,Model,VS+i-run16/16_23,0.23334,0.33334,0.36667,0.76667,0.36667,0.33334
NDC,Model,VS+i-run16/16_24,0.30000,0.46667,0.43334,0.60000,0.43334,0.46667
NDC,Model,VS+i-run16/16_25,0.20000,0.46667,0.43334,0.70000,0.43334,0.46667
NDC,Model,VS+i-run16/16_26,0.23334,0.36667,0.46667,0.70000,0.46667,0.36667
NDC,Model,VS+i-run16/16_27,0.23334,0.40000,0.46667,0.70000,0.46667,0.40000
NDC,Model,VS+i-run16/16_28,0.23334,0.40000,0.46667,0.70000,0.46667,0.40000
NDC,Model,VS+i-run16/16_29,0.23334,0.40000,0.46667,0.70000,0.46667,0.40000
NDC,Model,VS+i-run16/16_3,0.23334,0.46667,0.50000,0.60000,0.50000,0.46667
NDC,Model,VS+i-run16/16_30,0.23334,0.40000,0.46667,0.70000,0.46667,0.40000
NDC,Model,VS+i-run16/16_4,0.23334,0.40000,0.46667,0.70000,0.46667,0.40000
NDC,Model,VS+i-run16/16_5,0.23334,0.50000,0.50000,0.60000,0.50000,0.50000
NDC,Model,VS+i-run16/16_6,0.23334,0.50000,0.46667,0.60000,0.46667,0.50000
NDC,Model,VS+i-run16/16_7,0.23334,0.46667,0.46667,0.60000,0.46667,0.46667
NDC,Model,VS+i-run16/16_8,0.23334,0.46667,0.46667,0.60000,0.46667,0.46667
NDC,Model,VS+i-run16/16_9,0.23334,0.50000,0.46667,0.60000,0.46667,0.50000
NDC,Model,VS+i-run17/17_1,0.16667,0.50000,0.46667,0.66667,0.46667,0.50000
NDC,Model,VS+i-run17/17_10,0.16667,0.50000,0.46667,0.66667,0.46667,0.50000
NDC,Model,VS+i-run17/17_11,0.16667,0.50000,0.46667,0.66667,0.46667,0.50000
NDC,Model,VS+i-run17/17_12,0.16667,0.46667,0.46667,0.66667,0.46667,0.46667
NDC,Model,VS+i-run17/17_13,0.16667,0.46667,0.46667,0.66667,0.46667,0.46667
NDC,Model,VS+i-run17/17_14,0.16667,0.50000,0.46667,0.66667,0.46667,0.50000
NDC,Model,VS+i-run17/17_15,0.13334,0.60000,0.63334,0.60000,0.63334,0.60000
NDC,Model,VS+i-run17/17_16,0.16667,0.46667,0.46667,0.66667,0.46667,0.46667
NDC,Model,VS+i-run17/17_17,0.16667,0.50000,0.46667,0.66667,0.46667,0.50000
NDC,Model,VS+i-run17/17_18,0.16667,0.46667,0.56667,0.66667,0.56667,0.46667
NDC,Model,VS+i-run17/17_19,0.16667,0.56667,0.60000,0.60000,0.60000,0.56667
NDC,Model,VS+i-run17/17_2,0.16667,0.46667,0.46667,0.66667,0.46667,0.46667
NDC,Model,VS+i-run17/17_20,0.16667,0.46667,0.56667,0.66667,0.56667,0.46667
NDC,Model,VS+i-run17/17_21,0.16667,0.53334,0.63334,0.63334,0.63334,0.53334
NDC,Model,VS+i-run17/17_22,0.16667,0.53334,0.63334,0.63334,0.63334,0.53334
NDC,Model,VS+i-run17/17_23,0.16667,0.53334,0.60000,0.63334,0.60000,0.53334
NDC,Model,VS+i-run17/17_24,0.16667,0.53334,0.60000,0.63334,0.60000,0.53334
NDC,Model,VS+i-run17/17_25,0.20000,0.66667,0.63334,0.56667,0.63334,0.66667
NDC,Model,VS+i-run17/17_26,0.16667,0.50000,0.60000,0.63334,0.60000,0.50000
NDC,Model,VS+i-run17/17_27,0.16667,0.53334,0.60000,0.63334,0.60000,0.53334
NDC,Model,VS+i-run17/17_28,0.20000,0.63334,0.63334,0.56667,0.63334,0.63334
NDC,Model,VS+i-run17/17_29,0.20000,0.66667,0.66667,0.56667,0.66667,0.66667
NDC,Model,VS+i-run17/17_3,0.16667,0.46667,0.46667,0.66667,0.46667,0.46667
NDC,Model,VS+i-run17/17_30,0.16667,0.46667,0.56667,0.66667,0.56667,0.46667
NDC,Model,VS+i-run17/17_4,0.16667,0.50000,0.46667,0.66667,0.46667,0.50000
NDC,Model,VS+i-run17/17_5,0.16667,0.50000,0.46667,0.66667,0.46667,0.50000
NDC,Model,VS+i-run17/17_6,0.16667,0.46667,0.46667,0.66667,0.46667,0.46667
NDC,Model,VS+i-run17/17_7,0.16667,0.50000,0.46667,0.66667,0.46667,0.50000
NDC,Model,VS+i-run17/17_8,0.16667,0.50000,0.46667,0.66667,0.46667,0.50000
NDC,Model,VS+i-run17/17_9,0.16667,0.46667,0.56667,0.66667,0.56667,0.46667
NDC,Model,VS+i-run18/18_1,0.20000,0.50000,0.53334,0.70000,0.53334,0.50000
NDC,Model,VS+i-run18/18_10,0.20000,0.46667,0.53334,0.70000,0.53334,0.46667
NDC,Model,VS+i-run18/18_11,0.20000,0.50000,0.53334,0.70000,0.53334,0.50000
NDC,Model,VS+i-run18/18_12,0.20000,0.46667,0.53334,0.70000,0.53334,0.46667
NDC,Model,VS+i-run18/18_13,0.20000,0.50000,0.53334,0.70000,0.53334,0.50000
NDC,Model,VS+i-run18/18_14,0.20000,0.50000,0.53334,0.70000,0.53334,0.50000
NDC,Model,VS+i-run18/18_15,0.20000,0.50000,0.53334,0.70000,0.53334,0.50000
NDC,Model,VS+i-run18/18_16,0.23334,0.40000,0.36667,0.76667,0.36667,0.40000
NDC,Model,VS+i-run18/18_17,0.23334,0.50000,0.43334,0.66667,0.43334,0.50000
NDC,Model,VS+i-run18/18_18,0.23334,0.46667,0.43334,0.70000,0.43334,0.46667
NDC,Model,VS+i-run18/18_19,0.23334,0.43334,0.43334,0.70000,0.43334,0.43334
NDC,Model,VS+i-run18/18_2,0.33334,0.26667,0.26667,0.73334,0.26667,0.26667
NDC,Model,VS+i-run18/18_20,0.23334,0.36667,0.36667,0.76667,0.36667,0.36667
NDC,Model,VS+i-run18/18_21,0.30000,0.26667,0.26667,0.76667,0.26667,0.26667
NDC,Model,VS+i-run18/18_22,0.23334,0.53334,0.43334,0.66667,0.43334,0.53334
NDC,Model,VS+i-run18/18_23,0.23334,0.43334,0.40000,0.70000,0.40000,0.43334
NDC,Model,VS+i-run18/18_24,0.23334,0.46667,0.40000,0.70000,0.40000,0.46667
NDC,Model,VS+i-run18/18_25,0.23334,0.46667,0.40000,0.70000,0.40000,0.46667
NDC,Model,VS+i-run18/18_26,0.23334,0.56667,0.43334,0.66667,0.43334,0.56667
NDC,Model,VS+i-run18/18_27,0.26667,0.36667,0.33334,0.76667,0.33334,0.36667
NDC,Model,VS+i-run18/18_28,0.30000,0.26667,0.26667,0.76667,0.26667,0.26667
NDC,Model,VS+i-run18/18_29,0.30000,0.26667,0.26667,0.76667,0.26667,0.26667
NDC,Model,VS+i-run18/18_3,0.20000,0.50000,0.53334,0.70000,0.53334,0.50000
NDC,Model,VS+i-run18/18_30,0.26667,0.40000,0.40000,0.76667,0.40000,0.40000
NDC,Model,VS+i-run18/18_4,0.20000,0.46667,0.53334,0.70000,0.53334,0.46667
NDC,Model,VS+i-run18/18_5,0.23334,0.46667,0.43334,0.66667,0.43334,0.46667
NDC,Model,VS+i-run18/18_6,0.20000,0.46667,0.53334,0.70000,0.53334,0.46667
NDC,Model,VS+i-run18/18_7,0.20000,0.50000,0.53334,0.70000,0.53334,0.50000
NDC,Model,VS+i-run18/18_8,0.23334,0.46667,0.40000,0.70000,0.40000,0.46667
NDC,Model,VS+i-run18/18_9,0.20000,0.46667,0.53334,0.70000,0.53334,0.46667
NDC,Model,VS+i-run19/19_1,0.33334,0.33334,0.26667,0.73334,0.26667,0.33334
NDC,Model,VS+i-run19/19_10,0.33334,0.33334,0.26667,0.73334,0.26667,0.33334
NDC,Model,VS+i-run19/19_11,0.33334,0.33334,0.26667,0.73334,0.26667,0.33334
NDC,Model,VS+i-run19/19_12,0.33334,0.30000,0.26667,0.73334,0.26667,0.30000
NDC,Model,VS+i-run19/19_13,0.33334,0.33334,0.26667,0.73334,0.26667,0.33334
NDC,Model,VS+i-run19/19_14,0.26667,0.43334,0.40000,0.70000,0.40000,0.43334
NDC,Model,VS+i-run19/19_15,0.23334,0.36667,0.40000,0.73334,0.40000,0.36667
NDC,Model,VS+i-run19/19_16,0.33334,0.33334,0.26667,0.73334,0.26667,0.33334
NDC,Model,VS+i-run19/19_17,0.33334,0.33334,0.26667,0.73334,0.26667,0.33334
NDC,Model,VS+i-run19/19_18,0.26667,0.43334,0.40000,0.70000,0.40000,0.43334
NDC,Model,VS+i-run19/19_19,0.26667,0.43334,0.40000,0.70000,0.40000,0.43334
NDC,Model,VS+i-run19/19_2,0.33334,0.30000,0.26667,0.73334,0.26667,0.30000
NDC,Model,VS+i-run19/19_20,0.26667,0.43334,0.40000,0.70000,0.40000,0.43334
NDC,Model,VS+i-run19/19_21,0.33334,0.30000,0.33334,0.76667,0.33334,0.30000
NDC,Model,VS+i-run19/19_22,0.23334,0.36667,0.40000,0.73334,0.40000,0.36667
NDC,Model,VS+i-run19/19_23,0.23334,0.36667,0.40000,0.73334,0.40000,0.36667
NDC,Model,VS+i-run19/19_24,0.23334,0.36667,0.40000,0.73334,0.40000,0.36667
NDC,Model,VS+i-run19/19_25,0.23334,0.36667,0.40000,0.73334,0.40000,0.36667
NDC,Model,VS+i-run19/19_26,0.30000,0.36667,0.36667,0.70000,0.36667,0.36667
NDC,Model,VS+i-run19/19_27,0.23334,0.33334,0.40000,0.73334,0.40000,0.33334
NDC,Model,VS+i-run19/19_28,0.23334,0.36667,0.40000,0.73334,0.40000,0.36667
NDC,Model,VS+i-run19/19_29,0.23334,0.36667,0.40000,0.73334,0.40000,0.36667
NDC,Model,VS+i-run19/19_3,0.33334,0.30000,0.26667,0.73334,0.26667,0.30000
NDC,Model,VS+i-run19/19_30,0.23334,0.36667,0.40000,0.73334,0.40000,0.36667
NDC,Model,VS+i-run19/19_4,0.33334,0.33334,0.26667,0.73334,0.26667,0.33334
NDC,Model,VS+i-run19/19_5,0.33334,0.33334,0.26667,0.73334,0.26667,0.33334
NDC,Model,VS+i-run19/19_6,0.33334,0.33334,0.26667,0.73334,0.26667,0.33334
NDC,Model,VS+i-run19/19_7,0.33334,0.30000,0.26667,0.73334,0.26667,0.30000
NDC,Model,VS+i-run19/19_8,0.33334,0.33334,0.26667,0.73334,0.26667,0.33334
NDC,Model,VS+i-run19/19_9,0.33334,0.33334,0.26667,0.73334,0.26667,0.33334
NDC,Model,VS+i-run2/2_1,0.16667,0.60000,0.56667,0.63334,0.56667,0.60000
NDC,Model,VS+i-run2/2_10,0.16667,0.60000,0.56667,0.63334,0.56667,0.60000
NDC,Model,VS+i-run2/2_11,0.16667,0.60000,0.56667,0.63334,0.56667,0.60000
NDC,Model,VS+i-run2/2_12,0.16667,0.56667,0.56667,0.63334,0.56667,0.56667
NDC,Model,VS+i-run2/2_13,0.16667,0.56667,0.56667,0.63334,0.56667,0.56667
NDC,Model,VS+i-run2/2_14,0.16667,0.56667,0.56667,0.63334,0.56667,0.56667
NDC,Model,VS+i-run2/2_15,0.16667,0.56667,0.53334,0.66667,0.53334,0.56667
NDC,Model,VS+i-run2/2_16,0.33334,0.43334,0.40000,0.60000,0.40000,0.43334
NDC,Model,VS+i-run2/2_17,0.16667,0.56667,0.56667,0.63334,0.56667,0.56667
NDC,Model,VS+i-run2/2_18,0.16667,0.60000,0.56667,0.63334,0.56667,0.60000
NDC,Model,VS+i-run2/2_19,0.16667,0.56667,0.56667,0.63334,0.56667,0.56667
NDC,Model,VS+i-run2/2_2,0.16667,0.56667,0.56667,0.63334,0.56667,0.56667
NDC,Model,VS+i-run2/2_20,0.23334,0.46667,0.50000,0.70000,0.50000,0.46667
NDC,Model,VS+i-run2/2_21,0.16667,0.60000,0.56667,0.63334,0.56667,0.60000
NDC,Model,VS+i-run2/2_22,0.16667,0.53334,0.53334,0.66667,0.53334,0.53334
NDC,Model,VS+i-run2/2_23,0.16667,0.53334,0.53334,0.66667,0.53334,0.53334
NDC,Model,VS+i-run2/2_24,0.16667,0.56667,0.53334,0.66667,0.53334,0.56667
NDC,Model,VS+i-run2/2_25,0.16667,0.56667,0.53334,0.66667,0.53334,0.56667
NDC,Model,VS+i-run2/2_26,0.16667,0.53334,0.53334,0.66667,0.53334,0.53334
NDC,Model,VS+i-run2/2_27,0.16667,0.53334,0.53334,0.66667,0.53334,0.53334
NDC,Model,VS+i-run2/2_28,0.16667,0.56667,0.53334,0.66667,0.53334,0.56667
NDC,Model,VS+i-run2/2_29,0.16667,0.56667,0.53334,0.66667,0.53334,0.56667
NDC,Model,VS+i-run2/2_3,0.16667,0.60000,0.56667,0.63334,0.56667,0.60000
NDC,Model,VS+i-run2/2_30,0.16667,0.56667,0.53334,0.66667,0.53334,0.56667
NDC,Model,VS+i-run2/2_4,0.16667,0.56667,0.56667,0.63334,0.56667,0.56667
NDC,Model,VS+i-run2/2_5,0.16667,0.56667,0.56667,0.63334,0.56667,0.56667
NDC,Model,VS+i-run2/2_6,0.16667,0.60000,0.56667,0.63334,0.56667,0.60000
NDC,Model,VS+i-run2/2_7,0.16667,0.60000,0.56667,0.63334,0.56667,0.60000
NDC,Model,VS+i-run2/2_8,0.16667,0.60000,0.56667,0.63334,0.56667,0.60000
NDC,Model,VS+i-run2/2_9,0.16667,0.60000,0.63334,0.60000,0.63334,0.60000
NDC,Model,VS+i-run20/20_1,0.33334,0.46667,0.50000,0.63334,0.50000,0.46667
NDC,Model,VS+i-run20/20_10,0.33334,0.46667,0.50000,0.63334,0.50000,0.46667
NDC,Model,VS+i-run20/20_11,0.33334,0.46667,0.50000,0.63334,0.50000,0.46667
NDC,Model,VS+i-run20/20_12,0.33334,0.43334,0.50000,0.63334,0.50000,0.43334
NDC,Model,VS+i-run20/20_13,0.33334,0.46667,0.50000,0.63334,0.50000,0.46667
NDC,Model,VS+i-run20/20_14,0.33334,0.46667,0.50000,0.63334,0.50000,0.46667
NDC,Model,VS+i-run20/20_15,0.33334,0.43334,0.50000,0.63334,0.50000,0.43334
NDC,Model,VS+i-run20/20_16,0.33334,0.46667,0.50000,0.63334,0.50000,0.46667
NDC,Model,VS+i-run20/20_17,0.33334,0.46667,0.50000,0.63334,0.50000,0.46667
NDC,Model,VS+i-run20/20_18,0.23334,0.63334,0.60000,0.56667,0.60000,0.63334
NDC,Model,VS+i-run20/20_19,0.23334,0.66667,0.60000,0.56667,0.60000,0.66667
NDC,Model,VS+i-run20/20_2,0.33334,0.43334,0.50000,0.63334,0.50000,0.43334
NDC,Model,VS+i-run20/20_20,0.23334,0.63334,0.60000,0.56667,0.60000,0.63334
NDC,Model,VS+i-run20/20_21,0.23334,0.66667,0.60000,0.56667,0.60000,0.66667
NDC,Model,VS+i-run20/20_22,0.36667,0.46667,0.46667,0.63334,0.46667,0.46667
NDC,Model,VS+i-run20/20_23,0.23334,0.46667,0.43334,0.70000,0.43334,0.46667
NDC,Model,VS+i-run20/20_24,0.30000,0.36667,0.43334,0.73334,0.43334,0.36667
NDC,Model,VS+i-run20/20_25,0.36667,0.43334,0.46667,0.63334,0.46667,0.43334
NDC,Model,VS+i-run20/20_26,0.23334,0.43334,0.43334,0.70000,0.43334,0.43334
NDC,Model,VS+i-run20/20_27,0.46667,0.20000,0.20000,0.73334,0.20000,0.20000
NDC,Model,VS+i-run20/20_28,0.30000,0.43334,0.40000,0.70000,0.40000,0.43334
NDC,Model,VS+i-run20/20_29,0.36667,0.46667,0.46667,0.63334,0.46667,0.46667
NDC,Model,VS+i-run20/20_3,0.33334,0.46667,0.50000,0.63334,0.50000,0.46667
NDC,Model,VS+i-run20/20_30,0.36667,0.46667,0.46667,0.63334,0.46667,0.46667
NDC,Model,VS+i-run20/20_4,0.23334,0.63334,0.60000,0.56667,0.60000,0.63334
NDC,Model,VS+i-run20/20_5,0.33334,0.43334,0.50000,0.63334,0.50000,0.43334
NDC,Model,VS+i-run20/20_6,0.30000,0.36667,0.43334,0.73334,0.43334,0.36667
NDC,Model,VS+i-run20/20_7,0.33334,0.46667,0.50000,0.63334,0.50000,0.46667
NDC,Model,VS+i-run20/20_8,0.33334,0.46667,0.50000,0.63334,0.50000,0.46667
NDC,Model,VS+i-run20/20_9,0.33334,0.43334,0.50000,0.63334,0.50000,0.43334
NDC,Model,VS+i-run3/3_1,0.16667,0.63334,0.63334,0.60000,0.63334,0.63334
NDC,Model,VS+i-run3/3_10,0.23334,0.50000,0.46667,0.70000,0.46667,0.50000
NDC,Model,VS+i-run3/3_11,0.23334,0.50000,0.46667,0.70000,0.46667,0.50000
NDC,Model,VS+i-run3/3_12,0.23334,0.53334,0.43334,0.63334,0.43334,0.53334
NDC,Model,VS+i-run3/3_13,0.26667,0.50000,0.46667,0.66667,0.46667,0.50000
NDC,Model,VS+i-run3/3_14,0.23334,0.56667,0.53334,0.66667,0.53334,0.56667
NDC,Model,VS+i-run3/3_15,0.20000,0.73334,0.76667,0.40000,0.76667,0.73334
NDC,Model,VS+i-run3/3_16,0.23334,0.50000,0.46667,0.70000,0.46667,0.50000
NDC,Model,VS+i-run3/3_17,0.23334,0.53334,0.50000,0.66667,0.50000,0.53334
NDC,Model,VS+i-run3/3_18,0.23334,0.53334,0.53334,0.66667,0.53334,0.53334
NDC,Model,VS+i-run3/3_19,0.23334,0.50000,0.46667,0.70000,0.46667,0.50000
NDC,Model,VS+i-run3/3_2,0.16667,0.63334,0.63334,0.60000,0.63334,0.63334
NDC,Model,VS+i-run3/3_20,0.13334,0.66667,0.63334,0.50000,0.63334,0.66667
NDC,Model,VS+i-run3/3_21,0.23334,0.53334,0.43334,0.63334,0.43334,0.53334
NDC,Model,VS+i-run3/3_22,0.23334,0.56667,0.53334,0.66667,0.53334,0.56667
NDC,Model,VS+i-run3/3_23,0.13334,0.86667,0.80000,0.36667,0.80000,0.86667
NDC,Model,VS+i-run3/3_24,0.23334,0.53334,0.50000,0.66667,0.50000,0.53334
NDC,Model,VS+i-run3/3_25,0.23334,0.53334,0.53334,0.66667,0.53334,0.53334
NDC,Model,VS+i-run3/3_26,0.23334,0.56667,0.53334,0.66667,0.53334,0.56667
NDC,Model,VS+i-run3/3_27,0.23334,0.56667,0.53334,0.66667,0.53334,0.56667
NDC,Model,VS+i-run3/3_28,0.23334,0.53334,0.43334,0.63334,0.43334,0.53334
NDC,Model,VS+i-run3/3_29,0.23334,0.56667,0.53334,0.66667,0.53334,0.56667
NDC,Model,VS+i-run3/3_3,0.16667,0.70000,0.70000,0.46667,0.70000,0.70000
NDC,Model,VS+i-run3/3_30,0.20000,0.73334,0.76667,0.40000,0.76667,0.73334
NDC,Model,VS+i-run3/3_4,0.16667,0.63334,0.63334,0.60000,0.63334,0.63334
NDC,Model,VS+i-run3/3_5,0.26667,0.50000,0.46667,0.66667,0.46667,0.50000
NDC,Model,VS+i-run3/3_6,0.16667,0.66667,0.63334,0.60000,0.63334,0.66667
NDC,Model,VS+i-run3/3_7,0.16667,0.63334,0.63334,0.60000,0.63334,0.63334
NDC,Model,VS+i-run3/3_8,0.13334,0.43334,0.40000,0.73334,0.40000,0.43334
NDC,Model,VS+i-run3/3_9,0.16667,0.70000,0.70000,0.46667,0.70000,0.70000
NDC,Model,VS+i-run4/4_1,0.13334,0.73334,0.66667,0.53334,0.66667,0.73334
NDC,Model,VS+i-run4/4_10,0.13334,0.60000,0.53334,0.56667,0.53334,0.60000
NDC,Model,VS+i-run4/4_11,0.16667,0.70000,0.73334,0.50000,0.73334,0.70000
NDC,Model,VS+i-run4/4_12,0.13334,0.70000,0.76667,0.50000,0.76667,0.70000
NDC,Model,VS+i-run4/4_13,0.13334,0.70000,0.76667,0.50000,0.76667,0.70000
NDC,Model,VS+i-run4/4_14,0.13334,0.73334,0.76667,0.50000,0.76667,0.73334
NDC,Model,VS+i-run4/4_15,0.13334,0.83334,0.80000,0.40000,0.80000,0.83334
NDC,Model,VS+i-run4/4_16,0.13334,0.73334,0.76667,0.50000,0.76667,0.73334
NDC,Model,VS+i-run4/4_17,0.13334,0.73334,0.76667,0.50000,0.76667,0.73334
NDC,Model,VS+i-run4/4_18,0.13334,0.53334,0.53334,0.60000,0.53334,0.53334
NDC,Model,VS+i-run4/4_19,0.13334,0.70000,0.76667,0.50000,0.76667,0.70000
NDC,Model,VS+i-run4/4_2,0.13334,0.73334,0.66667,0.53334,0.66667,0.73334
NDC,Model,VS+i-run4/4_20,0.13334,0.70000,0.76667,0.50000,0.76667,0.70000
NDC,Model,VS+i-run4/4_21,0.13334,0.73334,0.76667,0.50000,0.76667,0.73334
NDC,Model,VS+i-run4/4_22,0.13334,0.73334,0.76667,0.50000,0.76667,0.73334
NDC,Model,VS+i-run4/4_23,0.13334,0.73334,0.76667,0.50000,0.76667,0.73334
NDC,Model,VS+i-run4/4_24,0.13334,0.70000,0.76667,0.50000,0.76667,0.70000
NDC,Model,VS+i-run4/4_25,0.13334,0.70000,0.76667,0.50000,0.76667,0.70000
NDC,Model,VS+i-run4/4_26,0.13334,0.66667,0.63334,0.53334,0.63334,0.66667
NDC,Model,VS+i-run4/4_27,0.13334,0.53334,0.53334,0.60000,0.53334,0.53334
NDC,Model,VS+i-run4/4_28,0.13334,0.50000,0.53334,0.60000,0.53334,0.50000
NDC,Model,VS+i-run4/4_29,0.13334,0.53334,0.53334,0.60000,0.53334,0.53334
NDC,Model,VS+i-run4/4_3,0.13334,0.70000,0.66667,0.53334,0.66667,0.70000
NDC,Model,VS+i-run4/4_30,0.13334,0.53334,0.53334,0.60000,0.53334,0.53334
NDC,Model,VS+i-run4/4_4,0.13334,0.73334,0.66667,0.53334,0.66667,0.73334
NDC,Model,VS+i-run4/4_5,0.13334,0.73334,0.66667,0.53334,0.66667,0.73334
NDC,Model,VS+i-run4/4_6,0.16667,0.70000,0.73334,0.50000,0.73334,0.70000
NDC,Model,VS+i-run4/4_7,0.13334,0.70000,0.76667,0.50000,0.76667,0.70000
NDC,Model,VS+i-run4/4_8,0.13334,0.70000,0.66667,0.53334,0.66667,0.70000
NDC,Model,VS+i-run4/4_9,0.13334,0.70000,0.66667,0.53334,0.66667,0.70000
NDC,Model,VS+i-run5/5_1,0.20000,0.36667,0.36667,0.76667,0.36667,0.36667
NDC,Model,VS+i-run5/5_10,0.20000,0.43334,0.43334,0.73334,0.43334,0.43334
NDC,Model,VS+i-run5/5_11,0.20000,0.40000,0.43334,0.73334,0.43334,0.40000
NDC,Model,VS+i-run5/5_12,0.20000,0.43334,0.43334,0.73334,0.43334,0.43334
NDC,Model,VS+i-run5/5_13,0.20000,0.43334,0.43334,0.73334,0.43334,0.43334
NDC,Model,VS+i-run5/5_14,0.20000,0.43334,0.43334,0.73334,0.43334,0.43334
NDC,Model,VS+i-run5/5_15,0.23334,0.30000,0.30000,0.76667,0.30000,0.30000
NDC,Model,VS+i-run5/5_16,0.20000,0.43334,0.43334,0.73334,0.43334,0.43334
NDC,Model,VS+i-run5/5_17,0.20000,0.43334,0.43334,0.73334,0.43334,0.43334
NDC,Model,VS+i-run5/5_18,0.20000,0.43334,0.43334,0.73334,0.43334,0.43334
NDC,Model,VS+i-run5/5_19,0.20000,0.40000,0.43334,0.73334,0.43334,0.40000
NDC,Model,VS+i-run5/5_2,0.20000,0.36667,0.36667,0.76667,0.36667,0.36667
NDC,Model,VS+i-run5/5_20,0.20000,0.43334,0.43334,0.73334,0.43334,0.43334
NDC,Model,VS+i-run5/5_21,0.20000,0.40000,0.43334,0.73334,0.43334,0.40000
NDC,Model,VS+i-run5/5_22,0.10000,0.60000,0.56667,0.60000,0.56667,0.60000
NDC,Model,VS+i-run5/5_23,0.26667,0.40000,0.40000,0.70000,0.40000,0.40000
NDC,Model,VS+i-run5/5_24,0.20000,0.53334,0.50000,0.60000,0.50000,0.53334
NDC,Model,VS+i-run5/5_25,0.26667,0.30000,0.30000,0.73334,0.30000,0.30000
NDC,Model,VS+i-run5/5_26,0.20000,0.60000,0.53334,0.56667,0.53334,0.60000
NDC,Model,VS+i-run5/5_27,0.16667,0.60000,0.56667,0.56667,0.56667,0.60000
NDC,Model,VS+i-run5/5_28,0.20000,0.40000,0.43334,0.73334,0.43334,0.40000
NDC,Model,VS+i-run5/5_29,0.26667,0.36667,0.36667,0.73334,0.36667,0.36667
NDC,Model,VS+i-run5/5_3,0.20000,0.40000,0.40000,0.73334,0.40000,0.40000
NDC,Model,VS+i-run5/5_30,0.20000,0.60000,0.56667,0.56667,0.56667,0.60000
NDC,Model,VS+i-run5/5_4,0.33334,0.36667,0.36667,0.70000,0.36667,0.36667
NDC,Model,VS+i-run5/5_5,0.20000,0.43334,0.43334,0.73334,0.43334,0.43334
NDC,Model,VS+i-run5/5_6,0.20000,0.43334,0.43334,0.73334,0.43334,0.43334
NDC,Model,VS+i-run5/5_7,0.20000,0.43334,0.43334,0.73334,0.43334,0.43334
NDC,Model,VS+i-run5/5_8,0.26667,0.36667,0.36667,0.73334,0.36667,0.36667
NDC,Model,VS+i-run5/5_9,0.20000,0.56667,0.53334,0.56667,0.53334,0.56667
NDC,Model,VS+i-run6/6_1,0.26667,0.50000,0.50000,0.60000,0.50000,0.50000
NDC,Model,VS+i-run6/6_10,0.23334,0.50000,0.46667,0.66667,0.46667,0.50000
NDC,Model,VS+i-run6/6_11,0.26667,0.36667,0.36667,0.66667,0.36667,0.36667
NDC,Model,VS+i-run6/6_12,0.23334,0.56667,0.63334,0.63334,0.63334,0.56667
NDC,Model,VS+i-run6/6_13,0.23334,0.40000,0.33334,0.73334,0.33334,0.40000
NDC,Model,VS+i-run6/6_14,0.36667,0.40000,0.43334,0.63334,0.43334,0.40000
NDC,Model,VS+i-run6/6_15,0.23334,0.30000,0.30000,0.80000,0.30000,0.30000
NDC,Model,VS+i-run6/6_16,0.26667,0.30000,0.30000,0.73334,0.30000,0.30000
NDC,Model,VS+i-run6/6_17,0.23334,0.30000,0.30000,0.76667,0.30000,0.30000
NDC,Model,VS+i-run6/6_18,0.23334,0.36667,0.33334,0.73334,0.33334,0.36667
NDC,Model,VS+i-run6/6_19,0.23334,0.33334,0.36667,0.73334,0.36667,0.33334
NDC,Model,VS+i-run6/6_2,0.23334,0.50000,0.50000,0.63334,0.50000,0.50000
NDC,Model,VS+i-run6/6_20,0.23334,0.36667,0.33334,0.73334,0.33334,0.36667
NDC,Model,VS+i-run6/6_21,0.23334,0.30000,0.30000,0.76667,0.30000,0.30000
NDC,Model,VS+i-run6/6_22,0.23334,0.36667,0.36667,0.73334,0.36667,0.36667
NDC,Model,VS+i-run6/6_23,0.23334,0.36667,0.36667,0.73334,0.36667,0.36667
NDC,Model,VS+i-run6/6_24,0.23334,0.36667,0.33334,0.73334,0.33334,0.36667
NDC,Model,VS+i-run6/6_25,0.23334,0.36667,0.36667,0.73334,0.36667,0.36667
NDC,Model,VS+i-run6/6_26,0.23334,0.36667,0.33334,0.73334,0.33334,0.36667
NDC,Model,VS+i-run6/6_27,0.23334,0.36667,0.36667,0.70000,0.36667,0.36667
NDC,Model,VS+i-run6/6_28,0.16667,0.60000,0.63334,0.56667,0.63334,0.60000
NDC,Model,VS+i-run6/6_29,0.30000,0.40000,0.43334,0.66667,0.43334,0.40000
NDC,Model,VS+i-run6/6_3,0.23334,0.53334,0.53334,0.60000,0.53334,0.53334
NDC,Model,VS+i-run6/6_30,0.23334,0.56667,0.53334,0.60000,0.53334,0.56667
NDC,Model,VS+i-run6/6_4,0.23334,0.50000,0.50000,0.63334,0.50000,0.50000
NDC,Model,VS+i-run6/6_5,0.13334,0.46667,0.50000,0.70000,0.50000,0.46667
NDC,Model,VS+i-run6/6_6,0.23334,0.36667,0.36667,0.73334,0.36667,0.36667
NDC,Model,VS+i-run6/6_7,0.23334,0.56667,0.63334,0.63334,0.63334,0.56667
NDC,Model,VS+i-run6/6_8,0.23334,0.33334,0.30000,0.76667,0.30000,0.33334
NDC,Model,VS+i-run6/6_9,0.16667,0.63334,0.66667,0.60000,0.66667,0.63334
NDC,Model,VS+i-run7/7_1,0.20000,0.50000,0.53334,0.66667,0.53334,0.50000
NDC,Model,VS+i-run7/7_10,0.20000,0.50000,0.53334,0.66667,0.53334,0.50000
NDC,Model,VS+i-run7/7_11,0.23334,0.70000,0.66667,0.50000,0.66667,0.70000
NDC,Model,VS+i-run7/7_12,0.20000,0.46667,0.53334,0.66667,0.53334,0.46667
NDC,Model,VS+i-run7/7_13,0.20000,0.50000,0.53334,0.66667,0.53334,0.50000
NDC,Model,VS+i-run7/7_14,0.20000,0.50000,0.53334,0.66667,0.53334,0.50000
NDC,Model,VS+i-run7/7_15,0.20000,0.50000,0.53334,0.66667,0.53334,0.50000
NDC,Model,VS+i-run7/7_16,0.20000,0.50000,0.53334,0.66667,0.53334,0.50000
NDC,Model,VS+i-run7/7_17,0.20000,0.46667,0.53334,0.66667,0.53334,0.46667
NDC,Model,VS+i-run7/7_18,0.20000,0.50000,0.53334,0.66667,0.53334,0.50000
NDC,Model,VS+i-run7/7_19,0.20000,0.50000,0.53334,0.66667,0.53334,0.50000
NDC,Model,VS+i-run7/7_2,0.20000,0.46667,0.53334,0.66667,0.53334,0.46667
NDC,Model,VS+i-run7/7_20,0.30000,0.33334,0.43334,0.66667,0.43334,0.33334
NDC,Model,VS+i-run7/7_21,0.20000,0.50000,0.53334,0.66667,0.53334,0.50000
NDC,Model,VS+i-run7/7_22,0.20000,0.50000,0.53334,0.66667,0.53334,0.50000
NDC,Model,VS+i-run7/7_23,0.23334,0.40000,0.43334,0.70000,0.43334,0.40000
NDC,Model,VS+i-run7/7_24,0.23334,0.40000,0.43334,0.70000,0.43334,0.40000
NDC,Model,VS+i-run7/7_25,0.23334,0.40000,0.43334,0.70000,0.43334,0.40000
NDC,Model,VS+i-run7/7_26,0.23334,0.36667,0.43334,0.70000,0.43334,0.36667
NDC,Model,VS+i-run7/7_27,0.23334,0.36667,0.43334,0.70000,0.43334,0.36667
NDC,Model,VS+i-run7/7_28,0.23334,0.40000,0.43334,0.70000,0.43334,0.40000
NDC,Model,VS+i-run7/7_29,0.23334,0.40000,0.43334,0.70000,0.43334,0.40000
NDC,Model,VS+i-run7/7_3,0.23334,0.40000,0.43334,0.70000,0.43334,0.40000
NDC,Model,VS+i-run7/7_30,0.23334,0.40000,0.43334,0.70000,0.43334,0.40000
NDC,Model,VS+i-run7/7_4,0.30000,0.30000,0.40000,0.73334,0.40000,0.30000
NDC,Model,VS+i-run7/7_5,0.20000,0.50000,0.53334,0.66667,0.53334,0.50000
NDC,Model,VS+i-run7/7_6,0.23334,0.33334,0.40000,0.76667,0.40000,0.33334
NDC,Model,VS+i-run7/7_7,0.20000,0.46667,0.53334,0.66667,0.53334,0.46667
NDC,Model,VS+i-run7/7_8,0.20000,0.46667,0.53334,0.66667,0.53334,0.46667
NDC,Model,VS+i-run7/7_9,0.20000,0.46667,0.53334,0.66667,0.53334,0.46667
NDC,Model,VS+i-run8/8_1,0.20000,0.80000,0.66667,0.40000,0.66667,0.80000
NDC,Model,VS+i-run8/8_10,0.30000,0.53334,0.53334,0.56667,0.53334,0.53334
NDC,Model,VS+i-run8/8_11,0.20000,0.76667,0.63334,0.43334,0.63334,0.76667
NDC,Model,VS+i-run8/8_12,0.20000,0.73334,0.63334,0.43334,0.63334,0.73334
NDC,Model,VS+i-run8/8_13,0.20000,0.73334,0.63334,0.43334,0.63334,0.73334
NDC,Model,VS+i-run8/8_14,0.20000,0.73334,0.63334,0.43334,0.63334,0.73334
NDC,Model,VS+i-run8/8_15,0.20000,0.73334,0.63334,0.43334,0.63334,0.73334
NDC,Model,VS+i-run8/8_16,0.20000,0.73334,0.63334,0.43334,0.63334,0.73334
NDC,Model,VS+i-run8/8_17,0.20000,0.76667,0.63334,0.43334,0.63334,0.76667
NDC,Model,VS+i-run8/8_18,0.20000,0.76667,0.63334,0.43334,0.63334,0.76667
NDC,Model,VS+i-run8/8_19,0.30000,0.56667,0.53334,0.56667,0.53334,0.56667
NDC,Model,VS+i-run8/8_2,0.20000,0.80000,0.66667,0.40000,0.66667,0.80000
NDC,Model,VS+i-run8/8_20,0.30000,0.56667,0.53334,0.56667,0.53334,0.56667
NDC,Model,VS+i-run8/8_21,0.30000,0.53334,0.53334,0.56667,0.53334,0.53334
NDC,Model,VS+i-run8/8_22,0.30000,0.56667,0.53334,0.56667,0.53334,0.56667
NDC,Model,VS+i-run8/8_23,0.30000,0.56667,0.53334,0.56667,0.53334,0.56667
NDC,Model,VS+i-run8/8_24,0.16667,0.53334,0.46667,0.63334,0.46667,0.53334
NDC,Model,VS+i-run8/8_25,0.23334,0.43334,0.46667,0.63334,0.46667,0.43334
NDC,Model,VS+i-run8/8_26,0.20000,0.73334,0.63334,0.43334,0.63334,0.73334
NDC,Model,VS+i-run8/8_27,0.16667,0.60000,0.53334,0.60000,0.53334,0.60000
NDC,Model,VS+i-run8/8_28,0.16667,0.60000,0.53334,0.60000,0.53334,0.60000
NDC,Model,VS+i-run8/8_29,0.36667,0.46667,0.50000,0.56667,0.50000,0.46667
NDC,Model,VS+i-run8/8_3,0.20000,0.83334,0.66667,0.40000,0.66667,0.83334
NDC,Model,VS+i-run8/8_30,0.23334,0.46667,0.46667,0.63334,0.46667,0.46667
NDC,Model,VS+i-run8/8_4,0.20000,0.80000,0.66667,0.40000,0.66667,0.80000
NDC,Model,VS+i-run8/8_5,0.20000,0.80000,0.66667,0.40000,0.66667,0.80000
NDC,Model,VS+i-run8/8_6,0.20000,0.73334,0.63334,0.43334,0.63334,0.73334
NDC,Model,VS+i-run8/8_7,0.20000,0.73334,0.63334,0.43334,0.63334,0.73334
NDC,Model,VS+i-run8/8_8,0.20000,0.76667,0.63334,0.43334,0.63334,0.76667
NDC,Model,VS+i-run8/8_9,0.20000,0.73334,0.63334,0.43334,0.63334,0.73334
NDC,Model,VS+i-run9/9_1,0.26667,0.40000,0.46667,0.66667,0.46667,0.40000
NDC,Model,VS+i-run9/9_10,0.26667,0.43334,0.46667,0.66667,0.46667,0.43334
NDC,Model,VS+i-run9/9_11,0.26667,0.43334,0.46667,0.66667,0.46667,0.43334
NDC,Model,VS+i-run9/9_12,0.26667,0.43334,0.46667,0.66667,0.46667,0.43334
NDC,Model,VS+i-run9/9_13,0.26667,0.40000,0.46667,0.66667,0.46667,0.40000
NDC,Model,VS+i-run9/9_14,0.26667,0.43334,0.46667,0.66667,0.46667,0.43334
NDC,Model,VS+i-run9/9_15,0.26667,0.43334,0.46667,0.66667,0.46667,0.43334
NDC,Model,VS+i-run9/9_16,0.26667,0.46667,0.46667,0.66667,0.46667,0.46667
NDC,Model,VS+i-run9/9_17,0.26667,0.33334,0.36667,0.70000,0.36667,0.33334
NDC,Model,VS+i-run9/9_18,0.26667,0.33334,0.36667,0.73334,0.36667,0.33334
NDC,Model,VS+i-run9/9_19,0.26667,0.40000,0.43334,0.66667,0.43334,0.40000
NDC,Model,VS+i-run9/9_2,0.26667,0.40000,0.46667,0.66667,0.46667,0.40000
NDC,Model,VS+i-run9/9_20,0.26667,0.33334,0.36667,0.73334,0.36667,0.33334
NDC,Model,VS+i-run9/9_21,0.26667,0.40000,0.43334,0.66667,0.43334,0.40000
NDC,Model,VS+i-run9/9_22,0.26667,0.33334,0.36667,0.73334,0.36667,0.33334
NDC,Model,VS+i-run9/9_23,0.26667,0.36667,0.40000,0.66667,0.40000,0.36667
NDC,Model,VS+i-run9/9_24,0.26667,0.36667,0.40000,0.66667,0.40000,0.36667
NDC,Model,VS+i-run9/9_25,0.26667,0.40000,0.43334,0.66667,0.43334,0.40000
NDC,Model,VS+i-run9/9_26,0.26667,0.40000,0.43334,0.66667,0.43334,0.40000
NDC,Model,VS+i-run9/9_27,0.26667,0.46667,0.46667,0.66667,0.46667,0.46667
NDC,Model,VS+i-run9/9_28,0.26667,0.40000,0.43334,0.66667,0.43334,0.40000
NDC,Model,VS+i-run9/9_29,0.26667,0.33334,0.36667,0.70000,0.36667,0.33334
NDC,Model,VS+i-run9/9_3,0.26667,0.43334,0.46667,0.66667,0.46667,0.43334
NDC,Model,VS+i-run9/9_30,0.26667,0.33334,0.36667,0.70000,0.36667,0.33334
NDC,Model,VS+i-run9/9_4,0.26667,0.43334,0.46667,0.66667,0.46667,0.43334
NDC,Model,VS+i-run9/9_5,0.26667,0.43334,0.46667,0.66667,0.46667,0.43334
NDC,Model,VS+i-run9/9_6,0.26667,0.43334,0.46667,0.66667,0.46667,0.43334
NDC,Model,VS+i-run9/9_7,0.30000,0.33334,0.36667,0.66667,0.36667,0.33334
NDC,Model,VS+i-run9/9_8,0.26667,0.43334,0.46667,0.66667,0.46667,0.43334
NDC,Model,VS+i-run9/9_9,0.26667,0.40000,0.46667,0.66667,0.46667,0.40000
NDC,NHLattice,VS+i-run1/1_1,0.43334,0.20000,0.70000,0.46667,0.43334,0.46667
NDC,NHLattice,VS+i-run1/1_10,0.40000,0.20000,0.70000,0.46667,0.46667,0.40000
NDC,NHLattice,VS+i-run1/1_11,0.43334,0.20000,0.70000,0.46667,0.46667,0.43334
NDC,NHLattice,VS+i-run1/1_12,0.43334,0.20000,0.46667,0.70000,0.46667,0.43334
NDC,NHLattice,VS+i-run1/1_13,0.40000,0.20000,0.70000,0.46667,0.46667,0.40000
NDC,NHLattice,VS+i-run1/1_14,0.43334,0.20000,0.70000,0.46667,0.43334,0.46667
NDC,NHLattice,VS+i-run1/1_15,0.43334,0.20000,0.70000,0.46667,0.46667,0.43334
NDC,NHLattice,VS+i-run1/1_16,0.43334,0.20000,0.46667,0.70000,0.43334,0.46667
NDC,NHLattice,VS+i-run1/1_17,0.43334,0.20000,0.46667,0.70000,0.43334,0.46667
NDC,NHLattice,VS+i-run1/1_18,0.43334,0.20000,0.70000,0.46667,0.46667,0.43334
NDC,NHLattice,VS+i-run1/1_19,0.63334,0.16667,0.60000,0.63334,0.63334,0.63334
NDC,NHLattice,VS+i-run1/1_2,0.40000,0.20000,0.46667,0.70000,0.40000,0.46667
NDC,NHLattice,VS+i-run1/1_20,0.66667,0.13334,0.63334,0.56667,0.66667,0.63334
NDC,NHLattice,VS+i-run1/1_21,0.40000,0.20000,0.46667,0.70000,0.40000,0.46667
NDC,NHLattice,VS+i-run1/1_22,0.40000,0.20000,0.46667,0.70000,0.40000,0.46667
NDC,NHLattice,VS+i-run1/1_23,0.43334,0.20000,0.46667,0.70000,0.43334,0.46667
NDC,NHLattice,VS+i-run1/1_24,0.33334,0.33334,0.76667,0.33334,0.33334,0.33334
NDC,NHLattice,VS+i-run1/1_25,0.43334,0.20000,0.46667,0.70000,0.43334,0.46667
NDC,NHLattice,VS+i-run1/1_26,0.43334,0.20000,0.46667,0.70000,0.43334,0.46667
NDC,NHLattice,VS+i-run1/1_27,0.40000,0.20000,0.46667,0.70000,0.40000,0.46667
NDC,NHLattice,VS+i-run1/1_28,0.43334,0.20000,0.46667,0.70000,0.43334,0.46667
NDC,NHLattice,VS+i-run1/1_29,0.43334,0.20000,0.46667,0.70000,0.43334,0.46667
NDC,NHLattice,VS+i-run1/1_3,0.33334,0.23334,0.76667,0.33334,0.33334,0.33334
NDC,NHLattice,VS+i-run1/1_30,0.40000,0.20000,0.46667,0.70000,0.40000,0.46667
NDC,NHLattice,VS+i-run1/1_4,0.43334,0.20000,0.70000,0.46667,0.43334,0.46667
NDC,NHLattice,VS+i-run1/1_5,0.43334,0.20000,0.46667,0.70000,0.43334,0.46667
NDC,NHLattice,VS+i-run1/1_6,0.43334,0.20000,0.70000,0.46667,0.46667,0.43334
NDC,NHLattice,VS+i-run1/1_7,0.40000,0.20000,0.46667,0.70000,0.40000,0.46667
NDC,NHLattice,VS+i-run1/1_8,0.50000,0.20000,0.53334,0.63334,0.50000,0.53334
NDC,NHLattice,VS+i-run1/1_9,0.43334,0.20000,0.70000,0.46667,0.46667,0.43334
NDC,NHLattice,VS+i-run10/10_1,0.50000,0.20000,0.70000,0.46667,0.46667,0.50000
NDC,NHLattice,VS+i-run10/10_10,0.50000,0.20000,0.70000,0.46667,0.46667,0.50000
NDC,NHLattice,VS+i-run10/10_11,0.53334,0.20000,0.66667,0.53334,0.53334,0.53334
NDC,NHLattice,VS+i-run10/10_12,0.53334,0.20000,0.66667,0.50000,0.50000,0.53334
NDC,NHLattice,VS+i-run10/10_13,0.56667,0.20000,0.66667,0.53334,0.53334,0.56667
NDC,NHLattice,VS+i-run10/10_14,0.53334,0.20000,0.66667,0.53334,0.53334,0.53334
NDC,NHLattice,VS+i-run10/10_15,0.50000,0.20000,0.70000,0.46667,0.46667,0.50000
NDC,NHLattice,VS+i-run10/10_16,0.56667,0.20000,0.66667,0.53334,0.53334,0.56667
NDC,NHLattice,VS+i-run10/10_17,0.56667,0.20000,0.66667,0.50000,0.50000,0.56667
NDC,NHLattice,VS+i-run10/10_18,0.53334,0.20000,0.66667,0.53334,0.53334,0.53334
NDC,NHLattice,VS+i-run10/10_19,0.56667,0.20000,0.66667,0.53334,0.53334,0.56667
NDC,NHLattice,VS+i-run10/10_2,0.50000,0.20000,0.70000,0.46667,0.46667,0.50000
NDC,NHLattice,VS+i-run10/10_20,0.83334,0.10000,0.76667,0.46667,0.83334,0.76667
NDC,NHLattice,VS+i-run10/10_21,0.46667,0.16667,0.70000,0.43334,0.46667,0.43334
NDC,NHLattice,VS+i-run10/10_22,0.56667,0.20000,0.53334,0.66667,0.53334,0.56667
NDC,NHLattice,VS+i-run10/10_23,0.53334,0.20000,0.66667,0.53334,0.53334,0.53334
NDC,NHLattice,VS+i-run10/10_24,0.83334,0.10000,0.46667,0.76667,0.76667,0.83334
NDC,NHLattice,VS+i-run10/10_25,0.53334,0.20000,0.50000,0.66667,0.53334,0.50000
NDC,NHLattice,VS+i-run10/10_26,0.46667,0.16667,0.70000,0.43334,0.46667,0.43334
NDC,NHLattice,VS+i-run10/10_27,0.50000,0.20000,0.70000,0.46667,0.46667,0.50000
NDC,NHLattice,VS+i-run10/10_28,0.56667,0.20000,0.66667,0.53334,0.53334,0.56667
NDC,NHLattice,VS+i-run10/10_29,0.53334,0.20000,0.66667,0.53334,0.53334,0.53334
NDC,NHLattice,VS+i-run10/10_3,0.50000,0.20000,0.70000,0.46667,0.46667,0.50000
NDC,NHLattice,VS+i-run10/10_30,0.86667,0.10000,0.46667,0.76667,0.76667,0.86667
NDC,NHLattice,VS+i-run10/10_4,0.50000,0.20000,0.70000,0.46667,0.46667,0.50000
NDC,NHLattice,VS+i-run10/10_5,0.50000,0.20000,0.70000,0.46667,0.46667,0.50000
NDC,NHLattice,VS+i-run10/10_6,0.56667,0.20000,0.66667,0.53334,0.53334,0.56667
NDC,NHLattice,VS+i-run10/10_7,0.53334,0.20000,0.66667,0.53334,0.53334,0.53334
NDC,NHLattice,VS+i-run10/10_8,0.56667,0.20000,0.66667,0.53334,0.56667,0.53334
NDC,NHLattice,VS+i-run10/10_9,0.56667,0.20000,0.66667,0.50000,0.56667,0.50000
NDC,NHLattice,VS+i-run11/11_1,0.33334,0.20000,0.73334,0.30000,0.30000,0.33334
NDC,NHLattice,VS+i-run11/11_10,0.40000,0.20000,0.70000,0.36667,0.36667,0.40000
NDC,NHLattice,VS+i-run11/11_11,0.40000,0.20000,0.70000,0.36667,0.36667,0.40000
NDC,NHLattice,VS+i-run11/11_12,0.40000,0.20000,0.70000,0.36667,0.36667,0.40000
NDC,NHLattice,VS+i-run11/11_13,0.70000,0.13334,0.63334,0.53334,0.63334,0.70000
NDC,NHLattice,VS+i-run11/11_14,0.56667,0.23334,0.53334,0.50000,0.56667,0.50000
NDC,NHLattice,VS+i-run11/11_15,0.50000,0.33334,0.60000,0.46667,0.50000,0.46667
NDC,NHLattice,VS+i-run11/11_16,0.53334,0.26667,0.60000,0.53334,0.53334,0.53334
NDC,NHLattice,VS+i-run11/11_17,0.40000,0.20000,0.70000,0.36667,0.36667,0.40000
NDC,NHLattice,VS+i-run11/11_18,0.70000,0.13334,0.63334,0.53334,0.63334,0.70000
NDC,NHLattice,VS+i-run11/11_19,0.40000,0.20000,0.70000,0.36667,0.40000,0.36667
NDC,NHLattice,VS+i-run11/11_2,0.33334,0.20000,0.73334,0.30000,0.30000,0.33334
NDC,NHLattice,VS+i-run11/11_20,0.70000,0.13334,0.50000,0.73334,0.73334,0.70000
NDC,NHLattice,VS+i-run11/11_21,0.36667,0.20000,0.70000,0.36667,0.36667,0.36667
NDC,NHLattice,VS+i-run11/11_22,0.40000,0.20000,0.70000,0.36667,0.36667,0.40000
NDC,NHLattice,VS+i-run11/11_23,0.40000,0.20000,0.70000,0.36667,0.40000,0.36667
NDC,NHLattice,VS+i-run11/11_24,0.40000,0.20000,0.70000,0.36667,0.40000,0.36667
NDC,NHLattice,VS+i-run11/11_25,0.40000,0.20000,0.70000,0.36667,0.40000,0.36667
NDC,NHLattice,VS+i-run11/11_26,0.36667,0.20000,0.70000,0.36667,0.36667,0.36667
NDC,NHLattice,VS+i-run11/11_27,0.40000,0.20000,0.70000,0.36667,0.36667,0.40000
NDC,NHLattice,VS+i-run11/11_28,0.60000,0.13334,0.56667,0.60000,0.60000,0.60000
NDC,NHLattice,VS+i-run11/11_29,0.73334,0.16667,0.80000,0.43334,0.73334,0.80000
NDC,NHLattice,VS+i-run11/11_3,0.40000,0.20000,0.70000,0.36667,0.40000,0.36667
NDC,NHLattice,VS+i-run11/11_30,0.40000,0.20000,0.70000,0.36667,0.40000,0.36667
NDC,NHLattice,VS+i-run11/11_4,0.40000,0.20000,0.70000,0.36667,0.40000,0.36667
NDC,NHLattice,VS+i-run11/11_5,0.40000,0.20000,0.70000,0.36667,0.40000,0.36667
NDC,NHLattice,VS+i-run11/11_6,0.33334,0.20000,0.76667,0.30000,0.30000,0.33334
NDC,NHLattice,VS+i-run11/11_7,0.33334,0.20000,0.76667,0.30000,0.30000,0.33334
NDC,NHLattice,VS+i-run11/11_8,0.40000,0.20000,0.70000,0.36667,0.40000,0.36667
NDC,NHLattice,VS+i-run11/11_9,0.53334,0.23334,0.53334,0.50000,0.50000,0.53334
NDC,NHLattice,VS+i-run12/12_1,0.26667,0.30000,0.80000,0.23334,0.26667,0.23334
NDC,NHLattice,VS+i-run12/12_10,0.23334,0.30000,0.80000,0.23334,0.23334,0.23334
NDC,NHLattice,VS+i-run12/12_11,0.26667,0.30000,0.80000,0.23334,0.26667,0.23334
NDC,NHLattice,VS+i-run12/12_12,0.26667,0.30000,0.80000,0.23334,0.26667,0.23334
NDC,NHLattice,VS+i-run12/12_13,0.23334,0.30000,0.80000,0.23334,0.23334,0.23334
NDC,NHLattice,VS+i-run12/12_14,0.26667,0.30000,0.80000,0.23334,0.23334,0.26667
NDC,NHLattice,VS+i-run12/12_15,0.26667,0.23334,0.83334,0.26667,0.26667,0.26667
NDC,NHLattice,VS+i-run12/12_16,0.26667,0.30000,0.80000,0.23334,0.23334,0.26667
NDC,NHLattice,VS+i-run12/12_17,0.33334,0.23334,0.80000,0.33334,0.33334,0.33334
NDC,NHLattice,VS+i-run12/12_18,0.60000,0.10000,0.63334,0.56667,0.60000,0.56667
NDC,NHLattice,VS+i-run12/12_19,0.26667,0.23334,0.83334,0.26667,0.26667,0.26667
NDC,NHLattice,VS+i-run12/12_2,0.26667,0.30000,0.80000,0.23334,0.26667,0.23334
NDC,NHLattice,VS+i-run12/12_20,0.26667,0.23334,0.83334,0.26667,0.26667,0.26667
NDC,NHLattice,VS+i-run12/12_21,0.26667,0.23334,0.83334,0.26667,0.26667,0.26667
NDC,NHLattice,VS+i-run12/12_22,0.50000,0.16667,0.66667,0.46667,0.50000,0.46667
NDC,NHLattice,VS+i-run12/12_23,0.63334,0.10000,0.63334,0.56667,0.56667,0.63334
NDC,NHLattice,VS+i-run12/12_24,0.63334,0.10000,0.63334,0.56667,0.63334,0.56667
NDC,NHLattice,VS+i-run12/12_25,0.63334,0.10000,0.63334,0.56667,0.63334,0.56667
NDC,NHLattice,VS+i-run12/12_26,0.63334,0.10000,0.63334,0.56667,0.63334,0.56667
NDC,NHLattice,VS+i-run12/12_27,0.60000,0.10000,0.63334,0.56667,0.60000,0.56667
NDC,NHLattice,VS+i-run12/12_28,0.60000,0.10000,0.63334,0.56667,0.60000,0.56667
NDC,NHLattice,VS+i-run12/12_29,0.60000,0.10000,0.63334,0.56667,0.60000,0.56667
NDC,NHLattice,VS+i-run12/12_3,0.26667,0.30000,0.80000,0.23334,0.26667,0.23334
NDC,NHLattice,VS+i-run12/12_30,0.63334,0.10000,0.63334,0.56667,0.63334,0.56667
NDC,NHLattice,VS+i-run12/12_4,0.26667,0.30000,0.80000,0.23334,0.26667,0.23334
NDC,NHLattice,VS+i-run12/12_5,0.23334,0.30000,0.80000,0.23334,0.23334,0.23334
NDC,NHLattice,VS+i-run12/12_6,0.26667,0.30000,0.80000,0.23334,0.26667,0.23334
NDC,NHLattice,VS+i-run12/12_7,0.26667,0.30000,0.80000,0.23334,0.26667,0.23334
NDC,NHLattice,VS+i-run12/12_8,0.26667,0.30000,0.80000,0.23334,0.26667,0.23334
NDC,NHLattice,VS+i-run12/12_9,0.26667,0.30000,0.80000,0.23334,0.26667,0.23334
NDC,NHLattice,VS+i-run13/13_1,0.53334,0.26667,0.66667,0.53334,0.53334,0.53334
NDC,NHLattice,VS+i-run13/13_10,0.50000,0.23334,0.66667,0.46667,0.50000,0.46667
NDC,NHLattice,VS+i-run13/13_11,0.50000,0.23334,0.66667,0.46667,0.50000,0.46667
NDC,NHLattice,VS+i-run13/13_12,0.53334,0.20000,0.66667,0.53334,0.53334,0.53334
NDC,NHLattice,VS+i-run13/13_13,0.53334,0.20000,0.60000,0.56667,0.56667,0.53334
NDC,NHLattice,VS+i-run13/13_14,0.50000,0.20000,0.70000,0.46667,0.50000,0.46667
NDC,NHLattice,VS+i-run13/13_15,0.56667,0.20000,0.66667,0.50000,0.56667,0.50000
NDC,NHLattice,VS+i-run13/13_16,0.50000,0.20000,0.70000,0.46667,0.50000,0.46667
NDC,NHLattice,VS+i-run13/13_17,0.53334,0.20000,0.66667,0.53334,0.53334,0.53334
NDC,NHLattice,VS+i-run13/13_18,0.50000,0.20000,0.70000,0.46667,0.50000,0.46667
NDC,NHLattice,VS+i-run13/13_19,0.50000,0.20000,0.70000,0.46667,0.50000,0.46667
NDC,NHLattice,VS+i-run13/13_2,0.53334,0.26667,0.66667,0.53334,0.53334,0.53334
NDC,NHLattice,VS+i-run13/13_20,0.50000,0.20000,0.70000,0.46667,0.50000,0.46667
NDC,NHLattice,VS+i-run13/13_21,0.50000,0.20000,0.70000,0.46667,0.50000,0.46667
NDC,NHLattice,VS+i-run13/13_22,0.56667,0.20000,0.66667,0.53334,0.56667,0.53334
NDC,NHLattice,VS+i-run13/13_23,0.50000,0.26667,0.66667,0.46667,0.50000,0.46667
NDC,NHLattice,VS+i-run13/13_24,0.50000,0.20000,0.70000,0.46667,0.50000,0.46667
NDC,NHLattice,VS+i-run13/13_25,0.56667,0.20000,0.66667,0.50000,0.56667,0.50000
NDC,NHLattice,VS+i-run13/13_26,0.56667,0.20000,0.66667,0.53334,0.56667,0.53334
NDC,NHLattice,VS+i-run13/13_27,0.56667,0.20000,0.66667,0.53334,0.56667,0.53334
NDC,NHLattice,VS+i-run13/13_28,0.46667,0.20000,0.63334,0.50000,0.50000,0.46667
NDC,NHLattice,VS+i-run13/13_29,0.53334,0.20000,0.60000,0.56667,0.56667,0.53334
NDC,NHLattice,VS+i-run13/13_3,0.50000,0.20000,0.70000,0.46667,0.50000,0.46667
NDC,NHLattice,VS+i-run13/13_30,0.56667,0.20000,0.66667,0.50000,0.50000,0.56667
NDC,NHLattice,VS+i-run13/13_4,0.50000,0.26667,0.66667,0.53334,0.53334,0.50000
NDC,NHLattice,VS+i-run13/13_5,0.53334,0.26667,0.66667,0.53334,0.53334,0.53334
NDC,NHLattice,VS+i-run13/13_6,0.53334,0.26667,0.66667,0.53334,0.53334,0.53334
NDC,NHLattice,VS+i-run13/13_7,0.50000,0.23334,0.66667,0.46667,0.50000,0.46667
NDC,NHLattice,VS+i-run13/13_8,0.50000,0.20000,0.70000,0.46667,0.50000,0.46667
NDC,NHLattice,VS+i-run13/13_9,0.56667,0.20000,0.66667,0.53334,0.56667,0.53334
NDC,NHLattice,VS+i-run14/14_1,0.53334,0.23334,0.56667,0.53334,0.53334,0.53334
NDC,NHLattice,VS+i-run14/14_10,0.40000,0.26667,0.70000,0.40000,0.40000,0.40000
NDC,NHLattice,VS+i-run14/14_11,0.53334,0.30000,0.56667,0.50000,0.53334,0.50000
NDC,NHLattice,VS+i-run14/14_12,0.33334,0.23334,0.76667,0.30000,0.30000,0.33334
NDC,NHLattice,VS+i-run14/14_13,0.53334,0.23334,0.63334,0.50000,0.53334,0.50000
NDC,NHLattice,VS+i-run14/14_14,0.53334,0.23334,0.60000,0.50000,0.53334,0.50000
NDC,NHLattice,VS+i-run14/14_15,0.56667,0.23334,0.56667,0.53334,0.56667,0.53334
NDC,NHLattice,VS+i-run14/14_16,0.50000,0.30000,0.40000,0.60000,0.40000,0.50000
NDC,NHLattice,VS+i-run14/14_17,0.33334,0.23334,0.76667,0.30000,0.33334,0.30000
NDC,NHLattice,VS+i-run14/14_18,0.60000,0.23334,0.56667,0.53334,0.60000,0.53334
NDC,NHLattice,VS+i-run14/14_19,0.53334,0.26667,0.46667,0.60000,0.53334,0.46667
NDC,NHLattice,VS+i-run14/14_2,0.53334,0.23334,0.56667,0.53334,0.53334,0.53334
NDC,NHLattice,VS+i-run14/14_20,0.50000,0.23334,0.56667,0.53334,0.50000,0.53334
NDC,NHLattice,VS+i-run14/14_21,0.53334,0.23334,0.60000,0.56667,0.53334,0.56667
NDC,NHLattice,VS+i-run14/14_22,0.53334,0.23334,0.63334,0.50000,0.53334,0.50000
NDC,NHLattice,VS+i-run14/14_23,0.56667,0.23334,0.56667,0.56667,0.56667,0.56667
NDC,NHLattice,VS+i-run14/14_24,0.53334,0.23334,0.63334,0.50000,0.53334,0.50000
NDC,NHLattice,VS+i-run14/14_25,0.56667,0.23334,0.56667,0.56667,0.56667,0.56667
NDC,NHLattice,VS+i-run14/14_26,0.60000,0.30000,0.53334,0.56667,0.56667,0.60000
NDC,NHLattice,VS+i-run14/14_27,0.50000,0.26667,0.40000,0.66667,0.50000,0.40000
NDC,NHLattice,VS+i-run14/14_28,0.53334,0.23334,0.60000,0.50000,0.53334,0.50000
NDC,NHLattice,VS+i-run14/14_29,0.53334,0.23334,0.60000,0.50000,0.53334,0.50000
NDC,NHLattice,VS+i-run14/14_3,0.53334,0.26667,0.56667,0.50000,0.53334,0.50000
NDC,NHLattice,VS+i-run14/14_30,0.53334,0.23334,0.60000,0.50000,0.53334,0.50000
NDC,NHLattice,VS+i-run14/14_4,0.26667,0.26667,0.76667,0.26667,0.26667,0.26667
NDC,NHLattice,VS+i-run14/14_5,0.56667,0.23334,0.56667,0.56667,0.56667,0.56667
NDC,NHLattice,VS+i-run14/14_6,0.53334,0.23334,0.60000,0.50000,0.53334,0.50000
NDC,NHLattice,VS+i-run14/14_7,0.53334,0.23334,0.60000,0.50000,0.53334,0.50000
NDC,NHLattice,VS+i-run14/14_8,0.56667,0.23334,0.56667,0.56667,0.56667,0.56667
NDC,NHLattice,VS+i-run14/14_9,0.53334,0.23334,0.60000,0.50000,0.53334,0.50000
NDC,NHLattice,VS+i-run15/15_1,0.56667,0.16667,0.56667,0.56667,0.56667,0.56667
NDC,NHLattice,VS+i-run15/15_10,0.63334,0.16667,0.60000,0.53334,0.63334,0.60000
NDC,NHLattice,VS+i-run15/15_11,0.60000,0.16667,0.60000,0.53334,0.60000,0.60000
NDC,NHLattice,VS+i-run15/15_12,0.60000,0.16667,0.60000,0.53334,0.60000,0.60000
NDC,NHLattice,VS+i-run15/15_13,0.60000,0.10000,0.60000,0.56667,0.56667,0.60000
NDC,NHLattice,VS+i-run15/15_14,0.63334,0.16667,0.60000,0.53334,0.63334,0.60000
NDC,NHLattice,VS+i-run15/15_15,0.63334,0.16667,0.60000,0.53334,0.63334,0.60000
NDC,NHLattice,VS+i-run15/15_16,0.63334,0.16667,0.53334,0.60000,0.63334,0.60000
NDC,NHLattice,VS+i-run15/15_17,0.63334,0.16667,0.60000,0.53334,0.63334,0.60000
NDC,NHLattice,VS+i-run15/15_18,0.60000,0.16667,0.60000,0.53334,0.60000,0.60000
NDC,NHLattice,VS+i-run15/15_19,0.56667,0.10000,0.56667,0.60000,0.56667,0.56667
NDC,NHLattice,VS+i-run15/15_2,0.60000,0.16667,0.60000,0.53334,0.60000,0.60000
NDC,NHLattice,VS+i-run15/15_20,0.60000,0.10000,0.60000,0.56667,0.56667,0.60000
NDC,NHLattice,VS+i-run15/15_21,0.53334,0.10000,0.63334,0.56667,0.53334,0.56667
NDC,NHLattice,VS+i-run15/15_22,0.60000,0.10000,0.56667,0.60000,0.60000,0.56667
NDC,NHLattice,VS+i-run15/15_23,0.56667,0.10000,0.56667,0.60000,0.56667,0.56667
NDC,NHLattice,VS+i-run15/15_24,0.60000,0.10000,0.56667,0.60000,0.60000,0.56667
NDC,NHLattice,VS+i-run15/15_25,0.53334,0.10000,0.60000,0.53334,0.53334,0.53334
NDC,NHLattice,VS+i-run15/15_26,0.56667,0.10000,0.56667,0.60000,0.56667,0.56667
NDC,NHLattice,VS+i-run15/15_27,0.36667,0.23334,0.76667,0.30000,0.36667,0.30000
NDC,NHLattice,VS+i-run15/15_28,0.56667,0.10000,0.63334,0.53334,0.56667,0.53334
NDC,NHLattice,VS+i-run15/15_29,0.56667,0.10000,0.60000,0.56667,0.56667,0.56667
NDC,NHLattice,VS+i-run15/15_3,0.56667,0.20000,0.56667,0.53334,0.56667,0.56667
NDC,NHLattice,VS+i-run15/15_30,0.53334,0.10000,0.63334,0.56667,0.53334,0.56667
NDC,NHLattice,VS+i-run15/15_4,0.60000,0.16667,0.53334,0.56667,0.60000,0.53334
NDC,NHLattice,VS+i-run15/15_5,0.60000,0.16667,0.60000,0.53334,0.60000,0.60000
NDC,NHLattice,VS+i-run15/15_6,0.60000,0.16667,0.60000,0.53334,0.60000,0.60000
NDC,NHLattice,VS+i-run15/15_7,0.63334,0.16667,0.60000,0.53334,0.63334,0.60000
NDC,NHLattice,VS+i-run15/15_8,0.63334,0.16667,0.60000,0.53334,0.63334,0.60000
NDC,NHLattice,VS+i-run15/15_9,0.63334,0.16667,0.60000,0.53334,0.63334,0.60000
NDC,NHLattice,VS+i-run16/16_1,0.43334,0.23334,0.63334,0.43334,0.43334,0.43334
NDC,NHLattice,VS+i-run16/16_10,0.50000,0.23334,0.46667,0.60000,0.50000,0.46667
NDC,NHLattice,VS+i-run16/16_11,0.50000,0.23334,0.46667,0.60000,0.50000,0.46667
NDC,NHLattice,VS+i-run16/16_12,0.33334,0.23334,0.76667,0.36667,0.36667,0.33334
NDC,NHLattice,VS+i-run16/16_13,0.46667,0.23334,0.46667,0.60000,0.46667,0.46667
NDC,NHLattice,VS+i-run16/16_14,0.50000,0.23334,0.46667,0.60000,0.50000,0.46667
NDC,NHLattice,VS+i-run16/16_15,0.50000,0.23334,0.60000,0.46667,0.50000,0.46667
NDC,NHLattice,VS+i-run16/16_16,0.46667,0.23334,0.46667,0.60000,0.46667,0.46667
NDC,NHLattice,VS+i-run16/16_17,0.50000,0.23334,0.46667,0.60000,0.50000,0.46667
NDC,NHLattice,VS+i-run16/16_18,0.50000,0.23334,0.46667,0.60000,0.50000,0.46667
NDC,NHLattice,VS+i-run16/16_19,0.50000,0.23334,0.46667,0.60000,0.50000,0.46667
NDC,NHLattice,VS+i-run16/16_2,0.46667,0.23334,0.60000,0.46667,0.46667,0.46667
NDC,NHLattice,VS+i-run16/16_20,0.50000,0.23334,0.60000,0.46667,0.50000,0.46667
NDC,NHLattice,VS+i-run16/16_21,0.46667,0.23334,0.63334,0.46667,0.46667,0.46667
NDC,NHLattice,VS+i-run16/16_22,0.50000,0.30000,0.60000,0.43334,0.50000,0.43334
NDC,NHLattice,VS+i-run16/16_23,0.33334,0.23334,0.76667,0.36667,0.36667,0.33334
NDC,NHLattice,VS+i-run16/16_24,0.46667,0.30000,0.60000,0.43334,0.46667,0.43334
NDC,NHLattice,VS+i-run16/16_25,0.46667,0.20000,0.70000,0.43334,0.43334,0.46667
NDC,NHLattice,VS+i-run16/16_26,0.36667,0.23334,0.70000,0.46667,0.46667,0.36667
NDC,NHLattice,VS+i-run16/16_27,0.40000,0.23334,0.70000,0.46667,0.46667,0.40000
NDC,NHLattice,VS+i-run16/16_28,0.40000,0.23334,0.70000,0.46667,0.46667,0.40000
NDC,NHLattice,VS+i-run16/16_29,0.40000,0.23334,0.70000,0.46667,0.46667,0.40000
NDC,NHLattice,VS+i-run16/16_3,0.46667,0.23334,0.50000,0.60000,0.46667,0.50000
NDC,NHLattice,VS+i-run16/16_30,0.40000,0.23334,0.70000,0.46667,0.46667,0.40000
NDC,NHLattice,VS+i-run16/16_4,0.40000,0.23334,0.70000,0.46667,0.46667,0.40000
NDC,NHLattice,VS+i-run16/16_5,0.50000,0.23334,0.50000,0.60000,0.50000,0.50000
NDC,NHLattice,VS+i-run16/16_6,0.50000,0.23334,0.46667,0.60000,0.50000,0.46667
NDC,NHLattice,VS+i-run16/16_7,0.46667,0.23334,0.46667,0.60000,0.46667,0.46667
NDC,NHLattice,VS+i-run16/16_8,0.46667,0.23334,0.46667,0.60000,0.46667,0.46667
NDC,NHLattice,VS+i-run16/16_9,0.50000,0.23334,0.46667,0.60000,0.50000,0.46667
NDC,NHLattice,VS+i-run17/17_1,0.50000,0.16667,0.66667,0.46667,0.46667,0.50000
NDC,NHLattice,VS+i-run17/17_10,0.50000,0.16667,0.66667,0.46667,0.46667,0.50000
NDC,NHLattice,VS+i-run17/17_11,0.50000,0.16667,0.66667,0.46667,0.46667,0.50000
NDC,NHLattice,VS+i-run17/17_12,0.46667,0.16667,0.66667,0.46667,0.46667,0.46667
NDC,NHLattice,VS+i-run17/17_13,0.46667,0.16667,0.66667,0.46667,0.46667,0.46667
NDC,NHLattice,VS+i-run17/17_14,0.50000,0.16667,0.66667,0.46667,0.46667,0.50000
NDC,NHLattice,VS+i-run17/17_15,0.60000,0.13334,0.60000,0.63334,0.63334,0.60000
NDC,NHLattice,VS+i-run17/17_16,0.46667,0.16667,0.66667,0.46667,0.46667,0.46667
NDC,NHLattice,VS+i-run17/17_17,0.50000,0.16667,0.66667,0.46667,0.46667,0.50000
NDC,NHLattice,VS+i-run17/17_18,0.46667,0.16667,0.66667,0.56667,0.56667,0.46667
NDC,NHLattice,VS+i-run17/17_19,0.56667,0.16667,0.60000,0.60000,0.56667,0.60000
NDC,NHLattice,VS+i-run17/17_2,0.46667,0.16667,0.66667,0.46667,0.46667,0.46667
NDC,NHLattice,VS+i-run17/17_20,0.46667,0.16667,0.66667,0.56667,0.56667,0.46667
NDC,NHLattice,VS+i-run17/17_21,0.53334,0.16667,0.63334,0.63334,0.63334,0.53334
NDC,NHLattice,VS+i-run17/17_22,0.53334,0.16667,0.63334,0.63334,0.63334,0.53334
NDC,NHLattice,VS+i-run17/17_23,0.53334,0.16667,0.63334,0.60000,0.60000,0.53334
NDC,NHLattice,VS+i-run17/17_24,0.53334,0.16667,0.63334,0.60000,0.60000,0.53334
NDC,NHLattice,VS+i-run17/17_25,0.66667,0.20000,0.56667,0.63334,0.66667,0.63334
NDC,NHLattice,VS+i-run17/17_26,0.50000,0.16667,0.63334,0.60000,0.60000,0.50000
NDC,NHLattice,VS+i-run17/17_27,0.53334,0.16667,0.63334,0.60000,0.60000,0.53334
NDC,NHLattice,VS+i-run17/17_28,0.63334,0.20000,0.56667,0.63334,0.63334,0.63334
NDC,NHLattice,VS+i-run17/17_29,0.66667,0.20000,0.56667,0.66667,0.66667,0.66667
NDC,NHLattice,VS+i-run17/17_3,0.46667,0.16667,0.66667,0.46667,0.46667,0.46667
NDC,NHLattice,VS+i-run17/17_30,0.46667,0.16667,0.66667,0.56667,0.56667,0.46667
NDC,NHLattice,VS+i-run17/17_4,0.50000,0.16667,0.66667,0.46667,0.46667,0.50000
NDC,NHLattice,VS+i-run17/17_5,0.50000,0.16667,0.66667,0.46667,0.46667,0.50000
NDC,NHLattice,VS+i-run17/17_6,0.46667,0.16667,0.66667,0.46667,0.46667,0.46667
NDC,NHLattice,VS+i-run17/17_7,0.50000,0.16667,0.66667,0.46667,0.46667,0.50000
NDC,NHLattice,VS+i-run17/17_8,0.50000,0.16667,0.66667,0.46667,0.46667,0.50000
NDC,NHLattice,VS+i-run17/17_9,0.46667,0.16667,0.66667,0.56667,0.46667,0.56667
NDC,NHLattice,VS+i-run18/18_1,0.50000,0.20000,0.70000,0.53334,0.53334,0.50000
NDC,NHLattice,VS+i-run18/18_10,0.46667,0.20000,0.70000,0.53334,0.53334,0.46667
NDC,NHLattice,VS+i-run18/18_11,0.50000,0.20000,0.70000,0.53334,0.53334,0.50000
NDC,NHLattice,VS+i-run18/18_12,0.46667,0.20000,0.70000,0.53334,0.53334,0.46667
NDC,NHLattice,VS+i-run18/18_13,0.50000,0.20000,0.70000,0.53334,0.53334,0.50000
NDC,NHLattice,VS+i-run18/18_14,0.50000,0.20000,0.70000,0.53334,0.53334,0.50000
NDC,NHLattice,VS+i-run18/18_15,0.50000,0.20000,0.70000,0.53334,0.53334,0.50000
NDC,NHLattice,VS+i-run18/18_16,0.40000,0.23334,0.76667,0.36667,0.36667,0.40000
NDC,NHLattice,VS+i-run18/18_17,0.50000,0.23334,0.66667,0.43334,0.50000,0.43334
NDC,NHLattice,VS+i-run18/18_18,0.46667,0.23334,0.70000,0.43334,0.43334,0.46667
NDC,NHLattice,VS+i-run18/18_19,0.43334,0.23334,0.70000,0.43334,0.43334,0.43334
NDC,NHLattice,VS+i-run18/18_2,0.26667,0.33334,0.73334,0.26667,0.26667,0.26667
NDC,NHLattice,VS+i-run18/18_20,0.36667,0.23334,0.76667,0.36667,0.36667,0.36667
NDC,NHLattice,VS+i-run18/18_21,0.26667,0.30000,0.76667,0.26667,0.26667,0.26667
NDC,NHLattice,VS+i-run18/18_22,0.53334,0.23334,0.66667,0.43334,0.43334,0.53334
NDC,NHLattice,VS+i-run18/18_23,0.43334,0.23334,0.70000,0.40000,0.40000,0.43334
NDC,NHLattice,VS+i-run18/18_24,0.46667,0.23334,0.40000,0.70000,0.46667,0.40000
NDC,NHLattice,VS+i-run18/18_25,0.46667,0.23334,0.40000,0.70000,0.46667,0.40000
NDC,NHLattice,VS+i-run18/18_26,0.56667,0.23334,0.66667,0.43334,0.56667,0.43334
NDC,NHLattice,VS+i-run18/18_27,0.36667,0.26667,0.76667,0.33334,0.36667,0.33334
NDC,NHLattice,VS+i-run18/18_28,0.26667,0.30000,0.76667,0.26667,0.26667,0.26667
NDC,NHLattice,VS+i-run18/18_29,0.26667,0.30000,0.76667,0.26667,0.26667,0.26667
NDC,NHLattice,VS+i-run18/18_3,0.50000,0.20000,0.70000,0.53334,0.53334,0.50000
NDC,NHLattice,VS+i-run18/18_30,0.40000,0.26667,0.76667,0.40000,0.40000,0.40000
NDC,NHLattice,VS+i-run18/18_4,0.46667,0.20000,0.70000,0.53334,0.53334,0.46667
NDC,NHLattice,VS+i-run18/18_5,0.46667,0.23334,0.66667,0.43334,0.46667,0.43334
NDC,NHLattice,VS+i-run18/18_6,0.46667,0.20000,0.70000,0.53334,0.53334,0.46667
NDC,NHLattice,VS+i-run18/18_7,0.50000,0.20000,0.70000,0.53334,0.53334,0.50000
NDC,NHLattice,VS+i-run18/18_8,0.46667,0.23334,0.70000,0.40000,0.40000,0.46667
NDC,NHLattice,VS+i-run18/18_9,0.46667,0.20000,0.70000,0.53334,0.53334,0.46667
NDC,NHLattice,VS+i-run19/19_1,0.33334,0.33334,0.73334,0.26667,0.33334,0.26667
NDC,NHLattice,VS+i-run19/19_10,0.33334,0.33334,0.73334,0.26667,0.33334,0.26667
NDC,NHLattice,VS+i-run19/19_11,0.33334,0.33334,0.73334,0.26667,0.33334,0.26667
NDC,NHLattice,VS+i-run19/19_12,0.30000,0.33334,0.73334,0.26667,0.30000,0.26667
NDC,NHLattice,VS+i-run19/19_13,0.33334,0.33334,0.73334,0.26667,0.33334,0.26667
NDC,NHLattice,VS+i-run19/19_14,0.43334,0.26667,0.70000,0.40000,0.40000,0.43334
NDC,NHLattice,VS+i-run19/19_15,0.36667,0.23334,0.73334,0.40000,0.40000,0.36667
NDC,NHLattice,VS+i-run19/19_16,0.33334,0.33334,0.73334,0.26667,0.33334,0.26667
NDC,NHLattice,VS+i-run19/19_17,0.33334,0.33334,0.73334,0.26667,0.33334,0.26667
NDC,NHLattice,VS+i-run19/19_18,0.43334,0.26667,0.70000,0.40000,0.43334,0.40000
NDC,NHLattice,VS+i-run19/19_19,0.43334,0.26667,0.70000,0.40000,0.40000,0.43334
NDC,NHLattice,VS+i-run19/19_2,0.30000,0.33334,0.73334,0.26667,0.30000,0.26667
NDC,NHLattice,VS+i-run19/19_20,0.43334,0.26667,0.70000,0.40000,0.40000,0.43334
NDC,NHLattice,VS+i-run19/19_21,0.30000,0.33334,0.76667,0.33334,0.30000,0.33334
NDC,NHLattice,VS+i-run19/19_22,0.36667,0.23334,0.73334,0.40000,0.36667,0.40000
NDC,NHLattice,VS+i-run19/19_23,0.36667,0.23334,0.73334,0.40000,0.36667,0.40000
NDC,NHLattice,VS+i-run19/19_24,0.36667,0.23334,0.73334,0.40000,0.40000,0.36667
NDC,NHLattice,VS+i-run19/19_25,0.36667,0.23334,0.73334,0.40000,0.40000,0.36667
NDC,NHLattice,VS+i-run19/19_26,0.36667,0.30000,0.70000,0.36667,0.36667,0.36667
NDC,NHLattice,VS+i-run19/19_27,0.33334,0.23334,0.73334,0.40000,0.33334,0.40000
NDC,NHLattice,VS+i-run19/19_28,0.36667,0.23334,0.73334,0.40000,0.40000,0.36667
NDC,NHLattice,VS+i-run19/19_29,0.36667,0.23334,0.73334,0.40000,0.40000,0.36667
NDC,NHLattice,VS+i-run19/19_3,0.30000,0.33334,0.73334,0.26667,0.30000,0.26667
NDC,NHLattice,VS+i-run19/19_30,0.36667,0.23334,0.73334,0.40000,0.40000,0.36667
NDC,NHLattice,VS+i-run19/19_4,0.33334,0.33334,0.73334,0.26667,0.33334,0.26667
NDC,NHLattice,VS+i-run19/19_5,0.33334,0.33334,0.73334,0.26667,0.33334,0.26667
NDC,NHLattice,VS+i-run19/19_6,0.33334,0.33334,0.73334,0.26667,0.33334,0.26667
NDC,NHLattice,VS+i-run19/19_7,0.30000,0.33334,0.73334,0.26667,0.30000,0.26667
NDC,NHLattice,VS+i-run19/19_8,0.33334,0.33334,0.73334,0.26667,0.33334,0.26667
NDC,NHLattice,VS+i-run19/19_9,0.33334,0.33334,0.73334,0.26667,0.33334,0.26667
NDC,NHLattice,VS+i-run2/2_1,0.60000,0.16667,0.63334,0.56667,0.56667,0.60000
NDC,NHLattice,VS+i-run2/2_10,0.60000,0.16667,0.63334,0.56667,0.56667,0.60000
NDC,NHLattice,VS+i-run2/2_11,0.60000,0.16667,0.63334,0.56667,0.56667,0.60000
NDC,NHLattice,VS+i-run2/2_12,0.56667,0.16667,0.63334,0.56667,0.56667,0.56667
NDC,NHLattice,VS+i-run2/2_13,0.56667,0.16667,0.63334,0.56667,0.56667,0.56667
NDC,NHLattice,VS+i-run2/2_14,0.56667,0.16667,0.63334,0.56667,0.56667,0.56667
NDC,NHLattice,VS+i-run2/2_15,0.56667,0.16667,0.66667,0.53334,0.53334,0.56667
NDC,NHLattice,VS+i-run2/2_16,0.43334,0.33334,0.60000,0.40000,0.43334,0.40000
NDC,NHLattice,VS+i-run2/2_17,0.56667,0.16667,0.63334,0.56667,0.56667,0.56667
NDC,NHLattice,VS+i-run2/2_18,0.60000,0.16667,0.63334,0.56667,0.56667,0.60000
NDC,NHLattice,VS+i-run2/2_19,0.56667,0.16667,0.63334,0.56667,0.56667,0.56667
NDC,NHLattice,VS+i-run2/2_2,0.56667,0.16667,0.63334,0.56667,0.56667,0.56667
NDC,NHLattice,VS+i-run2/2_20,0.46667,0.23334,0.70000,0.50000,0.50000,0.46667
NDC,NHLattice,VS+i-run2/2_21,0.60000,0.16667,0.63334,0.56667,0.56667,0.60000
NDC,NHLattice,VS+i-run2/2_22,0.53334,0.16667,0.66667,0.53334,0.53334,0.53334
NDC,NHLattice,VS+i-run2/2_23,0.53334,0.16667,0.66667,0.53334,0.53334,0.53334
NDC,NHLattice,VS+i-run2/2_24,0.56667,0.16667,0.66667,0.53334,0.56667,0.53334
NDC,NHLattice,VS+i-run2/2_25,0.56667,0.16667,0.66667,0.53334,0.53334,0.56667
NDC,NHLattice,VS+i-run2/2_26,0.53334,0.16667,0.66667,0.53334,0.53334,0.53334
NDC,NHLattice,VS+i-run2/2_27,0.53334,0.16667,0.66667,0.53334,0.53334,0.53334
NDC,NHLattice,VS+i-run2/2_28,0.56667,0.16667,0.66667,0.53334,0.53334,0.56667
NDC,NHLattice,VS+i-run2/2_29,0.56667,0.16667,0.66667,0.53334,0.53334,0.56667
NDC,NHLattice,VS+i-run2/2_3,0.60000,0.16667,0.63334,0.56667,0.56667,0.60000
NDC,NHLattice,VS+i-run2/2_30,0.56667,0.16667,0.66667,0.53334,0.53334,0.56667
NDC,NHLattice,VS+i-run2/2_4,0.56667,0.16667,0.63334,0.56667,0.56667,0.56667
NDC,NHLattice,VS+i-run2/2_5,0.56667,0.16667,0.63334,0.56667,0.56667,0.56667
NDC,NHLattice,VS+i-run2/2_6,0.60000,0.16667,0.56667,0.63334,0.60000,0.56667
NDC,NHLattice,VS+i-run2/2_7,0.60000,0.16667,0.63334,0.56667,0.56667,0.60000
NDC,NHLattice,VS+i-run2/2_8,0.60000,0.16667,0.63334,0.56667,0.56667,0.60000
NDC,NHLattice,VS+i-run2/2_9,0.60000,0.16667,0.60000,0.63334,0.60000,0.63334
NDC,NHLattice,VS+i-run20/20_1,0.46667,0.33334,0.50000,0.63334,0.46667,0.50000
NDC,NHLattice,VS+i-run20/20_10,0.46667,0.33334,0.50000,0.63334,0.46667,0.50000
NDC,NHLattice,VS+i-run20/20_11,0.46667,0.33334,0.50000,0.63334,0.46667,0.50000
NDC,NHLattice,VS+i-run20/20_12,0.43334,0.33334,0.50000,0.63334,0.43334,0.50000
NDC,NHLattice,VS+i-run20/20_13,0.46667,0.33334,0.50000,0.63334,0.46667,0.50000
NDC,NHLattice,VS+i-run20/20_14,0.46667,0.33334,0.50000,0.63334,0.46667,0.50000
NDC,NHLattice,VS+i-run20/20_15,0.43334,0.33334,0.50000,0.63334,0.43334,0.50000
NDC,NHLattice,VS+i-run20/20_16,0.46667,0.33334,0.63334,0.50000,0.46667,0.50000
NDC,NHLattice,VS+i-run20/20_17,0.46667,0.33334,0.50000,0.63334,0.46667,0.50000
NDC,NHLattice,VS+i-run20/20_18,0.63334,0.23334,0.56667,0.60000,0.63334,0.60000
NDC,NHLattice,VS+i-run20/20_19,0.66667,0.23334,0.56667,0.60000,0.66667,0.60000
NDC,NHLattice,VS+i-run20/20_2,0.43334,0.33334,0.63334,0.50000,0.50000,0.43334
NDC,NHLattice,VS+i-run20/20_20,0.63334,0.23334,0.56667,0.60000,0.63334,0.60000
NDC,NHLattice,VS+i-run20/20_21,0.66667,0.23334,0.56667,0.60000,0.66667,0.60000
NDC,NHLattice,VS+i-run20/20_22,0.46667,0.36667,0.63334,0.46667,0.46667,0.46667
NDC,NHLattice,VS+i-run20/20_23,0.46667,0.23334,0.70000,0.43334,0.43334,0.46667
NDC,NHLattice,VS+i-run20/20_24,0.36667,0.30000,0.73334,0.43334,0.43334,0.36667
NDC,NHLattice,VS+i-run20/20_25,0.43334,0.36667,0.63334,0.46667,0.46667,0.43334
NDC,NHLattice,VS+i-run20/20_26,0.43334,0.23334,0.70000,0.43334,0.43334,0.43334
NDC,NHLattice,VS+i-run20/20_27,0.20000,0.46667,0.73334,0.20000,0.20000,0.20000
NDC,NHLattice,VS+i-run20/20_28,0.43334,0.30000,0.70000,0.40000,0.43334,0.40000
NDC,NHLattice,VS+i-run20/20_29,0.46667,0.36667,0.63334,0.46667,0.46667,0.46667
NDC,NHLattice,VS+i-run20/20_3,0.46667,0.33334,0.50000,0.63334,0.46667,0.50000
NDC,NHLattice,VS+i-run20/20_30,0.46667,0.36667,0.63334,0.46667,0.46667,0.46667
NDC,NHLattice,VS+i-run20/20_4,0.63334,0.23334,0.56667,0.60000,0.63334,0.60000
NDC,NHLattice,VS+i-run20/20_5,0.43334,0.33334,0.50000,0.63334,0.43334,0.50000
NDC,NHLattice,VS+i-run20/20_6,0.36667,0.30000,0.73334,0.43334,0.43334,0.36667
NDC,NHLattice,VS+i-run20/20_7,0.46667,0.33334,0.50000,0.63334,0.46667,0.50000
NDC,NHLattice,VS+i-run20/20_8,0.46667,0.33334,0.50000,0.63334,0.46667,0.50000
NDC,NHLattice,VS+i-run20/20_9,0.43334,0.33334,0.50000,0.63334,0.43334,0.50000
NDC,NHLattice,VS+i-run3/3_1,0.63334,0.16667,0.63334,0.60000,0.63334,0.63334
NDC,NHLattice,VS+i-run3/3_10,0.50000,0.23334,0.70000,0.46667,0.50000,0.46667
NDC,NHLattice,VS+i-run3/3_11,0.50000,0.23334,0.70000,0.46667,0.50000,0.46667
NDC,NHLattice,VS+i-run3/3_12,0.53334,0.23334,0.43334,0.63334,0.53334,0.43334
NDC,NHLattice,VS+i-run3/3_13,0.50000,0.26667,0.66667,0.46667,0.50000,0.46667
NDC,NHLattice,VS+i-run3/3_14,0.56667,0.23334,0.66667,0.53334,0.56667,0.53334
NDC,NHLattice,VS+i-run3/3_15,0.73334,0.20000,0.40000,0.76667,0.76667,0.73334
NDC,NHLattice,VS+i-run3/3_16,0.50000,0.23334,0.70000,0.46667,0.50000,0.46667
NDC,NHLattice,VS+i-run3/3_17,0.53334,0.23334,0.66667,0.50000,0.53334,0.50000
NDC,NHLattice,VS+i-run3/3_18,0.53334,0.23334,0.66667,0.53334,0.53334,0.53334
NDC,NHLattice,VS+i-run3/3_19,0.50000,0.23334,0.70000,0.46667,0.50000,0.46667
NDC,NHLattice,VS+i-run3/3_2,0.63334,0.16667,0.60000,0.63334,0.63334,0.63334
NDC,NHLattice,VS+i-run3/3_20,0.66667,0.13334,0.63334,0.50000,0.66667,0.63334
NDC,NHLattice,VS+i-run3/3_21,0.53334,0.23334,0.43334,0.63334,0.53334,0.43334
NDC,NHLattice,VS+i-run3/3_22,0.56667,0.23334,0.66667,0.53334,0.56667,0.53334
NDC,NHLattice,VS+i-run3/3_23,0.86667,0.13334,0.36667,0.80000,0.80000,0.86667
NDC,NHLattice,VS+i-run3/3_24,0.53334,0.23334,0.66667,0.50000,0.53334,0.50000
NDC,NHLattice,VS+i-run3/3_25,0.53334,0.23334,0.66667,0.53334,0.53334,0.53334
NDC,NHLattice,VS+i-run3/3_26,0.56667,0.23334,0.66667,0.53334,0.56667,0.53334
NDC,NHLattice,VS+i-run3/3_27,0.56667,0.23334,0.66667,0.53334,0.56667,0.53334
NDC,NHLattice,VS+i-run3/3_28,0.53334,0.23334,0.43334,0.63334,0.53334,0.43334
NDC,NHLattice,VS+i-run3/3_29,0.56667,0.23334,0.66667,0.53334,0.56667,0.53334
NDC,NHLattice,VS+i-run3/3_3,0.70000,0.16667,0.46667,0.70000,0.70000,0.70000
NDC,NHLattice,VS+i-run3/3_30,0.73334,0.20000,0.40000,0.76667,0.76667,0.73334
NDC,NHLattice,VS+i-run3/3_4,0.63334,0.16667,0.60000,0.63334,0.63334,0.63334
NDC,NHLattice,VS+i-run3/3_5,0.50000,0.26667,0.66667,0.46667,0.50000,0.46667
NDC,NHLattice,VS+i-run3/3_6,0.66667,0.16667,0.60000,0.63334,0.63334,0.66667
NDC,NHLattice,VS+i-run3/3_7,0.63334,0.16667,0.60000,0.63334,0.63334,0.63334
NDC,NHLattice,VS+i-run3/3_8,0.43334,0.13334,0.40000,0.73334,0.43334,0.40000
NDC,NHLattice,VS+i-run3/3_9,0.70000,0.16667,0.70000,0.46667,0.70000,0.70000
NDC,NHLattice,VS+i-run4/4_1,0.73334,0.13334,0.66667,0.53334,0.66667,0.73334
NDC,NHLattice,VS+i-run4/4_10,0.60000,0.13334,0.56667,0.53334,0.60000,0.53334
NDC,NHLattice,VS+i-run4/4_11,0.70000,0.16667,0.50000,0.73334,0.73334,0.70000
NDC,NHLattice,VS+i-run4/4_12,0.70000,0.13334,0.50000,0.76667,0.70000,0.76667
NDC,NHLattice,VS+i-run4/4_13,0.70000,0.13334,0.50000,0.76667,0.70000,0.76667
NDC,NHLattice,VS+i-run4/4_14,0.73334,0.13334,0.50000,0.76667,0.73334,0.76667
NDC,NHLattice,VS+i-run4/4_15,0.83334,0.13334,0.40000,0.80000,0.80000,0.83334
NDC,NHLattice,VS+i-run4/4_16,0.73334,0.13334,0.50000,0.76667,0.73334,0.76667
NDC,NHLattice,VS+i-run4/4_17,0.73334,0.13334,0.50000,0.76667,0.73334,0.76667
NDC,NHLattice,VS+i-run4/4_18,0.53334,0.13334,0.60000,0.53334,0.53334,0.53334
NDC,NHLattice,VS+i-run4/4_19,0.70000,0.13334,0.76667,0.50000,0.70000,0.76667
NDC,NHLattice,VS+i-run4/4_2,0.73334,0.13334,0.66667,0.53334,0.66667,0.73334
NDC,NHLattice,VS+i-run4/4_20,0.70000,0.13334,0.50000,0.76667,0.70000,0.76667
NDC,NHLattice,VS+i-run4/4_21,0.73334,0.13334,0.50000,0.76667,0.73334,0.76667
NDC,NHLattice,VS+i-run4/4_22,0.73334,0.13334,0.50000,0.76667,0.73334,0.76667
NDC,NHLattice,VS+i-run4/4_23,0.73334,0.13334,0.50000,0.76667,0.73334,0.76667
NDC,NHLattice,VS+i-run4/4_24,0.70000,0.13334,0.50000,0.76667,0.70000,0.76667
NDC,NHLattice,VS+i-run4/4_25,0.70000,0.13334,0.50000,0.76667,0.70000,0.76667
NDC,NHLattice,VS+i-run4/4_26,0.66667,0.13334,0.63334,0.53334,0.66667,0.63334
NDC,NHLattice,VS+i-run4/4_27,0.53334,0.13334,0.60000,0.53334,0.53334,0.53334
NDC,NHLattice,VS+i-run4/4_28,0.50000,0.13334,0.60000,0.53334,0.50000,0.53334
NDC,NHLattice,VS+i-run4/4_29,0.53334,0.13334,0.60000,0.53334,0.53334,0.53334
NDC,NHLattice,VS+i-run4/4_3,0.70000,0.13334,0.53334,0.66667,0.70000,0.66667
NDC,NHLattice,VS+i-run4/4_30,0.53334,0.13334,0.60000,0.53334,0.53334,0.53334
NDC,NHLattice,VS+i-run4/4_4,0.73334,0.13334,0.66667,0.53334,0.66667,0.73334
NDC,NHLattice,VS+i-run4/4_5,0.73334,0.13334,0.53334,0.66667,0.73334,0.66667
NDC,NHLattice,VS+i-run4/4_6,0.70000,0.16667,0.50000,0.73334,0.73334,0.70000
NDC,NHLattice,VS+i-run4/4_7,0.70000,0.13334,0.50000,0.76667,0.70000,0.76667
NDC,NHLattice,VS+i-run4/4_8,0.70000,0.13334,0.66667,0.53334,0.66667,0.70000
NDC,NHLattice,VS+i-run4/4_9,0.70000,0.13334,0.66667,0.53334,0.66667,0.70000
NDC,NHLattice,VS+i-run5/5_1,0.36667,0.20000,0.76667,0.36667,0.36667,0.36667
NDC,NHLattice,VS+i-run5/5_10,0.43334,0.20000,0.73334,0.43334,0.43334,0.43334
NDC,NHLattice,VS+i-run5/5_11,0.40000,0.20000,0.73334,0.43334,0.40000,0.43334
NDC,NHLattice,VS+i-run5/5_12,0.43334,0.20000,0.73334,0.43334,0.43334,0.43334
NDC,NHLattice,VS+i-run5/5_13,0.43334,0.20000,0.73334,0.43334,0.43334,0.43334
NDC,NHLattice,VS+i-run5/5_14,0.43334,0.20000,0.73334,0.43334,0.43334,0.43334
NDC,NHLattice,VS+i-run5/5_15,0.30000,0.23334,0.76667,0.30000,0.30000,0.30000
NDC,NHLattice,VS+i-run5/5_16,0.43334,0.20000,0.73334,0.43334,0.43334,0.43334
NDC,NHLattice,VS+i-run5/5_17,0.43334,0.20000,0.73334,0.43334,0.43334,0.43334
NDC,NHLattice,VS+i-run5/5_18,0.43334,0.20000,0.73334,0.43334,0.43334,0.43334
NDC,NHLattice,VS+i-run5/5_19,0.40000,0.20000,0.73334,0.43334,0.40000,0.43334
NDC,NHLattice,VS+i-run5/5_2,0.36667,0.20000,0.76667,0.36667,0.36667,0.36667
NDC,NHLattice,VS+i-run5/5_20,0.43334,0.20000,0.73334,0.43334,0.43334,0.43334
NDC,NHLattice,VS+i-run5/5_21,0.40000,0.20000,0.73334,0.43334,0.40000,0.43334
NDC,NHLattice,VS+i-run5/5_22,0.60000,0.10000,0.60000,0.56667,0.56667,0.60000
NDC,NHLattice,VS+i-run5/5_23,0.40000,0.26667,0.70000,0.40000,0.40000,0.40000
NDC,NHLattice,VS+i-run5/5_24,0.53334,0.20000,0.60000,0.50000,0.53334,0.50000
NDC,NHLattice,VS+i-run5/5_25,0.30000,0.26667,0.73334,0.30000,0.30000,0.30000
NDC,NHLattice,VS+i-run5/5_26,0.60000,0.20000,0.56667,0.53334,0.60000,0.53334
NDC,NHLattice,VS+i-run5/5_27,0.60000,0.16667,0.56667,0.56667,0.60000,0.56667
NDC,NHLattice,VS+i-run5/5_28,0.40000,0.20000,0.73334,0.43334,0.40000,0.43334
NDC,NHLattice,VS+i-run5/5_29,0.36667,0.26667,0.73334,0.36667,0.36667,0.36667
NDC,NHLattice,VS+i-run5/5_3,0.40000,0.20000,0.73334,0.40000,0.40000,0.40000
NDC,NHLattice,VS+i-run5/5_30,0.60000,0.20000,0.56667,0.56667,0.60000,0.56667
NDC,NHLattice,VS+i-run5/5_4,0.36667,0.33334,0.70000,0.36667,0.36667,0.36667
NDC,NHLattice,VS+i-run5/5_5,0.43334,0.20000,0.73334,0.43334,0.43334,0.43334
NDC,NHLattice,VS+i-run5/5_6,0.43334,0.20000,0.73334,0.43334,0.43334,0.43334
NDC,NHLattice,VS+i-run5/5_7,0.43334,0.20000,0.73334,0.43334,0.43334,0.43334
NDC,NHLattice,VS+i-run5/5_8,0.36667,0.26667,0.73334,0.36667,0.36667,0.36667
NDC,NHLattice,VS+i-run5/5_9,0.56667,0.20000,0.56667,0.53334,0.56667,0.53334
NDC,NHLattice,VS+i-run6/6_1,0.50000,0.26667,0.50000,0.60000,0.50000,0.50000
NDC,NHLattice,VS+i-run6/6_10,0.50000,0.23334,0.66667,0.46667,0.50000,0.46667
NDC,NHLattice,VS+i-run6/6_11,0.36667,0.26667,0.36667,0.66667,0.36667,0.36667
NDC,NHLattice,VS+i-run6/6_12,0.56667,0.23334,0.63334,0.63334,0.56667,0.63334
NDC,NHLattice,VS+i-run6/6_13,0.40000,0.23334,0.33334,0.73334,0.40000,0.33334
NDC,NHLattice,VS+i-run6/6_14,0.40000,0.36667,0.43334,0.63334,0.40000,0.43334
NDC,NHLattice,VS+i-run6/6_15,0.30000,0.23334,0.30000,0.80000,0.30000,0.30000
NDC,NHLattice,VS+i-run6/6_16,0.30000,0.26667,0.30000,0.73334,0.30000,0.30000
NDC,NHLattice,VS+i-run6/6_17,0.30000,0.23334,0.30000,0.76667,0.30000,0.30000
NDC,NHLattice,VS+i-run6/6_18,0.36667,0.23334,0.33334,0.73334,0.36667,0.33334
NDC,NHLattice,VS+i-run6/6_19,0.33334,0.23334,0.36667,0.73334,0.33334,0.36667
NDC,NHLattice,VS+i-run6/6_2,0.50000,0.23334,0.50000,0.63334,0.50000,0.50000
NDC,NHLattice,VS+i-run6/6_20,0.36667,0.23334,0.33334,0.73334,0.36667,0.33334
NDC,NHLattice,VS+i-run6/6_21,0.30000,0.23334,0.30000,0.76667,0.30000,0.30000
NDC,NHLattice,VS+i-run6/6_22,0.36667,0.23334,0.36667,0.73334,0.36667,0.36667
NDC,NHLattice,VS+i-run6/6_23,0.36667,0.23334,0.36667,0.73334,0.36667,0.36667
NDC,NHLattice,VS+i-run6/6_24,0.36667,0.23334,0.33334,0.73334,0.36667,0.33334
NDC,NHLattice,VS+i-run6/6_25,0.36667,0.23334,0.36667,0.73334,0.36667,0.36667
NDC,NHLattice,VS+i-run6/6_26,0.36667,0.23334,0.73334,0.33334,0.36667,0.33334
NDC,NHLattice,VS+i-run6/6_27,0.36667,0.23334,0.70000,0.36667,0.36667,0.36667
NDC,NHLattice,VS+i-run6/6_28,0.60000,0.16667,0.56667,0.63334,0.60000,0.63334
NDC,NHLattice,VS+i-run6/6_29,0.40000,0.30000,0.43334,0.66667,0.40000,0.43334
NDC,NHLattice,VS+i-run6/6_3,0.53334,0.23334,0.53334,0.60000,0.53334,0.53334
NDC,NHLattice,VS+i-run6/6_30,0.56667,0.23334,0.53334,0.60000,0.56667,0.53334
NDC,NHLattice,VS+i-run6/6_4,0.50000,0.23334,0.50000,0.63334,0.50000,0.50000
NDC,NHLattice,VS+i-run6/6_5,0.46667,0.13334,0.50000,0.70000,0.46667,0.50000
NDC,NHLattice,VS+i-run6/6_6,0.36667,0.23334,0.73334,0.36667,0.36667,0.36667
NDC,NHLattice,VS+i-run6/6_7,0.56667,0.23334,0.63334,0.63334,0.56667,0.63334
NDC,NHLattice,VS+i-run6/6_8,0.33334,0.23334,0.30000,0.76667,0.33334,0.30000
NDC,NHLattice,VS+i-run6/6_9,0.63334,0.16667,0.66667,0.60000,0.63334,0.66667
NDC,NHLattice,VS+i-run7/7_1,0.50000,0.20000,0.53334,0.66667,0.50000,0.53334
NDC,NHLattice,VS+i-run7/7_10,0.50000,0.20000,0.53334,0.66667,0.50000,0.53334
NDC,NHLattice,VS+i-run7/7_11,0.70000,0.23334,0.50000,0.66667,0.66667,0.70000
NDC,NHLattice,VS+i-run7/7_12,0.46667,0.20000,0.66667,0.53334,0.53334,0.46667
NDC,NHLattice,VS+i-run7/7_13,0.50000,0.20000,0.66667,0.53334,0.50000,0.53334
NDC,NHLattice,VS+i-run7/7_14,0.50000,0.20000,0.66667,0.53334,0.50000,0.53334
NDC,NHLattice,VS+i-run7/7_15,0.50000,0.20000,0.66667,0.53334,0.50000,0.53334
NDC,NHLattice,VS+i-run7/7_16,0.50000,0.20000,0.66667,0.53334,0.50000,0.53334
NDC,NHLattice,VS+i-run7/7_17,0.46667,0.20000,0.66667,0.53334,0.46667,0.53334
NDC,NHLattice,VS+i-run7/7_18,0.50000,0.20000,0.66667,0.53334,0.53334,0.50000
NDC,NHLattice,VS+i-run7/7_19,0.50000,0.20000,0.66667,0.53334,0.53334,0.50000
NDC,NHLattice,VS+i-run7/7_2,0.46667,0.20000,0.66667,0.53334,0.53334,0.46667
NDC,NHLattice,VS+i-run7/7_20,0.33334,0.30000,0.43334,0.66667,0.33334,0.43334
NDC,NHLattice,VS+i-run7/7_21,0.50000,0.20000,0.66667,0.53334,0.53334,0.50000
NDC,NHLattice,VS+i-run7/7_22,0.50000,0.20000,0.66667,0.53334,0.53334,0.50000
NDC,NHLattice,VS+i-run7/7_23,0.40000,0.23334,0.70000,0.43334,0.43334,0.40000
NDC,NHLattice,VS+i-run7/7_24,0.40000,0.23334,0.70000,0.43334,0.43334,0.40000
NDC,NHLattice,VS+i-run7/7_25,0.40000,0.23334,0.70000,0.43334,0.43334,0.40000
NDC,NHLattice,VS+i-run7/7_26,0.36667,0.23334,0.70000,0.43334,0.43334,0.36667
NDC,NHLattice,VS+i-run7/7_27,0.36667,0.23334,0.70000,0.43334,0.43334,0.36667
NDC,NHLattice,VS+i-run7/7_28,0.40000,0.23334,0.70000,0.43334,0.43334,0.40000
NDC,NHLattice,VS+i-run7/7_29,0.40000,0.23334,0.70000,0.43334,0.43334,0.40000
NDC,NHLattice,VS+i-run7/7_3,0.40000,0.23334,0.70000,0.43334,0.40000,0.43334
NDC,NHLattice,VS+i-run7/7_30,0.40000,0.23334,0.70000,0.43334,0.43334,0.40000
NDC,NHLattice,VS+i-run7/7_4,0.30000,0.30000,0.40000,0.73334,0.30000,0.40000
NDC,NHLattice,VS+i-run7/7_5,0.50000,0.20000,0.66667,0.53334,0.50000,0.53334
NDC,NHLattice,VS+i-run7/7_6,0.33334,0.23334,0.76667,0.40000,0.33334,0.40000
NDC,NHLattice,VS+i-run7/7_7,0.46667,0.20000,0.66667,0.53334,0.46667,0.53334
NDC,NHLattice,VS+i-run7/7_8,0.46667,0.20000,0.53334,0.66667,0.46667,0.53334
NDC,NHLattice,VS+i-run7/7_9,0.46667,0.20000,0.66667,0.53334,0.53334,0.46667
NDC,NHLattice,VS+i-run8/8_1,0.80000,0.20000,0.66667,0.40000,0.80000,0.66667
NDC,NHLattice,VS+i-run8/8_10,0.53334,0.30000,0.56667,0.53334,0.53334,0.53334
NDC,NHLattice,VS+i-run8/8_11,0.76667,0.20000,0.63334,0.43334,0.76667,0.63334
NDC,NHLattice,VS+i-run8/8_12,0.73334,0.20000,0.63334,0.43334,0.73334,0.63334
NDC,NHLattice,VS+i-run8/8_13,0.73334,0.20000,0.63334,0.43334,0.73334,0.63334
NDC,NHLattice,VS+i-run8/8_14,0.73334,0.20000,0.63334,0.43334,0.73334,0.63334
NDC,NHLattice,VS+i-run8/8_15,0.73334,0.20000,0.63334,0.43334,0.73334,0.63334
NDC,NHLattice,VS+i-run8/8_16,0.73334,0.20000,0.63334,0.43334,0.73334,0.63334
NDC,NHLattice,VS+i-run8/8_17,0.76667,0.20000,0.63334,0.43334,0.76667,0.63334
NDC,NHLattice,VS+i-run8/8_18,0.76667,0.20000,0.43334,0.63334,0.76667,0.63334
NDC,NHLattice,VS+i-run8/8_19,0.56667,0.30000,0.53334,0.56667,0.56667,0.53334
NDC,NHLattice,VS+i-run8/8_2,0.80000,0.20000,0.66667,0.40000,0.80000,0.66667
NDC,NHLattice,VS+i-run8/8_20,0.56667,0.30000,0.56667,0.53334,0.56667,0.53334
NDC,NHLattice,VS+i-run8/8_21,0.53334,0.30000,0.56667,0.53334,0.53334,0.53334
NDC,NHLattice,VS+i-run8/8_22,0.56667,0.30000,0.56667,0.53334,0.53334,0.56667
NDC,NHLattice,VS+i-run8/8_23,0.56667,0.30000,0.56667,0.53334,0.56667,0.53334
NDC,NHLattice,VS+i-run8/8_24,0.53334,0.16667,0.63334,0.46667,0.53334,0.46667
NDC,NHLattice,VS+i-run8/8_25,0.43334,0.23334,0.63334,0.46667,0.46667,0.43334
NDC,NHLattice,VS+i-run8/8_26,0.73334,0.20000,0.63334,0.43334,0.73334,0.63334
NDC,NHLattice,VS+i-run8/8_27,0.60000,0.16667,0.60000,0.53334,0.60000,0.53334
NDC,NHLattice,VS+i-run8/8_28,0.60000,0.16667,0.60000,0.53334,0.60000,0.53334
NDC,NHLattice,VS+i-run8/8_29,0.46667,0.36667,0.50000,0.56667,0.46667,0.50000
NDC,NHLattice,VS+i-run8/8_3,0.83334,0.20000,0.66667,0.40000,0.83334,0.66667
NDC,NHLattice,VS+i-run8/8_30,0.46667,0.23334,0.63334,0.46667,0.46667,0.46667
NDC,NHLattice,VS+i-run8/8_4,0.80000,0.20000,0.40000,0.66667,0.66667,0.80000
NDC,NHLattice,VS+i-run8/8_5,0.80000,0.20000,0.40000,0.66667,0.66667,0.80000
NDC,NHLattice,VS+i-run8/8_6,0.73334,0.20000,0.63334,0.43334,0.73334,0.63334
NDC,NHLattice,VS+i-run8/8_7,0.73334,0.20000,0.63334,0.43334,0.73334,0.63334
NDC,NHLattice,VS+i-run8/8_8,0.76667,0.20000,0.63334,0.43334,0.76667,0.63334
NDC,NHLattice,VS+i-run8/8_9,0.73334,0.20000,0.63334,0.43334,0.73334,0.63334
NDC,NHLattice,VS+i-run9/9_1,0.40000,0.26667,0.66667,0.46667,0.46667,0.40000
NDC,NHLattice,VS+i-run9/9_10,0.43334,0.26667,0.66667,0.46667,0.46667,0.43334
NDC,NHLattice,VS+i-run9/9_11,0.43334,0.26667,0.66667,0.46667,0.46667,0.43334
NDC,NHLattice,VS+i-run9/9_12,0.43334,0.26667,0.46667,0.66667,0.46667,0.43334
NDC,NHLattice,VS+i-run9/9_13,0.40000,0.26667,0.66667,0.46667,0.46667,0.40000
NDC,NHLattice,VS+i-run9/9_14,0.43334,0.26667,0.66667,0.46667,0.43334,0.46667
NDC,NHLattice,VS+i-run9/9_15,0.43334,0.26667,0.66667,0.46667,0.46667,0.43334
NDC,NHLattice,VS+i-run9/9_16,0.46667,0.26667,0.66667,0.46667,0.46667,0.46667
NDC,NHLattice,VS+i-run9/9_17,0.33334,0.26667,0.70000,0.36667,0.33334,0.36667
NDC,NHLattice,VS+i-run9/9_18,0.33334,0.26667,0.73334,0.36667,0.33334,0.36667
NDC,NHLattice,VS+i-run9/9_19,0.40000,0.26667,0.66667,0.43334,0.40000,0.43334
NDC,NHLattice,VS+i-run9/9_2,0.40000,0.26667,0.66667,0.46667,0.40000,0.46667
NDC,NHLattice,VS+i-run9/9_20,0.33334,0.26667,0.73334,0.36667,0.33334,0.36667
NDC,NHLattice,VS+i-run9/9_21,0.40000,0.26667,0.66667,0.43334,0.40000,0.43334
NDC,NHLattice,VS+i-run9/9_22,0.33334,0.26667,0.73334,0.36667,0.33334,0.36667
NDC,NHLattice,VS+i-run9/9_23,0.36667,0.26667,0.66667,0.40000,0.40000,0.36667
NDC,NHLattice,VS+i-run9/9_24,0.36667,0.26667,0.66667,0.40000,0.36667,0.40000
NDC,NHLattice,VS+i-run9/9_25,0.40000,0.26667,0.66667,0.43334,0.40000,0.43334
NDC,NHLattice,VS+i-run9/9_26,0.40000,0.26667,0.66667,0.43334,0.40000,0.43334
NDC,NHLattice,VS+i-run9/9_27,0.46667,0.26667,0.66667,0.46667,0.46667,0.46667
NDC,NHLattice,VS+i-run9/9_28,0.40000,0.26667,0.66667,0.43334,0.40000,0.43334
NDC,NHLattice,VS+i-run9/9_29,0.33334,0.26667,0.70000,0.36667,0.33334,0.36667
NDC,NHLattice,VS+i-run9/9_3,0.43334,0.26667,0.66667,0.46667,0.46667,0.43334
NDC,NHLattice,VS+i-run9/9_30,0.33334,0.26667,0.70000,0.36667,0.33334,0.36667
NDC,NHLattice,VS+i-run9/9_4,0.43334,0.26667,0.66667,0.46667,0.46667,0.43334
NDC,NHLattice,VS+i-run9/9_5,0.43334,0.26667,0.66667,0.46667,0.46667,0.43334
NDC,NHLattice,VS+i-run9/9_6,0.43334,0.26667,0.46667,0.66667,0.46667,0.43334
NDC,NHLattice,VS+i-run9/9_7,0.33334,0.30000,0.66667,0.36667,0.33334,0.36667
NDC,NHLattice,VS+i-run9/9_8,0.43334,0.26667,0.66667,0.46667,0.46667,0.43334
NDC,NHLattice,VS+i-run9/9_9,0.40000,0.26667,0.66667,0.46667,0.40000,0.46667
