EDA,Model,VS-WF+All6-1,1.00000,4.00000
EDA,Model,VS-WF+All6-10,1.00000,4.00000
EDA,Model,VS-WF+All6-100,2.00000,1.00000,1.00000,2.00000,1.00000,1.00000
EDA,Model,VS-WF+All6-101,2.00000,3.00000
EDA,Model,VS-WF+All6-102,2.00000,3.00000
EDA,Model,VS-WF+All6-103,2.00000,3.00000
EDA,Model,VS-WF+All6-104,2.00000,3.00000
EDA,Model,VS-WF+All6-105,2.00000,1.00000,1.00000,2.00000,1.00000,1.00000
EDA,Model,VS-WF+All6-106,2.00000,1.00000,1.00000,2.00000,1.00000,1.00000
EDA,Model,VS-WF+All6-107,2.00000,1.00000,1.00000,2.00000,1.00000,1.00000
EDA,Model,VS-WF+All6-108,2.00000,1.00000,1.00000,2.00000,1.00000,1.00000
EDA,Model,VS-WF+All6-109,3.00000,2.00000
EDA,Model,VS-WF+All6-11,1.00000,1.00000,1.00000,3.00000,1.00000,1.00000
EDA,Model,VS-WF+All6-110,2.00000,3.00000
EDA,Model,VS-WF+All6-111,2.00000,3.00000
EDA,Model,VS-WF+All6-112,2.00000,3.00000
EDA,Model,VS-WF+All6-113,2.00000,3.00000
EDA,Model,VS-WF+All6-114,2.00000,1.00000,1.00000,2.00000,1.00000,1.00000
EDA,Model,VS-WF+All6-115,2.00000,3.00000
EDA,Model,VS-WF+All6-116,2.00000,1.00000,1.00000,2.00000,1.00000,1.00000
EDA,Model,VS-WF+All6-117,2.00000,1.00000,1.00000,2.00000,1.00000,1.00000
EDA,Model,VS-WF+All6-118,2.00000,3.00000
EDA,Model,VS-WF+All6-119,2.00000,3.00000
EDA,Model,VS-WF+All6-12,1.00000,4.00000
EDA,Model,VS-WF+All6-120,3.00000,2.00000
EDA,Model,VS-WF+All6-121,1.00000,1.00000,1.00000,3.00000,1.00000,1.00000
EDA,Model,VS-WF+All6-122,2.00000,3.00000
EDA,Model,VS-WF+All6-123,1.00000,1.00000,1.00000,3.00000,1.00000,1.00000
EDA,Model,VS-WF+All6-124,2.00000,1.00000,1.00000,2.00000,1.00000,1.00000
EDA,Model,VS-WF+All6-125,1.00000,1.00000,1.00000,3.00000,1.00000,1.00000
EDA,Model,VS-WF+All6-126,1.00000,1.00000,1.00000,3.00000,1.00000,1.00000
EDA,Model,VS-WF+All6-127,1.00000,4.00000
EDA,Model,VS-WF+All6-128,1.00000,1.00000,1.00000,3.00000,1.00000,1.00000
EDA,Model,VS-WF+All6-129,1.00000,1.00000,1.00000,3.00000,1.00000,1.00000
EDA,Model,VS-WF+All6-13,1.00000,1.00000,1.00000,3.00000,1.00000,1.00000
EDA,Model,VS-WF+All6-130,1.00000,1.00000,1.00000,3.00000,1.00000,1.00000
EDA,Model,VS-WF+All6-131,1.00000,1.00000,1.00000,3.00000,1.00000,1.00000
EDA,Model,VS-WF+All6-132,2.00000,3.00000
EDA,Model,VS-WF+All6-133,1.00000,1.00000,1.00000,3.00000,1.00000,1.00000
EDA,Model,VS-WF+All6-134,2.00000,1.00000,1.00000,2.00000,1.00000,1.00000
EDA,Model,VS-WF+All6-135,1.00000,1.00000,1.00000,3.00000,1.00000,1.00000
EDA,Model,VS-WF+All6-136,2.00000,1.00000,1.00000,2.00000,1.00000,1.00000
EDA,Model,VS-WF+All6-137,2.00000,1.00000,1.00000,2.00000,1.00000,1.00000
EDA,Model,VS-WF+All6-138,3.00000,2.00000
EDA,Model,VS-WF+All6-139,1.00000,1.00000,1.00000,3.00000,1.00000,1.00000
EDA,Model,VS-WF+All6-14,1.00000,1.00000,1.00000,3.00000,1.00000,1.00000
EDA,Model,VS-WF+All6-140,1.00000,4.00000
EDA,Model,VS-WF+All6-141,1.00000,2.00000,2.00000,2.00000,2.00000,2.00000
EDA,Model,VS-WF+All6-142,1.00000,2.00000,2.00000,2.00000,2.00000,2.00000
EDA,Model,VS-WF+All6-143,1.00000,1.00000,1.00000,3.00000,1.00000,1.00000
EDA,Model,VS-WF+All6-144,2.00000,3.00000
EDA,Model,VS-WF+All6-145,1.00000,1.00000,1.00000,3.00000,1.00000,1.00000
EDA,Model,VS-WF+All6-146,2.00000,1.00000,1.00000,2.00000,1.00000,1.00000
EDA,Model,VS-WF+All6-147,1.00000,1.00000,1.00000,3.00000,1.00000,1.00000
EDA,Model,VS-WF+All6-148,1.00000,1.00000,1.00000,3.00000,1.00000,1.00000
EDA,Model,VS-WF+All6-149,2.00000,1.00000,1.00000,2.00000,1.00000,1.00000
EDA,Model,VS-WF+All6-15,1.00000,1.00000,1.00000,3.00000,1.00000,1.00000
EDA,Model,VS-WF+All6-150,2.00000,2.00000,2.00000,1.00000,2.00000,2.00000
EDA,Model,VS-WF+All6-151,2.00000,1.00000,1.00000,2.00000,1.00000,1.00000
EDA,Model,VS-WF+All6-152,1.00000,2.00000,2.00000,2.00000,2.00000,2.00000
EDA,Model,VS-WF+All6-153,1.00000,1.00000,1.00000,3.00000,1.00000,1.00000
EDA,Model,VS-WF+All6-154,1.00000,2.00000,2.00000,2.00000,2.00000,2.00000
EDA,Model,VS-WF+All6-155,1.00000,2.00000,2.00000,2.00000,2.00000,2.00000
EDA,Model,VS-WF+All6-156,1.00000,2.00000,2.00000,2.00000,2.00000,2.00000
EDA,Model,VS-WF+All6-157,1.00000,2.00000,2.00000,2.00000,2.00000,2.00000
EDA,Model,VS-WF+All6-158,3.00000,1.00000,1.00000,1.00000,1.00000,1.00000
EDA,Model,VS-WF+All6-159,2.00000,1.00000,1.00000,2.00000,1.00000,1.00000
EDA,Model,VS-WF+All6-16,1.00000,1.00000,1.00000,3.00000,1.00000,1.00000
EDA,Model,VS-WF+All6-160,2.00000,1.00000,1.00000,2.00000,1.00000,1.00000
EDA,Model,VS-WF+All6-161,1.00000,2.00000,2.00000,2.00000,2.00000,2.00000
EDA,Model,VS-WF+All6-162,3.00000,1.00000,1.00000,1.00000,1.00000,1.00000
EDA,Model,VS-WF+All6-163,2.00000,1.00000,1.00000,2.00000,1.00000,1.00000
EDA,Model,VS-WF+All6-164,1.00000,1.00000,1.00000,3.00000,1.00000,1.00000
EDA,Model,VS-WF+All6-165,2.00000,1.00000,1.00000,2.00000,1.00000,1.00000
EDA,Model,VS-WF+All6-166,2.00000,1.00000,1.00000,2.00000,1.00000,1.00000
EDA,Model,VS-WF+All6-167,2.00000,1.00000,1.00000,2.00000,1.00000,1.00000
EDA,Model,VS-WF+All6-168,2.00000,1.00000,1.00000,2.00000,1.00000,1.00000
EDA,Model,VS-WF+All6-169,2.00000,1.00000,1.00000,2.00000,1.00000,1.00000
EDA,Model,VS-WF+All6-17,2.00000,3.00000
EDA,Model,VS-WF+All6-170,2.00000,1.00000,1.00000,2.00000,1.00000,1.00000
EDA,Model,VS-WF+All6-171,2.00000,1.00000,1.00000,2.00000,1.00000,1.00000
EDA,Model,VS-WF+All6-172,1.00000,1.00000,1.00000,3.00000,1.00000,1.00000
EDA,Model,VS-WF+All6-173,1.00000,1.00000,1.00000,3.00000,1.00000,1.00000
EDA,Model,VS-WF+All6-174,2.00000,3.00000
EDA,Model,VS-WF+All6-175,1.00000,4.00000
EDA,Model,VS-WF+All6-176,2.00000,3.00000
EDA,Model,VS-WF+All6-177,2.00000,3.00000
EDA,Model,VS-WF+All6-178,1.00000,2.00000,2.00000,2.00000,2.00000,2.00000
EDA,Model,VS-WF+All6-179,2.00000,1.00000,1.00000,2.00000,1.00000,1.00000
EDA,Model,VS-WF+All6-18,1.00000,1.00000,1.00000,3.00000,1.00000,1.00000
EDA,Model,VS-WF+All6-180,2.00000,3.00000
EDA,Model,VS-WF+All6-181,2.00000,3.00000
EDA,Model,VS-WF+All6-182,3.00000,2.00000
EDA,Model,VS-WF+All6-183,1.00000,2.00000,2.00000,2.00000,2.00000,2.00000
EDA,Model,VS-WF+All6-184,3.00000,2.00000
EDA,Model,VS-WF+All6-185,1.00000,2.00000,2.00000,2.00000,2.00000,2.00000
EDA,Model,VS-WF+All6-186,1.00000,1.00000,1.00000,3.00000,1.00000,1.00000
EDA,Model,VS-WF+All6-187,1.00000,1.00000,1.00000,3.00000,1.00000,1.00000
EDA,Model,VS-WF+All6-188,1.00000,1.00000,1.00000,3.00000,1.00000,1.00000
EDA,Model,VS-WF+All6-189,4.00000,1.00000
EDA,Model,VS-WF+All6-19,1.00000,1.00000,1.00000,3.00000,1.00000,1.00000
EDA,Model,VS-WF+All6-190,3.00000,2.00000
EDA,Model,VS-WF+All6-191,1.00000,2.00000,2.00000,2.00000,2.00000,2.00000
EDA,Model,VS-WF+All6-192,2.00000,3.00000
EDA,Model,VS-WF+All6-193,2.00000,1.00000,1.00000,2.00000,1.00000,1.00000
EDA,Model,VS-WF+All6-194,1.00000,2.00000,2.00000,2.00000,2.00000,2.00000
EDA,Model,VS-WF+All6-195,1.00000,2.00000,2.00000,2.00000,2.00000,2.00000
EDA,Model,VS-WF+All6-196,2.00000,1.00000,1.00000,2.00000,1.00000,1.00000
EDA,Model,VS-WF+All6-197,2.00000,3.00000
EDA,Model,VS-WF+All6-198,2.00000,1.00000,1.00000,2.00000,1.00000,1.00000
EDA,Model,VS-WF+All6-199,2.00000,1.00000,1.00000,2.00000,1.00000,1.00000
EDA,Model,VS-WF+All6-2,1.00000,4.00000
EDA,Model,VS-WF+All6-20,1.00000,4.00000
EDA,Model,VS-WF+All6-200,1.00000,2.00000,2.00000,2.00000,2.00000,2.00000
EDA,Model,VS-WF+All6-201,1.00000,2.00000,2.00000,2.00000,2.00000,2.00000
EDA,Model,VS-WF+All6-202,2.00000,3.00000
EDA,Model,VS-WF+All6-203,1.00000,2.00000,2.00000,2.00000,2.00000,2.00000
EDA,Model,VS-WF+All6-204,1.00000,1.00000,1.00000,3.00000,1.00000,1.00000
EDA,Model,VS-WF+All6-205,1.00000,1.00000,1.00000,3.00000,1.00000,1.00000
EDA,Model,VS-WF+All6-206,1.00000,1.00000,1.00000,3.00000,1.00000,1.00000
EDA,Model,VS-WF+All6-207,2.00000,3.00000
EDA,Model,VS-WF+All6-208,1.00000,2.00000,2.00000,2.00000,2.00000,2.00000
EDA,Model,VS-WF+All6-209,1.00000,2.00000,2.00000,2.00000,2.00000,2.00000
EDA,Model,VS-WF+All6-21,1.00000,4.00000
EDA,Model,VS-WF+All6-210,1.00000,2.00000,2.00000,2.00000,2.00000,2.00000
EDA,Model,VS-WF+All6-211,1.00000,1.00000,1.00000,3.00000,1.00000,1.00000
EDA,Model,VS-WF+All6-212,1.00000,1.00000,1.00000,3.00000,1.00000,1.00000
EDA,Model,VS-WF+All6-213,2.00000,1.00000,1.00000,2.00000,1.00000,1.00000
EDA,Model,VS-WF+All6-214,2.00000,1.00000,1.00000,2.00000,1.00000,1.00000
EDA,Model,VS-WF+All6-215,1.00000,2.00000,2.00000,2.00000,2.00000,2.00000
EDA,Model,VS-WF+All6-216,1.00000,1.00000,1.00000,3.00000,1.00000,1.00000
EDA,Model,VS-WF+All6-217,1.00000,1.00000,1.00000,3.00000,1.00000,1.00000
EDA,Model,VS-WF+All6-218,1.00000,2.00000,2.00000,2.00000,2.00000,2.00000
EDA,Model,VS-WF+All6-219,3.00000,2.00000
EDA,Model,VS-WF+All6-22,1.00000,1.00000,1.00000,3.00000,1.00000,1.00000
EDA,Model,VS-WF+All6-220,2.00000,3.00000
EDA,Model,VS-WF+All6-221,1.00000,1.00000,1.00000,3.00000,1.00000,1.00000
EDA,Model,VS-WF+All6-222,1.00000,1.00000,1.00000,3.00000,1.00000,1.00000
EDA,Model,VS-WF+All6-223,1.00000,1.00000,1.00000,3.00000,1.00000,1.00000
EDA,Model,VS-WF+All6-224,1.00000,1.00000,1.00000,3.00000,1.00000,1.00000
EDA,Model,VS-WF+All6-225,1.00000,2.00000,2.00000,2.00000,2.00000,2.00000
EDA,Model,VS-WF+All6-226,3.00000,2.00000
EDA,Model,VS-WF+All6-227,2.00000,3.00000
EDA,Model,VS-WF+All6-228,2.00000,1.00000,1.00000,2.00000,1.00000,1.00000
EDA,Model,VS-WF+All6-229,3.00000,2.00000
EDA,Model,VS-WF+All6-23,1.00000,1.00000,1.00000,3.00000,1.00000,1.00000
EDA,Model,VS-WF+All6-230,1.00000,1.00000,1.00000,3.00000,1.00000,1.00000
EDA,Model,VS-WF+All6-231,3.00000,2.00000
EDA,Model,VS-WF+All6-232,3.00000,1.00000,1.00000,1.00000,1.00000,1.00000
EDA,Model,VS-WF+All6-233,2.00000,1.00000,1.00000,2.00000,1.00000,1.00000
EDA,Model,VS-WF+All6-234,1.00000,1.00000,1.00000,3.00000,1.00000,1.00000
EDA,Model,VS-WF+All6-235,2.00000,3.00000
EDA,Model,VS-WF+All6-236,2.00000,3.00000
EDA,Model,VS-WF+All6-237,1.00000,2.00000,2.00000,2.00000,2.00000,2.00000
EDA,Model,VS-WF+All6-238,3.00000,2.00000
EDA,Model,VS-WF+All6-239,1.00000,2.00000,2.00000,2.00000,2.00000,2.00000
EDA,Model,VS-WF+All6-24,1.00000,1.00000,1.00000,3.00000,1.00000,1.00000
EDA,Model,VS-WF+All6-240,1.00000,1.00000,1.00000,3.00000,1.00000,1.00000
EDA,Model,VS-WF+All6-241,3.00000,2.00000
EDA,Model,VS-WF+All6-242,1.00000,4.00000
EDA,Model,VS-WF+All6-243,1.00000,4.00000
EDA,Model,VS-WF+All6-244,1.00000,1.00000,1.00000,3.00000,1.00000,1.00000
EDA,Model,VS-WF+All6-245,2.00000,3.00000
EDA,Model,VS-WF+All6-246,1.00000,4.00000
EDA,Model,VS-WF+All6-247,2.00000,3.00000
EDA,Model,VS-WF+All6-248,2.00000,1.00000,1.00000,2.00000,1.00000,1.00000
EDA,Model,VS-WF+All6-249,3.00000,2.00000
EDA,Model,VS-WF+All6-25,1.00000,1.00000,1.00000,3.00000,1.00000,1.00000
EDA,Model,VS-WF+All6-250,1.00000,1.00000,1.00000,3.00000,1.00000,1.00000
EDA,Model,VS-WF+All6-251,2.00000,3.00000
EDA,Model,VS-WF+All6-252,2.00000,3.00000
EDA,Model,VS-WF+All6-253,2.00000,3.00000
EDA,Model,VS-WF+All6-254,2.00000,1.00000,1.00000,2.00000,1.00000,1.00000
EDA,Model,VS-WF+All6-255,2.00000,3.00000
EDA,Model,VS-WF+All6-256,2.00000,3.00000
EDA,Model,VS-WF+All6-257,2.00000,3.00000
EDA,Model,VS-WF+All6-258,2.00000,3.00000
EDA,Model,VS-WF+All6-259,2.00000,1.00000,1.00000,2.00000,1.00000,1.00000
EDA,Model,VS-WF+All6-26,3.00000,2.00000
EDA,Model,VS-WF+All6-260,2.00000,1.00000,1.00000,2.00000,1.00000,1.00000
EDA,Model,VS-WF+All6-261,1.00000,1.00000,1.00000,3.00000,1.00000,1.00000
EDA,Model,VS-WF+All6-262,1.00000,1.00000,1.00000,3.00000,1.00000,1.00000
EDA,Model,VS-WF+All6-263,1.00000,2.00000,2.00000,2.00000,2.00000,2.00000
EDA,Model,VS-WF+All6-264,3.00000,2.00000
EDA,Model,VS-WF+All6-265,1.00000,1.00000,1.00000,3.00000,1.00000,1.00000
EDA,Model,VS-WF+All6-266,4.00000,1.00000
EDA,Model,VS-WF+All6-267,1.00000,1.00000,1.00000,3.00000,1.00000,1.00000
EDA,Model,VS-WF+All6-268,2.00000,1.00000,1.00000,2.00000,1.00000,1.00000
EDA,Model,VS-WF+All6-269,2.00000,1.00000,1.00000,2.00000,1.00000,1.00000
EDA,Model,VS-WF+All6-27,1.00000,1.00000,1.00000,3.00000,1.00000,1.00000
EDA,Model,VS-WF+All6-270,1.00000,2.00000,2.00000,2.00000,2.00000,2.00000
EDA,Model,VS-WF+All6-271,3.00000,2.00000
EDA,Model,VS-WF+All6-272,3.00000,2.00000
EDA,Model,VS-WF+All6-273,3.00000,2.00000
EDA,Model,VS-WF+All6-274,3.00000,2.00000
EDA,Model,VS-WF+All6-275,3.00000,1.00000,1.00000,1.00000,1.00000,1.00000
EDA,Model,VS-WF+All6-276,1.00000,1.00000,1.00000,3.00000,1.00000,1.00000
EDA,Model,VS-WF+All6-277,3.00000,2.00000
EDA,Model,VS-WF+All6-278,3.00000,2.00000
EDA,Model,VS-WF+All6-279,2.00000,3.00000
EDA,Model,VS-WF+All6-28,1.00000,1.00000,1.00000,3.00000,1.00000,1.00000
EDA,Model,VS-WF+All6-280,2.00000,3.00000
EDA,Model,VS-WF+All6-281,2.00000,3.00000
EDA,Model,VS-WF+All6-282,2.00000,1.00000,1.00000,2.00000,1.00000,1.00000
EDA,Model,VS-WF+All6-283,2.00000,3.00000
EDA,Model,VS-WF+All6-284,2.00000,3.00000
EDA,Model,VS-WF+All6-285,2.00000,3.00000
EDA,Model,VS-WF+All6-286,2.00000,3.00000
EDA,Model,VS-WF+All6-287,2.00000,3.00000
EDA,Model,VS-WF+All6-288,2.00000,1.00000,1.00000,2.00000,1.00000,1.00000
EDA,Model,VS-WF+All6-289,2.00000,1.00000,1.00000,2.00000,1.00000,1.00000
EDA,Model,VS-WF+All6-29,2.00000,3.00000
EDA,Model,VS-WF+All6-290,1.00000,4.00000
EDA,Model,VS-WF+All6-291,2.00000,3.00000
EDA,Model,VS-WF+All6-292,1.00000,1.00000,1.00000,3.00000,1.00000,1.00000
EDA,Model,VS-WF+All6-293,1.00000,1.00000,1.00000,3.00000,1.00000,1.00000
EDA,Model,VS-WF+All6-294,1.00000,4.00000
EDA,Model,VS-WF+All6-295,1.00000,4.00000
EDA,Model,VS-WF+All6-296,2.00000,3.00000
EDA,Model,VS-WF+All6-297,1.00000,1.00000,1.00000,3.00000,1.00000,1.00000
EDA,Model,VS-WF+All6-298,1.00000,1.00000,1.00000,3.00000,1.00000,1.00000
EDA,Model,VS-WF+All6-299,2.00000,1.00000,1.00000,2.00000,1.00000,1.00000
EDA,Model,VS-WF+All6-3,1.00000,4.00000
EDA,Model,VS-WF+All6-30,2.00000,3.00000
EDA,Model,VS-WF+All6-300,1.00000,1.00000,1.00000,3.00000,1.00000,1.00000
EDA,Model,VS-WF+All6-301,2.00000,1.00000,1.00000,2.00000,1.00000,1.00000
EDA,Model,VS-WF+All6-302,2.00000,1.00000,1.00000,2.00000,1.00000,1.00000
EDA,Model,VS-WF+All6-303,1.00000,2.00000,2.00000,2.00000,2.00000,2.00000
EDA,Model,VS-WF+All6-304,1.00000,1.00000,1.00000,3.00000,1.00000,1.00000
EDA,Model,VS-WF+All6-305,2.00000,1.00000,1.00000,2.00000,1.00000,1.00000
EDA,Model,VS-WF+All6-306,2.00000,1.00000,1.00000,2.00000,1.00000,1.00000
EDA,Model,VS-WF+All6-307,1.00000,1.00000,1.00000,3.00000,1.00000,1.00000
EDA,Model,VS-WF+All6-308,1.00000,1.00000,1.00000,3.00000,1.00000,1.00000
EDA,Model,VS-WF+All6-309,1.00000,2.00000,2.00000,2.00000,2.00000,2.00000
EDA,Model,VS-WF+All6-31,2.00000,3.00000
EDA,Model,VS-WF+All6-310,2.00000,2.00000,2.00000,1.00000,2.00000,2.00000
EDA,Model,VS-WF+All6-311,2.00000,1.00000,1.00000,2.00000,1.00000,1.00000
EDA,Model,VS-WF+All6-312,2.00000,1.00000,1.00000,2.00000,1.00000,1.00000
EDA,Model,VS-WF+All6-313,1.00000,1.00000,1.00000,3.00000,1.00000,1.00000
EDA,Model,VS-WF+All6-314,3.00000,2.00000
EDA,Model,VS-WF+All6-315,2.00000,1.00000,1.00000,2.00000,1.00000,1.00000
EDA,Model,VS-WF+All6-316,1.00000,2.00000,2.00000,2.00000,2.00000,2.00000
EDA,Model,VS-WF+All6-317,2.00000,3.00000
EDA,Model,VS-WF+All6-318,1.00000,2.00000,2.00000,2.00000,2.00000,2.00000
EDA,Model,VS-WF+All6-319,2.00000,3.00000
EDA,Model,VS-WF+All6-32,1.00000,1.00000,1.00000,3.00000,1.00000,1.00000
EDA,Model,VS-WF+All6-320,2.00000,1.00000,1.00000,2.00000,1.00000,1.00000
EDA,Model,VS-WF+All6-321,1.00000,2.00000,2.00000,2.00000,2.00000,2.00000
EDA,Model,VS-WF+All6-322,1.00000,2.00000,2.00000,2.00000,2.00000,2.00000
EDA,Model,VS-WF+All6-323,2.00000,1.00000,1.00000,2.00000,1.00000,1.00000
EDA,Model,VS-WF+All6-324,1.00000,2.00000,2.00000,2.00000,2.00000,2.00000
EDA,Model,VS-WF+All6-325,2.00000,3.00000
EDA,Model,VS-WF+All6-326,1.00000,1.00000,1.00000,3.00000,1.00000,1.00000
EDA,Model,VS-WF+All6-327,1.00000,1.00000,1.00000,3.00000,1.00000,1.00000
EDA,Model,VS-WF+All6-328,1.00000,1.00000,1.00000,3.00000,1.00000,1.00000
EDA,Model,VS-WF+All6-329,1.00000,4.00000
EDA,Model,VS-WF+All6-33,1.00000,1.00000,1.00000,3.00000,1.00000,1.00000
EDA,Model,VS-WF+All6-330,1.00000,1.00000,1.00000,3.00000,1.00000,1.00000
EDA,Model,VS-WF+All6-331,1.00000,4.00000
EDA,Model,VS-WF+All6-332,3.00000,2.00000
EDA,Model,VS-WF+All6-333,1.00000,4.00000
EDA,Model,VS-WF+All6-334,2.00000,1.00000,1.00000,2.00000,1.00000,1.00000
EDA,Model,VS-WF+All6-335,1.00000,2.00000,2.00000,2.00000,2.00000,2.00000
EDA,Model,VS-WF+All6-336,2.00000,3.00000
EDA,Model,VS-WF+All6-337,2.00000,1.00000,1.00000,2.00000,1.00000,1.00000
EDA,Model,VS-WF+All6-338,4.00000,1.00000
EDA,Model,VS-WF+All6-339,2.00000,1.00000,1.00000,2.00000,1.00000,1.00000
EDA,Model,VS-WF+All6-34,1.00000,4.00000
EDA,Model,VS-WF+All6-340,1.00000,1.00000,1.00000,3.00000,1.00000,1.00000
EDA,Model,VS-WF+All6-341,1.00000,4.00000
EDA,Model,VS-WF+All6-342,1.00000,1.00000,1.00000,3.00000,1.00000,1.00000
EDA,Model,VS-WF+All6-343,2.00000,3.00000
EDA,Model,VS-WF+All6-344,2.00000,3.00000
EDA,Model,VS-WF+All6-345,2.00000,2.00000,2.00000,1.00000,2.00000,2.00000
EDA,Model,VS-WF+All6-346,2.00000,3.00000
EDA,Model,VS-WF+All6-347,2.00000,3.00000
EDA,Model,VS-WF+All6-348,2.00000,3.00000
EDA,Model,VS-WF+All6-349,2.00000,3.00000
EDA,Model,VS-WF+All6-35,2.00000,1.00000,1.00000,2.00000,1.00000,1.00000
EDA,Model,VS-WF+All6-350,2.00000,1.00000,1.00000,2.00000,1.00000,1.00000
EDA,Model,VS-WF+All6-351,3.00000,2.00000
EDA,Model,VS-WF+All6-352,2.00000,1.00000,1.00000,2.00000,1.00000,1.00000
EDA,Model,VS-WF+All6-353,1.00000,1.00000,1.00000,3.00000,1.00000,1.00000
EDA,Model,VS-WF+All6-354,2.00000,1.00000,1.00000,2.00000,1.00000,1.00000
EDA,Model,VS-WF+All6-355,2.00000,1.00000,1.00000,2.00000,1.00000,1.00000
EDA,Model,VS-WF+All6-356,2.00000,3.00000
EDA,Model,VS-WF+All6-357,1.00000,1.00000,1.00000,3.00000,1.00000,1.00000
EDA,Model,VS-WF+All6-358,2.00000,1.00000,1.00000,2.00000,1.00000,1.00000
EDA,Model,VS-WF+All6-359,2.00000,1.00000,1.00000,2.00000,1.00000,1.00000
EDA,Model,VS-WF+All6-36,1.00000,4.00000
EDA,Model,VS-WF+All6-360,2.00000,1.00000,1.00000,2.00000,1.00000,1.00000
EDA,Model,VS-WF+All6-361,3.00000,2.00000
EDA,Model,VS-WF+All6-362,2.00000,1.00000,1.00000,2.00000,1.00000,1.00000
EDA,Model,VS-WF+All6-363,1.00000,1.00000,1.00000,3.00000,1.00000,1.00000
EDA,Model,VS-WF+All6-364,2.00000,3.00000
EDA,Model,VS-WF+All6-365,2.00000,1.00000,1.00000,2.00000,1.00000,1.00000
EDA,Model,VS-WF+All6-366,3.00000,2.00000
EDA,Model,VS-WF+All6-367,2.00000,1.00000,1.00000,2.00000,1.00000,1.00000
EDA,Model,VS-WF+All6-368,1.00000,1.00000,1.00000,3.00000,1.00000,1.00000
EDA,Model,VS-WF+All6-369,1.00000,1.00000,1.00000,3.00000,1.00000,1.00000
EDA,Model,VS-WF+All6-37,1.00000,4.00000
EDA,Model,VS-WF+All6-370,1.00000,1.00000,1.00000,3.00000,1.00000,1.00000
EDA,Model,VS-WF+All6-371,3.00000,1.00000,1.00000,1.00000,1.00000,1.00000
EDA,Model,VS-WF+All6-372,3.00000,2.00000
EDA,Model,VS-WF+All6-373,1.00000,1.00000,1.00000,3.00000,1.00000,1.00000
EDA,Model,VS-WF+All6-374,1.00000,4.00000
EDA,Model,VS-WF+All6-375,2.00000,1.00000,1.00000,2.00000,1.00000,1.00000
EDA,Model,VS-WF+All6-376,1.00000,4.00000
EDA,Model,VS-WF+All6-377,1.00000,1.00000,1.00000,3.00000,1.00000,1.00000
EDA,Model,VS-WF+All6-378,1.00000,1.00000,1.00000,3.00000,1.00000,1.00000
EDA,Model,VS-WF+All6-379,2.00000,1.00000,1.00000,2.00000,1.00000,1.00000
EDA,Model,VS-WF+All6-38,2.00000,1.00000,1.00000,2.00000,1.00000,1.00000
EDA,Model,VS-WF+All6-380,4.00000,1.00000
EDA,Model,VS-WF+All6-381,1.00000,1.00000,1.00000,3.00000,1.00000,1.00000
EDA,Model,VS-WF+All6-382,1.00000,1.00000,1.00000,3.00000,1.00000,1.00000
EDA,Model,VS-WF+All6-383,1.00000,1.00000,1.00000,3.00000,1.00000,1.00000
EDA,Model,VS-WF+All6-384,1.00000,1.00000,1.00000,3.00000,1.00000,1.00000
EDA,Model,VS-WF+All6-385,1.00000,1.00000,1.00000,3.00000,1.00000,1.00000
EDA,Model,VS-WF+All6-386,1.00000,1.00000,1.00000,3.00000,1.00000,1.00000
EDA,Model,VS-WF+All6-387,1.00000,2.00000,2.00000,2.00000,2.00000,2.00000
EDA,Model,VS-WF+All6-388,1.00000,1.00000,1.00000,3.00000,1.00000,1.00000
EDA,Model,VS-WF+All6-389,1.00000,1.00000,1.00000,3.00000,1.00000,1.00000
EDA,Model,VS-WF+All6-39,1.00000,1.00000,1.00000,3.00000,1.00000,1.00000
EDA,Model,VS-WF+All6-390,2.00000,3.00000
EDA,Model,VS-WF+All6-391,1.00000,1.00000,1.00000,3.00000,1.00000,1.00000
EDA,Model,VS-WF+All6-392,2.00000,3.00000
EDA,Model,VS-WF+All6-393,3.00000,2.00000
EDA,Model,VS-WF+All6-394,2.00000,3.00000
EDA,Model,VS-WF+All6-395,1.00000,4.00000
EDA,Model,VS-WF+All6-396,1.00000,4.00000
EDA,Model,VS-WF+All6-397,1.00000,1.00000,1.00000,3.00000,1.00000,1.00000
EDA,Model,VS-WF+All6-398,1.00000,1.00000,1.00000,3.00000,1.00000,1.00000
EDA,Model,VS-WF+All6-399,1.00000,1.00000,1.00000,3.00000,1.00000,1.00000
EDA,Model,VS-WF+All6-4,2.00000,3.00000
EDA,Model,VS-WF+All6-40,2.00000,3.00000
EDA,Model,VS-WF+All6-400,2.00000,1.00000,1.00000,2.00000,1.00000,1.00000
EDA,Model,VS-WF+All6-401,1.00000,1.00000,1.00000,3.00000,1.00000,1.00000
EDA,Model,VS-WF+All6-402,1.00000,1.00000,1.00000,3.00000,1.00000,1.00000
EDA,Model,VS-WF+All6-403,1.00000,1.00000,1.00000,3.00000,1.00000,1.00000
EDA,Model,VS-WF+All6-404,1.00000,1.00000,1.00000,3.00000,1.00000,1.00000
EDA,Model,VS-WF+All6-405,1.00000,1.00000,1.00000,3.00000,1.00000,1.00000
EDA,Model,VS-WF+All6-406,1.00000,2.00000,2.00000,2.00000,2.00000,2.00000
EDA,Model,VS-WF+All6-407,1.00000,1.00000,1.00000,3.00000,1.00000,1.00000
EDA,Model,VS-WF+All6-408,1.00000,1.00000,1.00000,3.00000,1.00000,1.00000
EDA,Model,VS-WF+All6-409,1.00000,2.00000,2.00000,2.00000,2.00000,2.00000
EDA,Model,VS-WF+All6-41,2.00000,3.00000
EDA,Model,VS-WF+All6-410,1.00000,2.00000,2.00000,2.00000,2.00000,2.00000
EDA,Model,VS-WF+All6-411,1.00000,1.00000,1.00000,3.00000,1.00000,1.00000
EDA,Model,VS-WF+All6-412,1.00000,1.00000,1.00000,3.00000,1.00000,1.00000
EDA,Model,VS-WF+All6-413,1.00000,2.00000,2.00000,2.00000,2.00000,2.00000
EDA,Model,VS-WF+All6-414,1.00000,2.00000,2.00000,2.00000,2.00000,2.00000
EDA,Model,VS-WF+All6-415,2.00000,1.00000,1.00000,2.00000,1.00000,1.00000
EDA,Model,VS-WF+All6-416,2.00000,1.00000,1.00000,2.00000,1.00000,1.00000
EDA,Model,VS-WF+All6-417,2.00000,3.00000
EDA,Model,VS-WF+All6-418,2.00000,3.00000
EDA,Model,VS-WF+All6-419,2.00000,3.00000
EDA,Model,VS-WF+All6-42,1.00000,1.00000,1.00000,3.00000,1.00000,1.00000
EDA,Model,VS-WF+All6-420,2.00000,3.00000
EDA,Model,VS-WF+All6-421,2.00000,3.00000
EDA,Model,VS-WF+All6-422,2.00000,1.00000,1.00000,2.00000,1.00000,1.00000
EDA,Model,VS-WF+All6-423,1.00000,2.00000,2.00000,2.00000,2.00000,2.00000
EDA,Model,VS-WF+All6-424,2.00000,3.00000
EDA,Model,VS-WF+All6-425,2.00000,3.00000
EDA,Model,VS-WF+All6-426,1.00000,1.00000,1.00000,3.00000,1.00000,1.00000
EDA,Model,VS-WF+All6-427,2.00000,3.00000
EDA,Model,VS-WF+All6-428,2.00000,1.00000,1.00000,2.00000,1.00000,1.00000
EDA,Model,VS-WF+All6-429,3.00000,2.00000
EDA,Model,VS-WF+All6-43,1.00000,4.00000
EDA,Model,VS-WF+All6-430,2.00000,3.00000
EDA,Model,VS-WF+All6-431,2.00000,3.00000
EDA,Model,VS-WF+All6-432,3.00000,2.00000
EDA,Model,VS-WF+All6-433,2.00000,3.00000
EDA,Model,VS-WF+All6-434,2.00000,1.00000,1.00000,2.00000,1.00000,1.00000
EDA,Model,VS-WF+All6-435,2.00000,3.00000
EDA,Model,VS-WF+All6-436,2.00000,3.00000
EDA,Model,VS-WF+All6-437,1.00000,1.00000,1.00000,3.00000,1.00000,1.00000
EDA,Model,VS-WF+All6-438,3.00000,2.00000
EDA,Model,VS-WF+All6-439,2.00000,3.00000
EDA,Model,VS-WF+All6-44,1.00000,1.00000,1.00000,3.00000,1.00000,1.00000
EDA,Model,VS-WF+All6-440,2.00000,3.00000
EDA,Model,VS-WF+All6-441,2.00000,3.00000
EDA,Model,VS-WF+All6-442,2.00000,3.00000
EDA,Model,VS-WF+All6-443,2.00000,1.00000,1.00000,2.00000,1.00000,1.00000
EDA,Model,VS-WF+All6-444,2.00000,1.00000,1.00000,2.00000,1.00000,1.00000
EDA,Model,VS-WF+All6-445,2.00000,3.00000
EDA,Model,VS-WF+All6-446,2.00000,3.00000
EDA,Model,VS-WF+All6-447,2.00000,3.00000
EDA,Model,VS-WF+All6-448,2.00000,1.00000,1.00000,2.00000,1.00000,1.00000
EDA,Model,VS-WF+All6-449,1.00000,2.00000,2.00000,2.00000,2.00000,2.00000
EDA,Model,VS-WF+All6-45,2.00000,3.00000
EDA,Model,VS-WF+All6-450,1.00000,2.00000,2.00000,2.00000,2.00000,2.00000
EDA,Model,VS-WF+All6-451,1.00000,4.00000
EDA,Model,VS-WF+All6-452,1.00000,4.00000
EDA,Model,VS-WF+All6-453,1.00000,1.00000,1.00000,3.00000,1.00000,1.00000
EDA,Model,VS-WF+All6-454,1.00000,1.00000,1.00000,3.00000,1.00000,1.00000
EDA,Model,VS-WF+All6-455,1.00000,1.00000,1.00000,3.00000,1.00000,1.00000
EDA,Model,VS-WF+All6-456,1.00000,1.00000,1.00000,3.00000,1.00000,1.00000
EDA,Model,VS-WF+All6-457,1.00000,1.00000,1.00000,3.00000,1.00000,1.00000
EDA,Model,VS-WF+All6-458,1.00000,1.00000,1.00000,3.00000,1.00000,1.00000
EDA,Model,VS-WF+All6-459,1.00000,1.00000,1.00000,3.00000,1.00000,1.00000
EDA,Model,VS-WF+All6-46,2.00000,3.00000
EDA,Model,VS-WF+All6-460,3.00000,2.00000
EDA,Model,VS-WF+All6-461,3.00000,1.00000,1.00000,1.00000,1.00000,1.00000
EDA,Model,VS-WF+All6-462,4.00000,1.00000
EDA,Model,VS-WF+All6-463,1.00000,1.00000,1.00000,3.00000,1.00000,1.00000
EDA,Model,VS-WF+All6-464,1.00000,2.00000,2.00000,2.00000,2.00000,2.00000
EDA,Model,VS-WF+All6-465,1.00000,4.00000
EDA,Model,VS-WF+All6-466,1.00000,2.00000,2.00000,2.00000,2.00000,2.00000
EDA,Model,VS-WF+All6-467,2.00000,3.00000
EDA,Model,VS-WF+All6-468,1.00000,2.00000,2.00000,2.00000,2.00000,2.00000
EDA,Model,VS-WF+All6-469,1.00000,2.00000,2.00000,2.00000,2.00000,2.00000
EDA,Model,VS-WF+All6-47,3.00000,2.00000
EDA,Model,VS-WF+All6-470,2.00000,3.00000
EDA,Model,VS-WF+All6-471,2.00000,3.00000
EDA,Model,VS-WF+All6-472,3.00000,2.00000
EDA,Model,VS-WF+All6-473,2.00000,3.00000
EDA,Model,VS-WF+All6-474,2.00000,3.00000
EDA,Model,VS-WF+All6-475,2.00000,3.00000
EDA,Model,VS-WF+All6-476,3.00000,2.00000
EDA,Model,VS-WF+All6-477,1.00000,1.00000,1.00000,3.00000,1.00000,1.00000
EDA,Model,VS-WF+All6-478,2.00000,3.00000
EDA,Model,VS-WF+All6-479,2.00000,1.00000,1.00000,2.00000,1.00000,1.00000
EDA,Model,VS-WF+All6-48,2.00000,3.00000
EDA,Model,VS-WF+All6-480,2.00000,1.00000,1.00000,2.00000,1.00000,1.00000
EDA,Model,VS-WF+All6-481,1.00000,2.00000,2.00000,2.00000,2.00000,2.00000
EDA,Model,VS-WF+All6-482,2.00000,1.00000,1.00000,2.00000,1.00000,1.00000
EDA,Model,VS-WF+All6-483,1.00000,2.00000,2.00000,2.00000,2.00000,2.00000
EDA,Model,VS-WF+All6-484,1.00000,2.00000,2.00000,2.00000,2.00000,2.00000
EDA,Model,VS-WF+All6-485,2.00000,3.00000
EDA,Model,VS-WF+All6-486,2.00000,3.00000
EDA,Model,VS-WF+All6-487,1.00000,2.00000,2.00000,2.00000,2.00000,2.00000
EDA,Model,VS-WF+All6-488,1.00000,2.00000,2.00000,2.00000,2.00000,2.00000
EDA,Model,VS-WF+All6-489,3.00000,2.00000
EDA,Model,VS-WF+All6-49,2.00000,3.00000
EDA,Model,VS-WF+All6-490,3.00000,2.00000
EDA,Model,VS-WF+All6-491,3.00000,2.00000
EDA,Model,VS-WF+All6-492,3.00000,2.00000
EDA,Model,VS-WF+All6-493,3.00000,2.00000
EDA,Model,VS-WF+All6-494,3.00000,2.00000
EDA,Model,VS-WF+All6-495,4.00000,1.00000
EDA,Model,VS-WF+All6-496,1.00000,1.00000,1.00000,3.00000,1.00000,1.00000
EDA,Model,VS-WF+All6-497,3.00000,2.00000
EDA,Model,VS-WF+All6-498,3.00000,2.00000
EDA,Model,VS-WF+All6-499,1.00000,1.00000,1.00000,3.00000,1.00000,1.00000
EDA,Model,VS-WF+All6-5,1.00000,1.00000,1.00000,3.00000,1.00000,1.00000
EDA,Model,VS-WF+All6-50,2.00000,3.00000
EDA,Model,VS-WF+All6-500,1.00000,1.00000,1.00000,3.00000,1.00000,1.00000
EDA,Model,VS-WF+All6-501,1.00000,2.00000,2.00000,2.00000,2.00000,2.00000
EDA,Model,VS-WF+All6-502,1.00000,2.00000,2.00000,2.00000,2.00000,2.00000
EDA,Model,VS-WF+All6-503,2.00000,3.00000
EDA,Model,VS-WF+All6-504,2.00000,1.00000,1.00000,2.00000,1.00000,1.00000
EDA,Model,VS-WF+All6-505,2.00000,1.00000,1.00000,2.00000,1.00000,1.00000
EDA,Model,VS-WF+All6-506,2.00000,1.00000,1.00000,2.00000,1.00000,1.00000
EDA,Model,VS-WF+All6-507,2.00000,1.00000,1.00000,2.00000,1.00000,1.00000
EDA,Model,VS-WF+All6-508,3.00000,1.00000,1.00000,1.00000,1.00000,1.00000
EDA,Model,VS-WF+All6-509,2.00000,1.00000,1.00000,2.00000,1.00000,1.00000
EDA,Model,VS-WF+All6-51,2.00000,3.00000
EDA,Model,VS-WF+All6-510,2.00000,1.00000,1.00000,2.00000,1.00000,1.00000
EDA,Model,VS-WF+All6-511,2.00000,1.00000,1.00000,2.00000,1.00000,1.00000
EDA,Model,VS-WF+All6-512,2.00000,1.00000,1.00000,2.00000,1.00000,1.00000
EDA,Model,VS-WF+All6-513,2.00000,3.00000
EDA,Model,VS-WF+All6-514,2.00000,2.00000,2.00000,1.00000,2.00000,2.00000
EDA,Model,VS-WF+All6-515,1.00000,2.00000,2.00000,2.00000,2.00000,2.00000
EDA,Model,VS-WF+All6-516,1.00000,4.00000
EDA,Model,VS-WF+All6-517,1.00000,1.00000,1.00000,3.00000,1.00000,1.00000
EDA,Model,VS-WF+All6-518,1.00000,1.00000,1.00000,3.00000,1.00000,1.00000
EDA,Model,VS-WF+All6-519,1.00000,1.00000,1.00000,3.00000,1.00000,1.00000
EDA,Model,VS-WF+All6-52,2.00000,1.00000,1.00000,2.00000,1.00000,1.00000
EDA,Model,VS-WF+All6-520,1.00000,1.00000,1.00000,3.00000,1.00000,1.00000
EDA,Model,VS-WF+All6-521,2.00000,2.00000,2.00000,1.00000,2.00000,2.00000
EDA,Model,VS-WF+All6-522,1.00000,1.00000,1.00000,3.00000,1.00000,1.00000
EDA,Model,VS-WF+All6-523,1.00000,1.00000,1.00000,3.00000,1.00000,1.00000
EDA,Model,VS-WF+All6-524,2.00000,1.00000,1.00000,2.00000,1.00000,1.00000
EDA,Model,VS-WF+All6-525,1.00000,1.00000,1.00000,3.00000,1.00000,1.00000
EDA,Model,VS-WF+All6-526,1.00000,4.00000
EDA,Model,VS-WF+All6-527,2.00000,3.00000
EDA,Model,VS-WF+All6-528,2.00000,1.00000,1.00000,2.00000,1.00000,1.00000
EDA,Model,VS-WF+All6-529,2.00000,1.00000,1.00000,2.00000,1.00000,1.00000
EDA,Model,VS-WF+All6-53,2.00000,1.00000,1.00000,2.00000,1.00000,1.00000
EDA,Model,VS-WF+All6-530,2.00000,1.00000,1.00000,2.00000,1.00000,1.00000
EDA,Model,VS-WF+All6-531,1.00000,1.00000,1.00000,3.00000,1.00000,1.00000
EDA,Model,VS-WF+All6-532,2.00000,1.00000,1.00000,2.00000,1.00000,1.00000
EDA,Model,VS-WF+All6-533,1.00000,1.00000,1.00000,3.00000,1.00000,1.00000
EDA,Model,VS-WF+All6-534,2.00000,3.00000
EDA,Model,VS-WF+All6-535,1.00000,2.00000,2.00000,2.00000,2.00000,2.00000
EDA,Model,VS-WF+All6-536,2.00000,3.00000
EDA,Model,VS-WF+All6-537,2.00000,3.00000
EDA,Model,VS-WF+All6-538,1.00000,4.00000
EDA,Model,VS-WF+All6-539,2.00000,3.00000
EDA,Model,VS-WF+All6-54,2.00000,3.00000
EDA,Model,VS-WF+All6-540,2.00000,1.00000,1.00000,2.00000,1.00000,1.00000
EDA,Model,VS-WF+All6-541,1.00000,1.00000,1.00000,3.00000,1.00000,1.00000
EDA,Model,VS-WF+All6-542,2.00000,3.00000
EDA,Model,VS-WF+All6-543,2.00000,3.00000
EDA,Model,VS-WF+All6-544,1.00000,4.00000
EDA,Model,VS-WF+All6-545,1.00000,2.00000,2.00000,2.00000,2.00000,2.00000
EDA,Model,VS-WF+All6-546,2.00000,3.00000
EDA,Model,VS-WF+All6-547,1.00000,4.00000
EDA,Model,VS-WF+All6-548,1.00000,4.00000
EDA,Model,VS-WF+All6-549,1.00000,1.00000,1.00000,3.00000,1.00000,1.00000
EDA,Model,VS-WF+All6-55,2.00000,3.00000
EDA,Model,VS-WF+All6-550,1.00000,1.00000,1.00000,3.00000,1.00000,1.00000
EDA,Model,VS-WF+All6-551,1.00000,1.00000,1.00000,3.00000,1.00000,1.00000
EDA,Model,VS-WF+All6-552,1.00000,2.00000,2.00000,2.00000,2.00000,2.00000
EDA,Model,VS-WF+All6-553,1.00000,1.00000,1.00000,3.00000,1.00000,1.00000
EDA,Model,VS-WF+All6-554,1.00000,1.00000,1.00000,3.00000,1.00000,1.00000
EDA,Model,VS-WF+All6-555,2.00000,1.00000,1.00000,2.00000,1.00000,1.00000
EDA,Model,VS-WF+All6-556,2.00000,1.00000,1.00000,2.00000,1.00000,1.00000
EDA,Model,VS-WF+All6-557,1.00000,2.00000,2.00000,2.00000,2.00000,2.00000
EDA,Model,VS-WF+All6-558,1.00000,2.00000,2.00000,2.00000,2.00000,2.00000
EDA,Model,VS-WF+All6-559,2.00000,1.00000,1.00000,2.00000,1.00000,1.00000
EDA,Model,VS-WF+All6-56,2.00000,3.00000
EDA,Model,VS-WF+All6-560,1.00000,2.00000,2.00000,2.00000,2.00000,2.00000
EDA,Model,VS-WF+All6-561,2.00000,1.00000,1.00000,2.00000,1.00000,1.00000
EDA,Model,VS-WF+All6-562,2.00000,3.00000
EDA,Model,VS-WF+All6-563,1.00000,4.00000
EDA,Model,VS-WF+All6-564,1.00000,2.00000,2.00000,2.00000,2.00000,2.00000
EDA,Model,VS-WF+All6-565,2.00000,1.00000,1.00000,2.00000,1.00000,1.00000
EDA,Model,VS-WF+All6-566,4.00000,1.00000
EDA,Model,VS-WF+All6-567,5.00000
EDA,Model,VS-WF+All6-568,1.00000,2.00000,2.00000,2.00000,2.00000,2.00000
EDA,Model,VS-WF+All6-569,1.00000,2.00000,2.00000,2.00000,2.00000,2.00000
EDA,Model,VS-WF+All6-57,3.00000,2.00000
EDA,Model,VS-WF+All6-570,2.00000,1.00000,1.00000,2.00000,1.00000,1.00000
EDA,Model,VS-WF+All6-571,3.00000,2.00000
EDA,Model,VS-WF+All6-572,2.00000,1.00000,1.00000,2.00000,1.00000,1.00000
EDA,Model,VS-WF+All6-573,1.00000,2.00000,2.00000,2.00000,2.00000,2.00000
EDA,Model,VS-WF+All6-574,1.00000,2.00000,2.00000,2.00000,2.00000,2.00000
EDA,Model,VS-WF+All6-575,1.00000,2.00000,2.00000,2.00000,2.00000,2.00000
EDA,Model,VS-WF+All6-576,1.00000,2.00000,2.00000,2.00000,2.00000,2.00000
EDA,Model,VS-WF+All6-577,1.00000,2.00000,2.00000,2.00000,2.00000,2.00000
EDA,Model,VS-WF+All6-578,1.00000,3.00000,3.00000,1.00000,3.00000,3.00000
EDA,Model,VS-WF+All6-579,1.00000,2.00000,2.00000,2.00000,2.00000,2.00000
EDA,Model,VS-WF+All6-58,2.00000,3.00000
EDA,Model,VS-WF+All6-580,1.00000,1.00000,1.00000,3.00000,1.00000,1.00000
EDA,Model,VS-WF+All6-581,1.00000,1.00000,1.00000,3.00000,1.00000,1.00000
EDA,Model,VS-WF+All6-582,1.00000,2.00000,2.00000,2.00000,2.00000,2.00000
EDA,Model,VS-WF+All6-583,1.00000,2.00000,2.00000,2.00000,2.00000,2.00000
EDA,Model,VS-WF+All6-584,1.00000,1.00000,1.00000,3.00000,1.00000,1.00000
EDA,Model,VS-WF+All6-585,1.00000,2.00000,2.00000,2.00000,2.00000,2.00000
EDA,Model,VS-WF+All6-586,1.00000,2.00000,2.00000,2.00000,2.00000,2.00000
EDA,Model,VS-WF+All6-587,1.00000,2.00000,2.00000,2.00000,2.00000,2.00000
EDA,Model,VS-WF+All6-588,1.00000,2.00000,2.00000,2.00000,2.00000,2.00000
EDA,Model,VS-WF+All6-589,1.00000,2.00000,2.00000,2.00000,2.00000,2.00000
EDA,Model,VS-WF+All6-59,2.00000,3.00000
EDA,Model,VS-WF+All6-590,1.00000,1.00000,1.00000,3.00000,1.00000,1.00000
EDA,Model,VS-WF+All6-591,1.00000,2.00000,2.00000,2.00000,2.00000,2.00000
EDA,Model,VS-WF+All6-592,1.00000,1.00000,1.00000,3.00000,1.00000,1.00000
EDA,Model,VS-WF+All6-593,2.00000,3.00000
EDA,Model,VS-WF+All6-594,2.00000,1.00000,1.00000,2.00000,1.00000,1.00000
EDA,Model,VS-WF+All6-595,1.00000,1.00000,1.00000,3.00000,1.00000,1.00000
EDA,Model,VS-WF+All6-596,1.00000,1.00000,1.00000,3.00000,1.00000,1.00000
EDA,Model,VS-WF+All6-597,2.00000,1.00000,1.00000,2.00000,1.00000,1.00000
EDA,Model,VS-WF+All6-598,1.00000,2.00000,2.00000,2.00000,2.00000,2.00000
EDA,Model,VS-WF+All6-599,1.00000,1.00000,1.00000,3.00000,1.00000,1.00000
EDA,Model,VS-WF+All6-6,1.00000,1.00000,1.00000,3.00000,1.00000,1.00000
EDA,Model,VS-WF+All6-60,2.00000,3.00000
EDA,Model,VS-WF+All6-600,1.00000,1.00000,1.00000,3.00000,1.00000,1.00000
EDA,Model,VS-WF+All6-601,1.00000,1.00000,1.00000,3.00000,1.00000,1.00000
EDA,Model,VS-WF+All6-602,1.00000,1.00000,1.00000,3.00000,1.00000,1.00000
EDA,Model,VS-WF+All6-603,1.00000,2.00000,2.00000,2.00000,2.00000,2.00000
EDA,Model,VS-WF+All6-604,1.00000,2.00000,2.00000,2.00000,2.00000,2.00000
EDA,Model,VS-WF+All6-605,1.00000,1.00000,1.00000,3.00000,1.00000,1.00000
EDA,Model,VS-WF+All6-606,2.00000,3.00000
EDA,Model,VS-WF+All6-607,2.00000,3.00000
EDA,Model,VS-WF+All6-608,1.00000,2.00000,2.00000,2.00000,2.00000,2.00000
EDA,Model,VS-WF+All6-609,3.00000,2.00000
EDA,Model,VS-WF+All6-61,1.00000,1.00000,1.00000,3.00000,1.00000,1.00000
EDA,Model,VS-WF+All6-610,1.00000,1.00000,1.00000,3.00000,1.00000,1.00000
EDA,Model,VS-WF+All6-611,2.00000,1.00000,1.00000,2.00000,1.00000,1.00000
EDA,Model,VS-WF+All6-612,1.00000,2.00000,2.00000,2.00000,2.00000,2.00000
EDA,Model,VS-WF+All6-613,1.00000,2.00000,2.00000,2.00000,2.00000,2.00000
EDA,Model,VS-WF+All6-614,3.00000,2.00000
EDA,Model,VS-WF+All6-615,1.00000,2.00000,2.00000,2.00000,2.00000,2.00000
EDA,Model,VS-WF+All6-616,1.00000,2.00000,2.00000,2.00000,2.00000,2.00000
EDA,Model,VS-WF+All6-617,1.00000,2.00000,2.00000,2.00000,2.00000,2.00000
EDA,Model,VS-WF+All6-618,1.00000,2.00000,2.00000,2.00000,2.00000,2.00000
EDA,Model,VS-WF+All6-619,2.00000,3.00000
EDA,Model,VS-WF+All6-62,2.00000,1.00000,1.00000,2.00000,1.00000,1.00000
EDA,Model,VS-WF+All6-620,2.00000,3.00000
EDA,Model,VS-WF+All6-621,2.00000,1.00000,1.00000,2.00000,1.00000,1.00000
EDA,Model,VS-WF+All6-622,2.00000,1.00000,1.00000,2.00000,1.00000,1.00000
EDA,Model,VS-WF+All6-623,3.00000,2.00000
EDA,Model,VS-WF+All6-624,2.00000,3.00000
EDA,Model,VS-WF+All6-625,2.00000,3.00000
EDA,Model,VS-WF+All6-626,2.00000,3.00000
EDA,Model,VS-WF+All6-627,3.00000,2.00000
EDA,Model,VS-WF+All6-628,2.00000,3.00000
EDA,Model,VS-WF+All6-629,2.00000,3.00000
EDA,Model,VS-WF+All6-63,2.00000,3.00000
EDA,Model,VS-WF+All6-630,2.00000,1.00000,1.00000,2.00000,1.00000,1.00000
EDA,Model,VS-WF+All6-631,2.00000,3.00000
EDA,Model,VS-WF+All6-632,3.00000,2.00000
EDA,Model,VS-WF+All6-633,2.00000,3.00000
EDA,Model,VS-WF+All6-634,2.00000,3.00000
EDA,Model,VS-WF+All6-635,1.00000,2.00000,2.00000,2.00000,2.00000,2.00000
EDA,Model,VS-WF+All6-636,2.00000,1.00000,1.00000,2.00000,1.00000,1.00000
EDA,Model,VS-WF+All6-637,1.00000,2.00000,2.00000,2.00000,2.00000,2.00000
EDA,Model,VS-WF+All6-638,1.00000,2.00000,2.00000,2.00000,2.00000,2.00000
EDA,Model,VS-WF+All6-639,1.00000,2.00000,2.00000,2.00000,2.00000,2.00000
EDA,Model,VS-WF+All6-64,2.00000,3.00000
EDA,Model,VS-WF+All6-640,1.00000,2.00000,2.00000,2.00000,2.00000,2.00000
EDA,Model,VS-WF+All6-641,1.00000,2.00000,2.00000,2.00000,2.00000,2.00000
EDA,Model,VS-WF+All6-642,2.00000,1.00000,1.00000,2.00000,1.00000,1.00000
EDA,Model,VS-WF+All6-643,2.00000,1.00000,1.00000,2.00000,1.00000,1.00000
EDA,Model,VS-WF+All6-644,1.00000,3.00000,3.00000,1.00000,3.00000,3.00000
EDA,Model,VS-WF+All6-645,1.00000,1.00000,1.00000,3.00000,1.00000,1.00000
EDA,Model,VS-WF+All6-646,1.00000,1.00000,1.00000,3.00000,1.00000,1.00000
EDA,Model,VS-WF+All6-647,2.00000,3.00000
EDA,Model,VS-WF+All6-648,2.00000,1.00000,1.00000,2.00000,1.00000,1.00000
EDA,Model,VS-WF+All6-649,2.00000,1.00000,1.00000,2.00000,1.00000,1.00000
EDA,Model,VS-WF+All6-65,2.00000,3.00000
EDA,Model,VS-WF+All6-650,1.00000,1.00000,1.00000,3.00000,1.00000,1.00000
EDA,Model,VS-WF+All6-651,1.00000,1.00000,1.00000,3.00000,1.00000,1.00000
EDA,Model,VS-WF+All6-652,1.00000,1.00000,1.00000,3.00000,1.00000,1.00000
EDA,Model,VS-WF+All6-653,1.00000,2.00000,2.00000,2.00000,2.00000,2.00000
EDA,Model,VS-WF+All6-654,1.00000,2.00000,2.00000,2.00000,2.00000,2.00000
EDA,Model,VS-WF+All6-655,2.00000,3.00000
EDA,Model,VS-WF+All6-656,1.00000,1.00000,1.00000,3.00000,1.00000,1.00000
EDA,Model,VS-WF+All6-657,1.00000,1.00000,1.00000,3.00000,1.00000,1.00000
EDA,Model,VS-WF+All6-658,1.00000,2.00000,2.00000,2.00000,2.00000,2.00000
EDA,Model,VS-WF+All6-659,1.00000,2.00000,2.00000,2.00000,2.00000,2.00000
EDA,Model,VS-WF+All6-66,2.00000,1.00000,1.00000,2.00000,1.00000,1.00000
EDA,Model,VS-WF+All6-660,1.00000,2.00000,2.00000,2.00000,2.00000,2.00000
EDA,Model,VS-WF+All6-661,2.00000,1.00000,1.00000,2.00000,1.00000,1.00000
EDA,Model,VS-WF+All6-662,1.00000,1.00000,1.00000,3.00000,1.00000,1.00000
EDA,Model,VS-WF+All6-663,1.00000,1.00000,1.00000,3.00000,1.00000,1.00000
EDA,Model,VS-WF+All6-664,1.00000,2.00000,2.00000,2.00000,2.00000,2.00000
EDA,Model,VS-WF+All6-665,2.00000,2.00000,2.00000,1.00000,2.00000,2.00000
EDA,Model,VS-WF+All6-666,1.00000,1.00000,1.00000,3.00000,1.00000,1.00000
EDA,Model,VS-WF+All6-667,2.00000,1.00000,1.00000,2.00000,1.00000,1.00000
EDA,Model,VS-WF+All6-668,1.00000,1.00000,1.00000,3.00000,1.00000,1.00000
EDA,Model,VS-WF+All6-669,1.00000,2.00000,2.00000,2.00000,2.00000,2.00000
EDA,Model,VS-WF+All6-67,1.00000,1.00000,1.00000,3.00000,1.00000,1.00000
EDA,Model,VS-WF+All6-670,1.00000,2.00000,2.00000,2.00000,2.00000,2.00000
EDA,Model,VS-WF+All6-671,1.00000,2.00000,2.00000,2.00000,2.00000,2.00000
EDA,Model,VS-WF+All6-672,2.00000,1.00000,1.00000,2.00000,1.00000,1.00000
EDA,Model,VS-WF+All6-673,2.00000,3.00000
EDA,Model,VS-WF+All6-674,2.00000,1.00000,1.00000,2.00000,1.00000,1.00000
EDA,Model,VS-WF+All6-675,2.00000,3.00000
EDA,Model,VS-WF+All6-676,2.00000,1.00000,1.00000,2.00000,1.00000,1.00000
EDA,Model,VS-WF+All6-677,2.00000,3.00000
EDA,Model,VS-WF+All6-678,1.00000,1.00000,1.00000,3.00000,1.00000,1.00000
EDA,Model,VS-WF+All6-679,1.00000,1.00000,1.00000,3.00000,1.00000,1.00000
EDA,Model,VS-WF+All6-68,2.00000,1.00000,1.00000,2.00000,1.00000,1.00000
EDA,Model,VS-WF+All6-680,2.00000,1.00000,1.00000,2.00000,1.00000,1.00000
EDA,Model,VS-WF+All6-681,1.00000,1.00000,1.00000,3.00000,1.00000,1.00000
EDA,Model,VS-WF+All6-682,1.00000,1.00000,1.00000,3.00000,1.00000,1.00000
EDA,Model,VS-WF+All6-683,1.00000,1.00000,1.00000,3.00000,1.00000,1.00000
EDA,Model,VS-WF+All6-684,1.00000,1.00000,1.00000,3.00000,1.00000,1.00000
EDA,Model,VS-WF+All6-685,1.00000,2.00000,2.00000,2.00000,2.00000,2.00000
EDA,Model,VS-WF+All6-686,1.00000,3.00000,3.00000,1.00000,3.00000,3.00000
EDA,Model,VS-WF+All6-687,2.00000,1.00000,1.00000,2.00000,1.00000,1.00000
EDA,Model,VS-WF+All6-688,1.00000,1.00000,1.00000,3.00000,1.00000,1.00000
EDA,Model,VS-WF+All6-689,1.00000,2.00000,2.00000,2.00000,2.00000,2.00000
EDA,Model,VS-WF+All6-69,2.00000,3.00000
EDA,Model,VS-WF+All6-690,1.00000,1.00000,1.00000,3.00000,1.00000,1.00000
EDA,Model,VS-WF+All6-691,2.00000,3.00000
EDA,Model,VS-WF+All6-692,2.00000,1.00000,1.00000,2.00000,1.00000,1.00000
EDA,Model,VS-WF+All6-693,1.00000,2.00000,2.00000,2.00000,2.00000,2.00000
EDA,Model,VS-WF+All6-694,1.00000,2.00000,2.00000,2.00000,2.00000,2.00000
EDA,Model,VS-WF+All6-695,1.00000,2.00000,2.00000,2.00000,2.00000,2.00000
EDA,Model,VS-WF+All6-696,2.00000,3.00000
EDA,Model,VS-WF+All6-697,3.00000,2.00000
EDA,Model,VS-WF+All6-698,2.00000,1.00000,1.00000,2.00000,1.00000,1.00000
EDA,Model,VS-WF+All6-699,2.00000,1.00000,1.00000,2.00000,1.00000,1.00000
EDA,Model,VS-WF+All6-7,2.00000,3.00000
EDA,Model,VS-WF+All6-70,1.00000,4.00000
EDA,Model,VS-WF+All6-700,2.00000,3.00000
EDA,Model,VS-WF+All6-701,2.00000,3.00000
EDA,Model,VS-WF+All6-702,2.00000,3.00000
EDA,Model,VS-WF+All6-703,2.00000,1.00000,1.00000,2.00000,1.00000,1.00000
EDA,Model,VS-WF+All6-704,1.00000,1.00000,1.00000,3.00000,1.00000,1.00000
EDA,Model,VS-WF+All6-705,2.00000,1.00000,1.00000,2.00000,1.00000,1.00000
EDA,Model,VS-WF+All6-706,2.00000,3.00000
EDA,Model,VS-WF+All6-707,1.00000,1.00000,1.00000,3.00000,1.00000,1.00000
EDA,Model,VS-WF+All6-708,1.00000,2.00000,2.00000,2.00000,2.00000,2.00000
EDA,Model,VS-WF+All6-709,1.00000,2.00000,2.00000,2.00000,2.00000,2.00000
EDA,Model,VS-WF+All6-71,1.00000,1.00000,1.00000,3.00000,1.00000,1.00000
EDA,Model,VS-WF+All6-710,1.00000,3.00000,3.00000,1.00000,3.00000,3.00000
EDA,Model,VS-WF+All6-711,1.00000,1.00000,1.00000,3.00000,1.00000,1.00000
EDA,Model,VS-WF+All6-712,1.00000,1.00000,1.00000,3.00000,1.00000,1.00000
EDA,Model,VS-WF+All6-713,1.00000,1.00000,1.00000,3.00000,1.00000,1.00000
EDA,Model,VS-WF+All6-714,1.00000,2.00000,2.00000,2.00000,2.00000,2.00000
EDA,Model,VS-WF+All6-715,1.00000,2.00000,2.00000,2.00000,2.00000,2.00000
EDA,Model,VS-WF+All6-716,1.00000,2.00000,2.00000,2.00000,2.00000,2.00000
EDA,Model,VS-WF+All6-717,1.00000,2.00000,2.00000,2.00000,2.00000,2.00000
EDA,Model,VS-WF+All6-718,1.00000,2.00000,2.00000,2.00000,2.00000,2.00000
EDA,Model,VS-WF+All6-719,1.00000,4.00000
EDA,Model,VS-WF+All6-72,1.00000,1.00000,1.00000,3.00000,1.00000,1.00000
EDA,Model,VS-WF+All6-720,2.00000,3.00000
EDA,Model,VS-WF+All6-721,2.00000,3.00000
EDA,Model,VS-WF+All6-722,1.00000,2.00000,2.00000,2.00000,2.00000,2.00000
EDA,Model,VS-WF+All6-723,2.00000,3.00000
EDA,Model,VS-WF+All6-724,2.00000,1.00000,1.00000,2.00000,1.00000,1.00000
EDA,Model,VS-WF+All6-725,2.00000,1.00000,1.00000,2.00000,1.00000,1.00000
EDA,Model,VS-WF+All6-726,3.00000,2.00000
EDA,Model,VS-WF+All6-727,2.00000,1.00000,1.00000,2.00000,1.00000,1.00000
EDA,Model,VS-WF+All6-728,1.00000,1.00000,1.00000,3.00000,1.00000,1.00000
EDA,Model,VS-WF+All6-729,1.00000,2.00000,2.00000,2.00000,2.00000,2.00000
EDA,Model,VS-WF+All6-73,1.00000,4.00000
EDA,Model,VS-WF+All6-730,1.00000,2.00000,2.00000,2.00000,2.00000,2.00000
EDA,Model,VS-WF+All6-731,1.00000,1.00000,1.00000,3.00000,1.00000,1.00000
EDA,Model,VS-WF+All6-732,1.00000,1.00000,1.00000,3.00000,1.00000,1.00000
EDA,Model,VS-WF+All6-733,3.00000,2.00000
EDA,Model,VS-WF+All6-734,4.00000,1.00000
EDA,Model,VS-WF+All6-735,3.00000,2.00000
EDA,Model,VS-WF+All6-736,1.00000,3.00000,3.00000,1.00000,3.00000,3.00000
EDA,Model,VS-WF+All6-737,1.00000,1.00000,1.00000,3.00000,1.00000,1.00000
EDA,Model,VS-WF+All6-738,1.00000,1.00000,1.00000,3.00000,1.00000,1.00000
EDA,Model,VS-WF+All6-739,1.00000,1.00000,1.00000,3.00000,1.00000,1.00000
EDA,Model,VS-WF+All6-74,2.00000,1.00000,1.00000,2.00000,1.00000,1.00000
EDA,Model,VS-WF+All6-740,1.00000,2.00000,2.00000,2.00000,2.00000,2.00000
EDA,Model,VS-WF+All6-741,2.00000,1.00000,1.00000,2.00000,1.00000,1.00000
EDA,Model,VS-WF+All6-742,3.00000,2.00000
EDA,Model,VS-WF+All6-743,2.00000,1.00000,1.00000,2.00000,1.00000,1.00000
EDA,Model,VS-WF+All6-744,2.00000,3.00000
EDA,Model,VS-WF+All6-745,1.00000,1.00000,1.00000,3.00000,1.00000,1.00000
EDA,Model,VS-WF+All6-746,1.00000,2.00000,2.00000,2.00000,2.00000,2.00000
EDA,Model,VS-WF+All6-75,2.00000,3.00000
EDA,Model,VS-WF+All6-76,1.00000,1.00000,1.00000,3.00000,1.00000,1.00000
EDA,Model,VS-WF+All6-77,1.00000,4.00000
EDA,Model,VS-WF+All6-78,1.00000,2.00000,2.00000,2.00000,2.00000,2.00000
EDA,Model,VS-WF+All6-79,1.00000,2.00000,2.00000,2.00000,2.00000,2.00000
EDA,Model,VS-WF+All6-8,1.00000,1.00000,1.00000,3.00000,1.00000,1.00000
EDA,Model,VS-WF+All6-80,3.00000,2.00000
EDA,Model,VS-WF+All6-81,2.00000,3.00000
EDA,Model,VS-WF+All6-82,1.00000,1.00000,1.00000,3.00000,1.00000,1.00000
EDA,Model,VS-WF+All6-83,1.00000,4.00000
EDA,Model,VS-WF+All6-84,2.00000,3.00000
EDA,Model,VS-WF+All6-85,2.00000,3.00000
EDA,Model,VS-WF+All6-86,2.00000,3.00000
EDA,Model,VS-WF+All6-87,2.00000,3.00000
EDA,Model,VS-WF+All6-88,2.00000,1.00000,1.00000,2.00000,1.00000,1.00000
EDA,Model,VS-WF+All6-89,1.00000,1.00000,1.00000,3.00000,1.00000,1.00000
EDA,Model,VS-WF+All6-9,1.00000,1.00000,1.00000,3.00000,1.00000,1.00000
EDA,Model,VS-WF+All6-90,1.00000,1.00000,1.00000,3.00000,1.00000,1.00000
EDA,Model,VS-WF+All6-91,1.00000,1.00000,1.00000,3.00000,1.00000,1.00000
EDA,Model,VS-WF+All6-92,2.00000,1.00000,1.00000,2.00000,1.00000,1.00000
EDA,Model,VS-WF+All6-93,2.00000,3.00000
EDA,Model,VS-WF+All6-94,2.00000,3.00000
EDA,Model,VS-WF+All6-95,2.00000,3.00000
EDA,Model,VS-WF+All6-96,3.00000,2.00000
EDA,Model,VS-WF+All6-97,2.00000,1.00000,1.00000,2.00000,1.00000,1.00000
EDA,Model,VS-WF+All6-98,2.00000,3.00000
EDA,Model,VS-WF+All6-99,2.00000,3.00000
EDA,NHLattice,VS-WF+All6-1,1.00000,4.00000
EDA,NHLattice,VS-WF+All6-10,1.00000,4.00000
EDA,NHLattice,VS-WF+All6-100,1.00000,2.00000,1.00000,2.00000,1.00000,1.00000
EDA,NHLattice,VS-WF+All6-101,2.00000,3.00000
EDA,NHLattice,VS-WF+All6-102,2.00000,3.00000
EDA,NHLattice,VS-WF+All6-103,2.00000,3.00000
EDA,NHLattice,VS-WF+All6-104,2.00000,3.00000
EDA,NHLattice,VS-WF+All6-105,1.00000,2.00000,2.00000,1.00000,1.00000,1.00000
EDA,NHLattice,VS-WF+All6-106,1.00000,2.00000,1.00000,2.00000,1.00000,1.00000
EDA,NHLattice,VS-WF+All6-107,1.00000,2.00000,1.00000,2.00000,1.00000,1.00000
EDA,NHLattice,VS-WF+All6-108,1.00000,2.00000,2.00000,1.00000,1.00000,1.00000
EDA,NHLattice,VS-WF+All6-109,3.00000,2.00000
EDA,NHLattice,VS-WF+All6-11,1.00000,1.00000,3.00000,1.00000,1.00000,1.00000
EDA,NHLattice,VS-WF+All6-110,2.00000,3.00000
EDA,NHLattice,VS-WF+All6-111,2.00000,3.00000
EDA,NHLattice,VS-WF+All6-112,2.00000,3.00000
EDA,NHLattice,VS-WF+All6-113,2.00000,3.00000
EDA,NHLattice,VS-WF+All6-114,1.00000,2.00000,1.00000,2.00000,1.00000,1.00000
EDA,NHLattice,VS-WF+All6-115,2.00000,3.00000
EDA,NHLattice,VS-WF+All6-116,1.00000,2.00000,1.00000,2.00000,1.00000,1.00000
EDA,NHLattice,VS-WF+All6-117,1.00000,2.00000,1.00000,2.00000,1.00000,1.00000
EDA,NHLattice,VS-WF+All6-118,2.00000,3.00000
EDA,NHLattice,VS-WF+All6-119,2.00000,3.00000
EDA,NHLattice,VS-WF+All6-12,1.00000,4.00000
EDA,NHLattice,VS-WF+All6-120,3.00000,2.00000
EDA,NHLattice,VS-WF+All6-121,1.00000,1.00000,3.00000,1.00000,1.00000,1.00000
EDA,NHLattice,VS-WF+All6-122,2.00000,3.00000
EDA,NHLattice,VS-WF+All6-123,1.00000,1.00000,1.00000,3.00000,1.00000,1.00000
EDA,NHLattice,VS-WF+All6-124,1.00000,2.00000,1.00000,2.00000,1.00000,1.00000
EDA,NHLattice,VS-WF+All6-125,1.00000,1.00000,1.00000,3.00000,1.00000,1.00000
EDA,NHLattice,VS-WF+All6-126,1.00000,1.00000,1.00000,3.00000,1.00000,1.00000
EDA,NHLattice,VS-WF+All6-127,1.00000,4.00000
EDA,NHLattice,VS-WF+All6-128,1.00000,1.00000,3.00000,1.00000,1.00000,1.00000
EDA,NHLattice,VS-WF+All6-129,1.00000,1.00000,1.00000,3.00000,1.00000,1.00000
EDA,NHLattice,VS-WF+All6-13,1.00000,1.00000,3.00000,1.00000,1.00000,1.00000
EDA,NHLattice,VS-WF+All6-130,1.00000,1.00000,1.00000,3.00000,1.00000,1.00000
EDA,NHLattice,VS-WF+All6-131,1.00000,1.00000,3.00000,1.00000,1.00000,1.00000
EDA,NHLattice,VS-WF+All6-132,2.00000,3.00000
EDA,NHLattice,VS-WF+All6-133,1.00000,1.00000,3.00000,1.00000,1.00000,1.00000
EDA,NHLattice,VS-WF+All6-134,1.00000,2.00000,1.00000,2.00000,1.00000,1.00000
EDA,NHLattice,VS-WF+All6-135,1.00000,1.00000,3.00000,1.00000,1.00000,1.00000
EDA,NHLattice,VS-WF+All6-136,1.00000,2.00000,2.00000,1.00000,1.00000,1.00000
EDA,NHLattice,VS-WF+All6-137,1.00000,2.00000,1.00000,2.00000,1.00000,1.00000
EDA,NHLattice,VS-WF+All6-138,3.00000,2.00000
EDA,NHLattice,VS-WF+All6-139,1.00000,1.00000,1.00000,3.00000,1.00000,1.00000
EDA,NHLattice,VS-WF+All6-14,1.00000,1.00000,3.00000,1.00000,1.00000,1.00000
EDA,NHLattice,VS-WF+All6-140,1.00000,4.00000
EDA,NHLattice,VS-WF+All6-141,2.00000,1.00000,2.00000,2.00000,2.00000,2.00000
EDA,NHLattice,VS-WF+All6-142,2.00000,1.00000,2.00000,2.00000,2.00000,2.00000
EDA,NHLattice,VS-WF+All6-143,1.00000,1.00000,1.00000,3.00000,1.00000,1.00000
EDA,NHLattice,VS-WF+All6-144,2.00000,3.00000
EDA,NHLattice,VS-WF+All6-145,1.00000,1.00000,1.00000,3.00000,1.00000,1.00000
EDA,NHLattice,VS-WF+All6-146,1.00000,2.00000,1.00000,2.00000,1.00000,1.00000
EDA,NHLattice,VS-WF+All6-147,1.00000,1.00000,1.00000,3.00000,1.00000,1.00000
EDA,NHLattice,VS-WF+All6-148,1.00000,1.00000,1.00000,3.00000,1.00000,1.00000
EDA,NHLattice,VS-WF+All6-149,1.00000,2.00000,2.00000,1.00000,1.00000,1.00000
EDA,NHLattice,VS-WF+All6-15,1.00000,1.00000,3.00000,1.00000,1.00000,1.00000
EDA,NHLattice,VS-WF+All6-150,2.00000,2.00000,2.00000,1.00000,2.00000,2.00000
EDA,NHLattice,VS-WF+All6-151,1.00000,2.00000,2.00000,1.00000,1.00000,1.00000
EDA,NHLattice,VS-WF+All6-152,2.00000,1.00000,2.00000,2.00000,2.00000,2.00000
EDA,NHLattice,VS-WF+All6-153,1.00000,1.00000,1.00000,3.00000,1.00000,1.00000
EDA,NHLattice,VS-WF+All6-154,2.00000,1.00000,2.00000,2.00000,2.00000,2.00000
EDA,NHLattice,VS-WF+All6-155,2.00000,1.00000,2.00000,2.00000,2.00000,2.00000
EDA,NHLattice,VS-WF+All6-156,2.00000,1.00000,2.00000,2.00000,2.00000,2.00000
EDA,NHLattice,VS-WF+All6-157,2.00000,1.00000,2.00000,2.00000,2.00000,2.00000
EDA,NHLattice,VS-WF+All6-158,1.00000,3.00000,1.00000,1.00000,1.00000,1.00000
EDA,NHLattice,VS-WF+All6-159,1.00000,2.00000,1.00000,2.00000,1.00000,1.00000
EDA,NHLattice,VS-WF+All6-16,1.00000,1.00000,1.00000,3.00000,1.00000,1.00000
EDA,NHLattice,VS-WF+All6-160,1.00000,2.00000,1.00000,2.00000,1.00000,1.00000
EDA,NHLattice,VS-WF+All6-161,2.00000,1.00000,2.00000,2.00000,2.00000,2.00000
EDA,NHLattice,VS-WF+All6-162,1.00000,3.00000,1.00000,1.00000,1.00000,1.00000
EDA,NHLattice,VS-WF+All6-163,1.00000,2.00000,1.00000,2.00000,1.00000,1.00000
EDA,NHLattice,VS-WF+All6-164,1.00000,1.00000,1.00000,3.00000,1.00000,1.00000
EDA,NHLattice,VS-WF+All6-165,1.00000,2.00000,1.00000,2.00000,1.00000,1.00000
EDA,NHLattice,VS-WF+All6-166,1.00000,2.00000,1.00000,2.00000,1.00000,1.00000
EDA,NHLattice,VS-WF+All6-167,1.00000,2.00000,1.00000,2.00000,1.00000,1.00000
EDA,NHLattice,VS-WF+All6-168,1.00000,2.00000,1.00000,2.00000,1.00000,1.00000
EDA,NHLattice,VS-WF+All6-169,1.00000,2.00000,1.00000,2.00000,1.00000,1.00000
EDA,NHLattice,VS-WF+All6-17,2.00000,3.00000
EDA,NHLattice,VS-WF+All6-170,1.00000,2.00000,1.00000,2.00000,1.00000,1.00000
EDA,NHLattice,VS-WF+All6-171,1.00000,2.00000,1.00000,2.00000,1.00000,1.00000
EDA,NHLattice,VS-WF+All6-172,1.00000,1.00000,1.00000,3.00000,1.00000,1.00000
EDA,NHLattice,VS-WF+All6-173,1.00000,1.00000,1.00000,3.00000,1.00000,1.00000
EDA,NHLattice,VS-WF+All6-174,2.00000,3.00000
EDA,NHLattice,VS-WF+All6-175,1.00000,4.00000
EDA,NHLattice,VS-WF+All6-176,2.00000,3.00000
EDA,NHLattice,VS-WF+All6-177,2.00000,3.00000
EDA,NHLattice,VS-WF+All6-178,2.00000,1.00000,2.00000,2.00000,2.00000,2.00000
EDA,NHLattice,VS-WF+All6-179,1.00000,2.00000,2.00000,1.00000,1.00000,1.00000
EDA,NHLattice,VS-WF+All6-18,1.00000,1.00000,1.00000,3.00000,1.00000,1.00000
EDA,NHLattice,VS-WF+All6-180,2.00000,3.00000
EDA,NHLattice,VS-WF+All6-181,2.00000,3.00000
EDA,NHLattice,VS-WF+All6-182,3.00000,2.00000
EDA,NHLattice,VS-WF+All6-183,2.00000,1.00000,2.00000,2.00000,2.00000,2.00000
EDA,NHLattice,VS-WF+All6-184,3.00000,2.00000
EDA,NHLattice,VS-WF+All6-185,2.00000,1.00000,2.00000,2.00000,2.00000,2.00000
EDA,NHLattice,VS-WF+All6-186,1.00000,1.00000,3.00000,1.00000,1.00000,1.00000
EDA,NHLattice,VS-WF+All6-187,1.00000,1.00000,1.00000,3.00000,1.00000,1.00000
EDA,NHLattice,VS-WF+All6-188,1.00000,1.00000,3.00000,1.00000,1.00000,1.00000
EDA,NHLattice,VS-WF+All6-189,4.00000,1.00000
EDA,NHLattice,VS-WF+All6-19,1.00000,1.00000,1.00000,3.00000,1.00000,1.00000
EDA,NHLattice,VS-WF+All6-190,3.00000,2.00000
EDA,NHLattice,VS-WF+All6-191,2.00000,1.00000,2.00000,2.00000,2.00000,2.00000
EDA,NHLattice,VS-WF+All6-192,2.00000,3.00000
EDA,NHLattice,VS-WF+All6-193,1.00000,2.00000,2.00000,1.00000,1.00000,1.00000
EDA,NHLattice,VS-WF+All6-194,2.00000,1.00000,2.00000,2.00000,2.00000,2.00000
EDA,NHLattice,VS-WF+All6-195,2.00000,1.00000,2.00000,2.00000,2.00000,2.00000
EDA,NHLattice,VS-WF+All6-196,1.00000,2.00000,2.00000,1.00000,1.00000,1.00000
EDA,NHLattice,VS-WF+All6-197,2.00000,3.00000
EDA,NHLattice,VS-WF+All6-198,1.00000,2.00000,1.00000,2.00000,1.00000,1.00000
EDA,NHLattice,VS-WF+All6-199,1.00000,2.00000,2.00000,1.00000,1.00000,1.00000
EDA,NHLattice,VS-WF+All6-2,1.00000,4.00000
EDA,NHLattice,VS-WF+All6-20,1.00000,4.00000
EDA,NHLattice,VS-WF+All6-200,2.00000,1.00000,2.00000,2.00000,2.00000,2.00000
EDA,NHLattice,VS-WF+All6-201,2.00000,1.00000,2.00000,2.00000,2.00000,2.00000
EDA,NHLattice,VS-WF+All6-202,2.00000,3.00000
EDA,NHLattice,VS-WF+All6-203,2.00000,1.00000,2.00000,2.00000,2.00000,2.00000
EDA,NHLattice,VS-WF+All6-204,1.00000,1.00000,1.00000,3.00000,1.00000,1.00000
EDA,NHLattice,VS-WF+All6-205,1.00000,1.00000,1.00000,3.00000,1.00000,1.00000
EDA,NHLattice,VS-WF+All6-206,1.00000,1.00000,1.00000,3.00000,1.00000,1.00000
EDA,NHLattice,VS-WF+All6-207,2.00000,3.00000
EDA,NHLattice,VS-WF+All6-208,2.00000,1.00000,2.00000,2.00000,2.00000,2.00000
EDA,NHLattice,VS-WF+All6-209,2.00000,1.00000,2.00000,2.00000,2.00000,2.00000
EDA,NHLattice,VS-WF+All6-21,1.00000,4.00000
EDA,NHLattice,VS-WF+All6-210,2.00000,1.00000,2.00000,2.00000,2.00000,2.00000
EDA,NHLattice,VS-WF+All6-211,1.00000,1.00000,1.00000,3.00000,1.00000,1.00000
EDA,NHLattice,VS-WF+All6-212,1.00000,1.00000,3.00000,1.00000,1.00000,1.00000
EDA,NHLattice,VS-WF+All6-213,1.00000,2.00000,2.00000,1.00000,1.00000,1.00000
EDA,NHLattice,VS-WF+All6-214,1.00000,2.00000,1.00000,2.00000,1.00000,1.00000
EDA,NHLattice,VS-WF+All6-215,2.00000,1.00000,2.00000,2.00000,2.00000,2.00000
EDA,NHLattice,VS-WF+All6-216,1.00000,1.00000,1.00000,3.00000,1.00000,1.00000
EDA,NHLattice,VS-WF+All6-217,1.00000,1.00000,3.00000,1.00000,1.00000,1.00000
EDA,NHLattice,VS-WF+All6-218,2.00000,1.00000,2.00000,2.00000,2.00000,2.00000
EDA,NHLattice,VS-WF+All6-219,3.00000,2.00000
EDA,NHLattice,VS-WF+All6-22,1.00000,1.00000,3.00000,1.00000,1.00000,1.00000
EDA,NHLattice,VS-WF+All6-220,2.00000,3.00000
EDA,NHLattice,VS-WF+All6-221,1.00000,1.00000,1.00000,3.00000,1.00000,1.00000
EDA,NHLattice,VS-WF+All6-222,1.00000,1.00000,1.00000,3.00000,1.00000,1.00000
EDA,NHLattice,VS-WF+All6-223,1.00000,1.00000,1.00000,3.00000,1.00000,1.00000
EDA,NHLattice,VS-WF+All6-224,1.00000,1.00000,1.00000,3.00000,1.00000,1.00000
EDA,NHLattice,VS-WF+All6-225,2.00000,1.00000,2.00000,2.00000,2.00000,2.00000
EDA,NHLattice,VS-WF+All6-226,3.00000,2.00000
EDA,NHLattice,VS-WF+All6-227,2.00000,3.00000
EDA,NHLattice,VS-WF+All6-228,1.00000,2.00000,2.00000,1.00000,1.00000,1.00000
EDA,NHLattice,VS-WF+All6-229,3.00000,2.00000
EDA,NHLattice,VS-WF+All6-23,1.00000,1.00000,3.00000,1.00000,1.00000,1.00000
EDA,NHLattice,VS-WF+All6-230,1.00000,1.00000,1.00000,3.00000,1.00000,1.00000
EDA,NHLattice,VS-WF+All6-231,3.00000,2.00000
EDA,NHLattice,VS-WF+All6-232,1.00000,3.00000,1.00000,1.00000,1.00000,1.00000
EDA,NHLattice,VS-WF+All6-233,1.00000,2.00000,1.00000,2.00000,1.00000,1.00000
EDA,NHLattice,VS-WF+All6-234,1.00000,1.00000,3.00000,1.00000,1.00000,1.00000
EDA,NHLattice,VS-WF+All6-235,2.00000,3.00000
EDA,NHLattice,VS-WF+All6-236,2.00000,3.00000
EDA,NHLattice,VS-WF+All6-237,2.00000,1.00000,2.00000,2.00000,2.00000,2.00000
EDA,NHLattice,VS-WF+All6-238,3.00000,2.00000
EDA,NHLattice,VS-WF+All6-239,2.00000,1.00000,2.00000,2.00000,2.00000,2.00000
EDA,NHLattice,VS-WF+All6-24,1.00000,1.00000,1.00000,3.00000,1.00000,1.00000
EDA,NHLattice,VS-WF+All6-240,1.00000,1.00000,1.00000,3.00000,1.00000,1.00000
EDA,NHLattice,VS-WF+All6-241,3.00000,2.00000
EDA,NHLattice,VS-WF+All6-242,1.00000,4.00000
EDA,NHLattice,VS-WF+All6-243,1.00000,4.00000
EDA,NHLattice,VS-WF+All6-244,1.00000,1.00000,3.00000,1.00000,1.00000,1.00000
EDA,NHLattice,VS-WF+All6-245,2.00000,3.00000
EDA,NHLattice,VS-WF+All6-246,1.00000,4.00000
EDA,NHLattice,VS-WF+All6-247,2.00000,3.00000
EDA,NHLattice,VS-WF+All6-248,1.00000,2.00000,2.00000,1.00000,1.00000,1.00000
EDA,NHLattice,VS-WF+All6-249,3.00000,2.00000
EDA,NHLattice,VS-WF+All6-25,1.00000,1.00000,1.00000,3.00000,1.00000,1.00000
EDA,NHLattice,VS-WF+All6-250,1.00000,1.00000,1.00000,3.00000,1.00000,1.00000
EDA,NHLattice,VS-WF+All6-251,2.00000,3.00000
EDA,NHLattice,VS-WF+All6-252,2.00000,3.00000
EDA,NHLattice,VS-WF+All6-253,2.00000,3.00000
EDA,NHLattice,VS-WF+All6-254,1.00000,2.00000,2.00000,1.00000,1.00000,1.00000
EDA,NHLattice,VS-WF+All6-255,2.00000,3.00000
EDA,NHLattice,VS-WF+All6-256,2.00000,3.00000
EDA,NHLattice,VS-WF+All6-257,2.00000,3.00000
EDA,NHLattice,VS-WF+All6-258,2.00000,3.00000
EDA,NHLattice,VS-WF+All6-259,1.00000,2.00000,2.00000,1.00000,1.00000,1.00000
EDA,NHLattice,VS-WF+All6-26,3.00000,2.00000
EDA,NHLattice,VS-WF+All6-260,1.00000,2.00000,2.00000,1.00000,1.00000,1.00000
EDA,NHLattice,VS-WF+All6-261,1.00000,1.00000,3.00000,1.00000,1.00000,1.00000
EDA,NHLattice,VS-WF+All6-262,1.00000,1.00000,3.00000,1.00000,1.00000,1.00000
EDA,NHLattice,VS-WF+All6-263,2.00000,1.00000,2.00000,2.00000,2.00000,2.00000
EDA,NHLattice,VS-WF+All6-264,3.00000,2.00000
EDA,NHLattice,VS-WF+All6-265,1.00000,1.00000,3.00000,1.00000,1.00000,1.00000
EDA,NHLattice,VS-WF+All6-266,4.00000,1.00000
EDA,NHLattice,VS-WF+All6-267,1.00000,1.00000,3.00000,1.00000,1.00000,1.00000
EDA,NHLattice,VS-WF+All6-268,1.00000,2.00000,2.00000,1.00000,1.00000,1.00000
EDA,NHLattice,VS-WF+All6-269,1.00000,2.00000,1.00000,2.00000,1.00000,1.00000
EDA,NHLattice,VS-WF+All6-27,1.00000,1.00000,3.00000,1.00000,1.00000,1.00000
EDA,NHLattice,VS-WF+All6-270,2.00000,1.00000,2.00000,2.00000,2.00000,2.00000
EDA,NHLattice,VS-WF+All6-271,3.00000,2.00000
EDA,NHLattice,VS-WF+All6-272,3.00000,2.00000
EDA,NHLattice,VS-WF+All6-273,3.00000,2.00000
EDA,NHLattice,VS-WF+All6-274,3.00000,2.00000
EDA,NHLattice,VS-WF+All6-275,1.00000,3.00000,1.00000,1.00000,1.00000,1.00000
EDA,NHLattice,VS-WF+All6-276,1.00000,1.00000,1.00000,3.00000,1.00000,1.00000
EDA,NHLattice,VS-WF+All6-277,3.00000,2.00000
EDA,NHLattice,VS-WF+All6-278,3.00000,2.00000
EDA,NHLattice,VS-WF+All6-279,2.00000,3.00000
EDA,NHLattice,VS-WF+All6-28,1.00000,1.00000,3.00000,1.00000,1.00000,1.00000
EDA,NHLattice,VS-WF+All6-280,2.00000,3.00000
EDA,NHLattice,VS-WF+All6-281,2.00000,3.00000
EDA,NHLattice,VS-WF+All6-282,1.00000,2.00000,2.00000,1.00000,1.00000,1.00000
EDA,NHLattice,VS-WF+All6-283,2.00000,3.00000
EDA,NHLattice,VS-WF+All6-284,2.00000,3.00000
EDA,NHLattice,VS-WF+All6-285,2.00000,3.00000
EDA,NHLattice,VS-WF+All6-286,2.00000,3.00000
EDA,NHLattice,VS-WF+All6-287,2.00000,3.00000
EDA,NHLattice,VS-WF+All6-288,1.00000,2.00000,1.00000,2.00000,1.00000,1.00000
EDA,NHLattice,VS-WF+All6-289,1.00000,2.00000,2.00000,1.00000,1.00000,1.00000
EDA,NHLattice,VS-WF+All6-29,2.00000,3.00000
EDA,NHLattice,VS-WF+All6-290,1.00000,4.00000
EDA,NHLattice,VS-WF+All6-291,2.00000,3.00000
EDA,NHLattice,VS-WF+All6-292,1.00000,1.00000,1.00000,3.00000,1.00000,1.00000
EDA,NHLattice,VS-WF+All6-293,1.00000,1.00000,1.00000,3.00000,1.00000,1.00000
EDA,NHLattice,VS-WF+All6-294,1.00000,4.00000
EDA,NHLattice,VS-WF+All6-295,1.00000,4.00000
EDA,NHLattice,VS-WF+All6-296,2.00000,3.00000
EDA,NHLattice,VS-WF+All6-297,1.00000,1.00000,3.00000,1.00000,1.00000,1.00000
EDA,NHLattice,VS-WF+All6-298,1.00000,1.00000,1.00000,3.00000,1.00000,1.00000
EDA,NHLattice,VS-WF+All6-299,1.00000,2.00000,1.00000,2.00000,1.00000,1.00000
EDA,NHLattice,VS-WF+All6-3,1.00000,4.00000
EDA,NHLattice,VS-WF+All6-30,2.00000,3.00000
EDA,NHLattice,VS-WF+All6-300,1.00000,1.00000,3.00000,1.00000,1.00000,1.00000
EDA,NHLattice,VS-WF+All6-301,1.00000,2.00000,1.00000,2.00000,1.00000,1.00000
EDA,NHLattice,VS-WF+All6-302,1.00000,2.00000,1.00000,2.00000,1.00000,1.00000
EDA,NHLattice,VS-WF+All6-303,2.00000,1.00000,2.00000,2.00000,2.00000,2.00000
EDA,NHLattice,VS-WF+All6-304,1.00000,1.00000,1.00000,3.00000,1.00000,1.00000
EDA,NHLattice,VS-WF+All6-305,1.00000,2.00000,2.00000,1.00000,1.00000,1.00000
EDA,NHLattice,VS-WF+All6-306,1.00000,2.00000,2.00000,1.00000,1.00000,1.00000
EDA,NHLattice,VS-WF+All6-307,1.00000,1.00000,1.00000,3.00000,1.00000,1.00000
EDA,NHLattice,VS-WF+All6-308,1.00000,1.00000,3.00000,1.00000,1.00000,1.00000
EDA,NHLattice,VS-WF+All6-309,2.00000,1.00000,2.00000,2.00000,2.00000,2.00000
EDA,NHLattice,VS-WF+All6-31,2.00000,3.00000
EDA,NHLattice,VS-WF+All6-310,2.00000,2.00000,2.00000,1.00000,2.00000,2.00000
EDA,NHLattice,VS-WF+All6-311,1.00000,2.00000,1.00000,2.00000,1.00000,1.00000
EDA,NHLattice,VS-WF+All6-312,1.00000,2.00000,2.00000,1.00000,1.00000,1.00000
EDA,NHLattice,VS-WF+All6-313,1.00000,1.00000,1.00000,3.00000,1.00000,1.00000
EDA,NHLattice,VS-WF+All6-314,3.00000,2.00000
EDA,NHLattice,VS-WF+All6-315,1.00000,2.00000,1.00000,2.00000,1.00000,1.00000
EDA,NHLattice,VS-WF+All6-316,2.00000,1.00000,2.00000,2.00000,2.00000,2.00000
EDA,NHLattice,VS-WF+All6-317,2.00000,3.00000
EDA,NHLattice,VS-WF+All6-318,2.00000,1.00000,2.00000,2.00000,2.00000,2.00000
EDA,NHLattice,VS-WF+All6-319,2.00000,3.00000
EDA,NHLattice,VS-WF+All6-32,1.00000,1.00000,3.00000,1.00000,1.00000,1.00000
EDA,NHLattice,VS-WF+All6-320,1.00000,2.00000,2.00000,1.00000,1.00000,1.00000
EDA,NHLattice,VS-WF+All6-321,2.00000,1.00000,2.00000,2.00000,2.00000,2.00000
EDA,NHLattice,VS-WF+All6-322,2.00000,1.00000,2.00000,2.00000,2.00000,2.00000
EDA,NHLattice,VS-WF+All6-323,1.00000,2.00000,2.00000,1.00000,1.00000,1.00000
EDA,NHLattice,VS-WF+All6-324,2.00000,1.00000,2.00000,2.00000,2.00000,2.00000
EDA,NHLattice,VS-WF+All6-325,2.00000,3.00000
EDA,NHLattice,VS-WF+All6-326,1.00000,1.00000,1.00000,3.00000,1.00000,1.00000
EDA,NHLattice,VS-WF+All6-327,1.00000,1.00000,1.00000,3.00000,1.00000,1.00000
EDA,NHLattice,VS-WF+All6-328,1.00000,1.00000,1.00000,3.00000,1.00000,1.00000
EDA,NHLattice,VS-WF+All6-329,1.00000,4.00000
EDA,NHLattice,VS-WF+All6-33,1.00000,1.00000,1.00000,3.00000,1.00000,1.00000
EDA,NHLattice,VS-WF+All6-330,1.00000,1.00000,1.00000,3.00000,1.00000,1.00000
EDA,NHLattice,VS-WF+All6-331,1.00000,4.00000
EDA,NHLattice,VS-WF+All6-332,3.00000,2.00000
EDA,NHLattice,VS-WF+All6-333,1.00000,4.00000
EDA,NHLattice,VS-WF+All6-334,1.00000,2.00000,1.00000,2.00000,1.00000,1.00000
EDA,NHLattice,VS-WF+All6-335,2.00000,1.00000,2.00000,2.00000,2.00000,2.00000
EDA,NHLattice,VS-WF+All6-336,2.00000,3.00000
EDA,NHLattice,VS-WF+All6-337,1.00000,2.00000,2.00000,1.00000,1.00000,1.00000
EDA,NHLattice,VS-WF+All6-338,4.00000,1.00000
EDA,NHLattice,VS-WF+All6-339,1.00000,2.00000,2.00000,1.00000,1.00000,1.00000
EDA,NHLattice,VS-WF+All6-34,1.00000,4.00000
EDA,NHLattice,VS-WF+All6-340,1.00000,1.00000,1.00000,3.00000,1.00000,1.00000
EDA,NHLattice,VS-WF+All6-341,1.00000,4.00000
EDA,NHLattice,VS-WF+All6-342,1.00000,1.00000,1.00000,3.00000,1.00000,1.00000
EDA,NHLattice,VS-WF+All6-343,2.00000,3.00000
EDA,NHLattice,VS-WF+All6-344,2.00000,3.00000
EDA,NHLattice,VS-WF+All6-345,2.00000,2.00000,2.00000,1.00000,2.00000,2.00000
EDA,NHLattice,VS-WF+All6-346,2.00000,3.00000
EDA,NHLattice,VS-WF+All6-347,2.00000,3.00000
EDA,NHLattice,VS-WF+All6-348,2.00000,3.00000
EDA,NHLattice,VS-WF+All6-349,2.00000,3.00000
EDA,NHLattice,VS-WF+All6-35,1.00000,2.00000,1.00000,2.00000,1.00000,1.00000
EDA,NHLattice,VS-WF+All6-350,1.00000,2.00000,1.00000,2.00000,1.00000,1.00000
EDA,NHLattice,VS-WF+All6-351,3.00000,2.00000
EDA,NHLattice,VS-WF+All6-352,1.00000,2.00000,1.00000,2.00000,1.00000,1.00000
EDA,NHLattice,VS-WF+All6-353,1.00000,1.00000,1.00000,3.00000,1.00000,1.00000
EDA,NHLattice,VS-WF+All6-354,1.00000,2.00000,2.00000,1.00000,1.00000,1.00000
EDA,NHLattice,VS-WF+All6-355,1.00000,2.00000,2.00000,1.00000,1.00000,1.00000
EDA,NHLattice,VS-WF+All6-356,2.00000,3.00000
EDA,NHLattice,VS-WF+All6-357,1.00000,1.00000,1.00000,3.00000,1.00000,1.00000
EDA,NHLattice,VS-WF+All6-358,1.00000,2.00000,1.00000,2.00000,1.00000,1.00000
EDA,NHLattice,VS-WF+All6-359,1.00000,2.00000,2.00000,1.00000,1.00000,1.00000
EDA,NHLattice,VS-WF+All6-36,1.00000,4.00000
EDA,NHLattice,VS-WF+All6-360,1.00000,2.00000,2.00000,1.00000,1.00000,1.00000
EDA,NHLattice,VS-WF+All6-361,3.00000,2.00000
EDA,NHLattice,VS-WF+All6-362,1.00000,2.00000,2.00000,1.00000,1.00000,1.00000
EDA,NHLattice,VS-WF+All6-363,1.00000,1.00000,3.00000,1.00000,1.00000,1.00000
EDA,NHLattice,VS-WF+All6-364,2.00000,3.00000
EDA,NHLattice,VS-WF+All6-365,1.00000,2.00000,2.00000,1.00000,1.00000,1.00000
EDA,NHLattice,VS-WF+All6-366,3.00000,2.00000
EDA,NHLattice,VS-WF+All6-367,1.00000,2.00000,1.00000,2.00000,1.00000,1.00000
EDA,NHLattice,VS-WF+All6-368,1.00000,1.00000,3.00000,1.00000,1.00000,1.00000
EDA,NHLattice,VS-WF+All6-369,1.00000,1.00000,1.00000,3.00000,1.00000,1.00000
EDA,NHLattice,VS-WF+All6-37,1.00000,4.00000
EDA,NHLattice,VS-WF+All6-370,1.00000,1.00000,3.00000,1.00000,1.00000,1.00000
EDA,NHLattice,VS-WF+All6-371,1.00000,3.00000,1.00000,1.00000,1.00000,1.00000
EDA,NHLattice,VS-WF+All6-372,3.00000,2.00000
EDA,NHLattice,VS-WF+All6-373,1.00000,1.00000,3.00000,1.00000,1.00000,1.00000
EDA,NHLattice,VS-WF+All6-374,1.00000,4.00000
EDA,NHLattice,VS-WF+All6-375,1.00000,2.00000,1.00000,2.00000,1.00000,1.00000
EDA,NHLattice,VS-WF+All6-376,1.00000,4.00000
EDA,NHLattice,VS-WF+All6-377,1.00000,1.00000,3.00000,1.00000,1.00000,1.00000
EDA,NHLattice,VS-WF+All6-378,1.00000,1.00000,1.00000,3.00000,1.00000,1.00000
EDA,NHLattice,VS-WF+All6-379,1.00000,2.00000,2.00000,1.00000,1.00000,1.00000
EDA,NHLattice,VS-WF+All6-38,1.00000,2.00000,1.00000,2.00000,1.00000,1.00000
EDA,NHLattice,VS-WF+All6-380,4.00000,1.00000
EDA,NHLattice,VS-WF+All6-381,1.00000,1.00000,1.00000,3.00000,1.00000,1.00000
EDA,NHLattice,VS-WF+All6-382,1.00000,1.00000,3.00000,1.00000,1.00000,1.00000
EDA,NHLattice,VS-WF+All6-383,1.00000,1.00000,1.00000,3.00000,1.00000,1.00000
EDA,NHLattice,VS-WF+All6-384,1.00000,1.00000,3.00000,1.00000,1.00000,1.00000
EDA,NHLattice,VS-WF+All6-385,1.00000,1.00000,3.00000,1.00000,1.00000,1.00000
EDA,NHLattice,VS-WF+All6-386,1.00000,1.00000,1.00000,3.00000,1.00000,1.00000
EDA,NHLattice,VS-WF+All6-387,2.00000,1.00000,2.00000,2.00000,2.00000,2.00000
EDA,NHLattice,VS-WF+All6-388,1.00000,1.00000,1.00000,3.00000,1.00000,1.00000
EDA,NHLattice,VS-WF+All6-389,1.00000,1.00000,1.00000,3.00000,1.00000,1.00000
EDA,NHLattice,VS-WF+All6-39,1.00000,1.00000,1.00000,3.00000,1.00000,1.00000
EDA,NHLattice,VS-WF+All6-390,2.00000,3.00000
EDA,NHLattice,VS-WF+All6-391,1.00000,1.00000,1.00000,3.00000,1.00000,1.00000
EDA,NHLattice,VS-WF+All6-392,2.00000,3.00000
EDA,NHLattice,VS-WF+All6-393,3.00000,2.00000
EDA,NHLattice,VS-WF+All6-394,2.00000,3.00000
EDA,NHLattice,VS-WF+All6-395,1.00000,4.00000
EDA,NHLattice,VS-WF+All6-396,1.00000,4.00000
EDA,NHLattice,VS-WF+All6-397,1.00000,1.00000,1.00000,3.00000,1.00000,1.00000
EDA,NHLattice,VS-WF+All6-398,1.00000,1.00000,3.00000,1.00000,1.00000,1.00000
EDA,NHLattice,VS-WF+All6-399,1.00000,1.00000,3.00000,1.00000,1.00000,1.00000
EDA,NHLattice,VS-WF+All6-4,2.00000,3.00000
EDA,NHLattice,VS-WF+All6-40,2.00000,3.00000
EDA,NHLattice,VS-WF+All6-400,1.00000,2.00000,2.00000,1.00000,1.00000,1.00000
EDA,NHLattice,VS-WF+All6-401,1.00000,1.00000,1.00000,3.00000,1.00000,1.00000
EDA,NHLattice,VS-WF+All6-402,1.00000,1.00000,3.00000,1.00000,1.00000,1.00000
EDA,NHLattice,VS-WF+All6-403,1.00000,1.00000,3.00000,1.00000,1.00000,1.00000
EDA,NHLattice,VS-WF+All6-404,1.00000,1.00000,3.00000,1.00000,1.00000,1.00000
EDA,NHLattice,VS-WF+All6-405,1.00000,1.00000,1.00000,3.00000,1.00000,1.00000
EDA,NHLattice,VS-WF+All6-406,2.00000,1.00000,2.00000,2.00000,2.00000,2.00000
EDA,NHLattice,VS-WF+All6-407,1.00000,1.00000,1.00000,3.00000,1.00000,1.00000
EDA,NHLattice,VS-WF+All6-408,1.00000,1.00000,3.00000,1.00000,1.00000,1.00000
EDA,NHLattice,VS-WF+All6-409,2.00000,1.00000,2.00000,2.00000,2.00000,2.00000
EDA,NHLattice,VS-WF+All6-41,2.00000,3.00000
EDA,NHLattice,VS-WF+All6-410,2.00000,1.00000,2.00000,2.00000,2.00000,2.00000
EDA,NHLattice,VS-WF+All6-411,1.00000,1.00000,3.00000,1.00000,1.00000,1.00000
EDA,NHLattice,VS-WF+All6-412,1.00000,1.00000,1.00000,3.00000,1.00000,1.00000
EDA,NHLattice,VS-WF+All6-413,2.00000,1.00000,2.00000,2.00000,2.00000,2.00000
EDA,NHLattice,VS-WF+All6-414,2.00000,1.00000,2.00000,2.00000,2.00000,2.00000
EDA,NHLattice,VS-WF+All6-415,1.00000,2.00000,1.00000,2.00000,1.00000,1.00000
EDA,NHLattice,VS-WF+All6-416,1.00000,2.00000,1.00000,2.00000,1.00000,1.00000
EDA,NHLattice,VS-WF+All6-417,2.00000,3.00000
EDA,NHLattice,VS-WF+All6-418,2.00000,3.00000
EDA,NHLattice,VS-WF+All6-419,2.00000,3.00000
EDA,NHLattice,VS-WF+All6-42,1.00000,1.00000,1.00000,3.00000,1.00000,1.00000
EDA,NHLattice,VS-WF+All6-420,2.00000,3.00000
EDA,NHLattice,VS-WF+All6-421,2.00000,3.00000
EDA,NHLattice,VS-WF+All6-422,1.00000,2.00000,1.00000,2.00000,1.00000,1.00000
EDA,NHLattice,VS-WF+All6-423,2.00000,1.00000,2.00000,2.00000,2.00000,2.00000
EDA,NHLattice,VS-WF+All6-424,2.00000,3.00000
EDA,NHLattice,VS-WF+All6-425,2.00000,3.00000
EDA,NHLattice,VS-WF+All6-426,1.00000,1.00000,1.00000,3.00000,1.00000,1.00000
EDA,NHLattice,VS-WF+All6-427,2.00000,3.00000
EDA,NHLattice,VS-WF+All6-428,1.00000,2.00000,1.00000,2.00000,1.00000,1.00000
EDA,NHLattice,VS-WF+All6-429,3.00000,2.00000
EDA,NHLattice,VS-WF+All6-43,1.00000,4.00000
EDA,NHLattice,VS-WF+All6-430,2.00000,3.00000
EDA,NHLattice,VS-WF+All6-431,2.00000,3.00000
EDA,NHLattice,VS-WF+All6-432,3.00000,2.00000
EDA,NHLattice,VS-WF+All6-433,2.00000,3.00000
EDA,NHLattice,VS-WF+All6-434,1.00000,2.00000,1.00000,2.00000,1.00000,1.00000
EDA,NHLattice,VS-WF+All6-435,2.00000,3.00000
EDA,NHLattice,VS-WF+All6-436,2.00000,3.00000
EDA,NHLattice,VS-WF+All6-437,1.00000,1.00000,1.00000,3.00000,1.00000,1.00000
EDA,NHLattice,VS-WF+All6-438,3.00000,2.00000
EDA,NHLattice,VS-WF+All6-439,2.00000,3.00000
EDA,NHLattice,VS-WF+All6-44,1.00000,1.00000,1.00000,3.00000,1.00000,1.00000
EDA,NHLattice,VS-WF+All6-440,2.00000,3.00000
EDA,NHLattice,VS-WF+All6-441,2.00000,3.00000
EDA,NHLattice,VS-WF+All6-442,2.00000,3.00000
EDA,NHLattice,VS-WF+All6-443,1.00000,2.00000,2.00000,1.00000,1.00000,1.00000
EDA,NHLattice,VS-WF+All6-444,1.00000,2.00000,2.00000,1.00000,1.00000,1.00000
EDA,NHLattice,VS-WF+All6-445,2.00000,3.00000
EDA,NHLattice,VS-WF+All6-446,2.00000,3.00000
EDA,NHLattice,VS-WF+All6-447,2.00000,3.00000
EDA,NHLattice,VS-WF+All6-448,1.00000,2.00000,1.00000,2.00000,1.00000,1.00000
EDA,NHLattice,VS-WF+All6-449,2.00000,1.00000,2.00000,2.00000,2.00000,2.00000
EDA,NHLattice,VS-WF+All6-45,2.00000,3.00000
EDA,NHLattice,VS-WF+All6-450,2.00000,1.00000,2.00000,2.00000,2.00000,2.00000
EDA,NHLattice,VS-WF+All6-451,1.00000,4.00000
EDA,NHLattice,VS-WF+All6-452,1.00000,4.00000
EDA,NHLattice,VS-WF+All6-453,1.00000,1.00000,3.00000,1.00000,1.00000,1.00000
EDA,NHLattice,VS-WF+All6-454,1.00000,1.00000,3.00000,1.00000,1.00000,1.00000
EDA,NHLattice,VS-WF+All6-455,1.00000,1.00000,3.00000,1.00000,1.00000,1.00000
EDA,NHLattice,VS-WF+All6-456,1.00000,1.00000,3.00000,1.00000,1.00000,1.00000
EDA,NHLattice,VS-WF+All6-457,1.00000,1.00000,1.00000,3.00000,1.00000,1.00000
EDA,NHLattice,VS-WF+All6-458,1.00000,1.00000,3.00000,1.00000,1.00000,1.00000
EDA,NHLattice,VS-WF+All6-459,1.00000,1.00000,3.00000,1.00000,1.00000,1.00000
EDA,NHLattice,VS-WF+All6-46,2.00000,3.00000
EDA,NHLattice,VS-WF+All6-460,3.00000,2.00000
EDA,NHLattice,VS-WF+All6-461,1.00000,3.00000,1.00000,1.00000,1.00000,1.00000
EDA,NHLattice,VS-WF+All6-462,4.00000,1.00000
EDA,NHLattice,VS-WF+All6-463,1.00000,1.00000,1.00000,3.00000,1.00000,1.00000
EDA,NHLattice,VS-WF+All6-464,2.00000,1.00000,2.00000,2.00000,2.00000,2.00000
EDA,NHLattice,VS-WF+All6-465,1.00000,4.00000
EDA,NHLattice,VS-WF+All6-466,2.00000,1.00000,2.00000,2.00000,2.00000,2.00000
EDA,NHLattice,VS-WF+All6-467,2.00000,3.00000
EDA,NHLattice,VS-WF+All6-468,2.00000,1.00000,2.00000,2.00000,2.00000,2.00000
EDA,NHLattice,VS-WF+All6-469,2.00000,1.00000,2.00000,2.00000,2.00000,2.00000
EDA,NHLattice,VS-WF+All6-47,3.00000,2.00000
EDA,NHLattice,VS-WF+All6-470,2.00000,3.00000
EDA,NHLattice,VS-WF+All6-471,2.00000,3.00000
EDA,NHLattice,VS-WF+All6-472,3.00000,2.00000
EDA,NHLattice,VS-WF+All6-473,2.00000,3.00000
EDA,NHLattice,VS-WF+All6-474,2.00000,3.00000
EDA,NHLattice,VS-WF+All6-475,2.00000,3.00000
EDA,NHLattice,VS-WF+All6-476,3.00000,2.00000
EDA,NHLattice,VS-WF+All6-477,1.00000,1.00000,1.00000,3.00000,1.00000,1.00000
EDA,NHLattice,VS-WF+All6-478,2.00000,3.00000
EDA,NHLattice,VS-WF+All6-479,1.00000,2.00000,1.00000,2.00000,1.00000,1.00000
EDA,NHLattice,VS-WF+All6-48,2.00000,3.00000
EDA,NHLattice,VS-WF+All6-480,1.00000,2.00000,1.00000,2.00000,1.00000,1.00000
EDA,NHLattice,VS-WF+All6-481,2.00000,1.00000,2.00000,2.00000,2.00000,2.00000
EDA,NHLattice,VS-WF+All6-482,1.00000,2.00000,1.00000,2.00000,1.00000,1.00000
EDA,NHLattice,VS-WF+All6-483,2.00000,1.00000,2.00000,2.00000,2.00000,2.00000
EDA,NHLattice,VS-WF+All6-484,2.00000,1.00000,2.00000,2.00000,2.00000,2.00000
EDA,NHLattice,VS-WF+All6-485,2.00000,3.00000
EDA,NHLattice,VS-WF+All6-486,2.00000,3.00000
EDA,NHLattice,VS-WF+All6-487,2.00000,1.00000,2.00000,2.00000,2.00000,2.00000
EDA,NHLattice,VS-WF+All6-488,2.00000,1.00000,2.00000,2.00000,2.00000,2.00000
EDA,NHLattice,VS-WF+All6-489,3.00000,2.00000
EDA,NHLattice,VS-WF+All6-49,2.00000,3.00000
EDA,NHLattice,VS-WF+All6-490,3.00000,2.00000
EDA,NHLattice,VS-WF+All6-491,3.00000,2.00000
EDA,NHLattice,VS-WF+All6-492,3.00000,2.00000
EDA,NHLattice,VS-WF+All6-493,3.00000,2.00000
EDA,NHLattice,VS-WF+All6-494,3.00000,2.00000
EDA,NHLattice,VS-WF+All6-495,4.00000,1.00000
EDA,NHLattice,VS-WF+All6-496,1.00000,1.00000,1.00000,3.00000,1.00000,1.00000
EDA,NHLattice,VS-WF+All6-497,3.00000,2.00000
EDA,NHLattice,VS-WF+All6-498,3.00000,2.00000
EDA,NHLattice,VS-WF+All6-499,1.00000,1.00000,3.00000,1.00000,1.00000,1.00000
EDA,NHLattice,VS-WF+All6-5,1.00000,1.00000,3.00000,1.00000,1.00000,1.00000
EDA,NHLattice,VS-WF+All6-50,2.00000,3.00000
EDA,NHLattice,VS-WF+All6-500,1.00000,1.00000,3.00000,1.00000,1.00000,1.00000
EDA,NHLattice,VS-WF+All6-501,2.00000,1.00000,2.00000,2.00000,2.00000,2.00000
EDA,NHLattice,VS-WF+All6-502,2.00000,1.00000,2.00000,2.00000,2.00000,2.00000
EDA,NHLattice,VS-WF+All6-503,2.00000,3.00000
EDA,NHLattice,VS-WF+All6-504,1.00000,2.00000,2.00000,1.00000,1.00000,1.00000
EDA,NHLattice,VS-WF+All6-505,1.00000,2.00000,1.00000,2.00000,1.00000,1.00000
EDA,NHLattice,VS-WF+All6-506,1.00000,2.00000,2.00000,1.00000,1.00000,1.00000
EDA,NHLattice,VS-WF+All6-507,1.00000,2.00000,2.00000,1.00000,1.00000,1.00000
EDA,NHLattice,VS-WF+All6-508,1.00000,3.00000,1.00000,1.00000,1.00000,1.00000
EDA,NHLattice,VS-WF+All6-509,1.00000,2.00000,2.00000,1.00000,1.00000,1.00000
EDA,NHLattice,VS-WF+All6-51,2.00000,3.00000
EDA,NHLattice,VS-WF+All6-510,1.00000,2.00000,2.00000,1.00000,1.00000,1.00000
EDA,NHLattice,VS-WF+All6-511,1.00000,2.00000,2.00000,1.00000,1.00000,1.00000
EDA,NHLattice,VS-WF+All6-512,1.00000,2.00000,1.00000,2.00000,1.00000,1.00000
EDA,NHLattice,VS-WF+All6-513,2.00000,3.00000
EDA,NHLattice,VS-WF+All6-514,2.00000,2.00000,2.00000,1.00000,2.00000,2.00000
EDA,NHLattice,VS-WF+All6-515,2.00000,1.00000,2.00000,2.00000,2.00000,2.00000
EDA,NHLattice,VS-WF+All6-516,1.00000,4.00000
EDA,NHLattice,VS-WF+All6-517,1.00000,1.00000,3.00000,1.00000,1.00000,1.00000
EDA,NHLattice,VS-WF+All6-518,1.00000,1.00000,1.00000,3.00000,1.00000,1.00000
EDA,NHLattice,VS-WF+All6-519,1.00000,1.00000,3.00000,1.00000,1.00000,1.00000
EDA,NHLattice,VS-WF+All6-52,1.00000,2.00000,2.00000,1.00000,1.00000,1.00000
EDA,NHLattice,VS-WF+All6-520,1.00000,1.00000,1.00000,3.00000,1.00000,1.00000
EDA,NHLattice,VS-WF+All6-521,2.00000,2.00000,2.00000,1.00000,2.00000,2.00000
EDA,NHLattice,VS-WF+All6-522,1.00000,1.00000,1.00000,3.00000,1.00000,1.00000
EDA,NHLattice,VS-WF+All6-523,1.00000,1.00000,1.00000,3.00000,1.00000,1.00000
EDA,NHLattice,VS-WF+All6-524,1.00000,2.00000,1.00000,2.00000,1.00000,1.00000
EDA,NHLattice,VS-WF+All6-525,1.00000,1.00000,1.00000,3.00000,1.00000,1.00000
EDA,NHLattice,VS-WF+All6-526,1.00000,4.00000
EDA,NHLattice,VS-WF+All6-527,2.00000,3.00000
EDA,NHLattice,VS-WF+All6-528,1.00000,2.00000,1.00000,2.00000,1.00000,1.00000
EDA,NHLattice,VS-WF+All6-529,1.00000,2.00000,1.00000,2.00000,1.00000,1.00000
EDA,NHLattice,VS-WF+All6-53,1.00000,2.00000,1.00000,2.00000,1.00000,1.00000
EDA,NHLattice,VS-WF+All6-530,1.00000,2.00000,1.00000,2.00000,1.00000,1.00000
EDA,NHLattice,VS-WF+All6-531,1.00000,1.00000,1.00000,3.00000,1.00000,1.00000
EDA,NHLattice,VS-WF+All6-532,1.00000,2.00000,2.00000,1.00000,1.00000,1.00000
EDA,NHLattice,VS-WF+All6-533,1.00000,1.00000,1.00000,3.00000,1.00000,1.00000
EDA,NHLattice,VS-WF+All6-534,2.00000,3.00000
EDA,NHLattice,VS-WF+All6-535,2.00000,1.00000,2.00000,2.00000,2.00000,2.00000
EDA,NHLattice,VS-WF+All6-536,2.00000,3.00000
EDA,NHLattice,VS-WF+All6-537,2.00000,3.00000
EDA,NHLattice,VS-WF+All6-538,1.00000,4.00000
EDA,NHLattice,VS-WF+All6-539,2.00000,3.00000
EDA,NHLattice,VS-WF+All6-54,2.00000,3.00000
EDA,NHLattice,VS-WF+All6-540,1.00000,2.00000,1.00000,2.00000,1.00000,1.00000
EDA,NHLattice,VS-WF+All6-541,1.00000,1.00000,3.00000,1.00000,1.00000,1.00000
EDA,NHLattice,VS-WF+All6-542,2.00000,3.00000
EDA,NHLattice,VS-WF+All6-543,2.00000,3.00000
EDA,NHLattice,VS-WF+All6-544,1.00000,4.00000
EDA,NHLattice,VS-WF+All6-545,2.00000,1.00000,2.00000,2.00000,2.00000,2.00000
EDA,NHLattice,VS-WF+All6-546,2.00000,3.00000
EDA,NHLattice,VS-WF+All6-547,1.00000,4.00000
EDA,NHLattice,VS-WF+All6-548,1.00000,4.00000
EDA,NHLattice,VS-WF+All6-549,1.00000,1.00000,1.00000,3.00000,1.00000,1.00000
EDA,NHLattice,VS-WF+All6-55,2.00000,3.00000
EDA,NHLattice,VS-WF+All6-550,1.00000,1.00000,1.00000,3.00000,1.00000,1.00000
EDA,NHLattice,VS-WF+All6-551,1.00000,1.00000,1.00000,3.00000,1.00000,1.00000
EDA,NHLattice,VS-WF+All6-552,2.00000,1.00000,2.00000,2.00000,2.00000,2.00000
EDA,NHLattice,VS-WF+All6-553,1.00000,1.00000,1.00000,3.00000,1.00000,1.00000
EDA,NHLattice,VS-WF+All6-554,1.00000,1.00000,1.00000,3.00000,1.00000,1.00000
EDA,NHLattice,VS-WF+All6-555,1.00000,2.00000,1.00000,2.00000,1.00000,1.00000
EDA,NHLattice,VS-WF+All6-556,1.00000,2.00000,1.00000,2.00000,1.00000,1.00000
EDA,NHLattice,VS-WF+All6-557,2.00000,1.00000,2.00000,2.00000,2.00000,2.00000
EDA,NHLattice,VS-WF+All6-558,2.00000,1.00000,2.00000,2.00000,2.00000,2.00000
EDA,NHLattice,VS-WF+All6-559,1.00000,2.00000,2.00000,1.00000,1.00000,1.00000
EDA,NHLattice,VS-WF+All6-56,2.00000,3.00000
EDA,NHLattice,VS-WF+All6-560,2.00000,1.00000,2.00000,2.00000,2.00000,2.00000
EDA,NHLattice,VS-WF+All6-561,1.00000,2.00000,2.00000,1.00000,1.00000,1.00000
EDA,NHLattice,VS-WF+All6-562,2.00000,3.00000
EDA,NHLattice,VS-WF+All6-563,1.00000,4.00000
EDA,NHLattice,VS-WF+All6-564,2.00000,1.00000,2.00000,2.00000,2.00000,2.00000
EDA,NHLattice,VS-WF+All6-565,1.00000,2.00000,2.00000,1.00000,1.00000,1.00000
EDA,NHLattice,VS-WF+All6-566,4.00000,1.00000
EDA,NHLattice,VS-WF+All6-567,5.00000
EDA,NHLattice,VS-WF+All6-568,2.00000,1.00000,2.00000,2.00000,2.00000,2.00000
EDA,NHLattice,VS-WF+All6-569,2.00000,1.00000,2.00000,2.00000,2.00000,2.00000
EDA,NHLattice,VS-WF+All6-57,3.00000,2.00000
EDA,NHLattice,VS-WF+All6-570,1.00000,2.00000,1.00000,2.00000,1.00000,1.00000
EDA,NHLattice,VS-WF+All6-571,3.00000,2.00000
EDA,NHLattice,VS-WF+All6-572,1.00000,2.00000,2.00000,1.00000,1.00000,1.00000
EDA,NHLattice,VS-WF+All6-573,2.00000,1.00000,2.00000,2.00000,2.00000,2.00000
EDA,NHLattice,VS-WF+All6-574,2.00000,1.00000,2.00000,2.00000,2.00000,2.00000
EDA,NHLattice,VS-WF+All6-575,2.00000,1.00000,2.00000,2.00000,2.00000,2.00000
EDA,NHLattice,VS-WF+All6-576,2.00000,1.00000,2.00000,2.00000,2.00000,2.00000
EDA,NHLattice,VS-WF+All6-577,2.00000,1.00000,2.00000,2.00000,2.00000,2.00000
EDA,NHLattice,VS-WF+All6-578,3.00000,1.00000,3.00000,1.00000,3.00000,3.00000
EDA,NHLattice,VS-WF+All6-579,2.00000,1.00000,2.00000,2.00000,2.00000,2.00000
EDA,NHLattice,VS-WF+All6-58,2.00000,3.00000
EDA,NHLattice,VS-WF+All6-580,1.00000,1.00000,3.00000,1.00000,1.00000,1.00000
EDA,NHLattice,VS-WF+All6-581,1.00000,1.00000,3.00000,1.00000,1.00000,1.00000
EDA,NHLattice,VS-WF+All6-582,2.00000,1.00000,2.00000,2.00000,2.00000,2.00000
EDA,NHLattice,VS-WF+All6-583,2.00000,1.00000,2.00000,2.00000,2.00000,2.00000
EDA,NHLattice,VS-WF+All6-584,1.00000,1.00000,3.00000,1.00000,1.00000,1.00000
EDA,NHLattice,VS-WF+All6-585,2.00000,1.00000,2.00000,2.00000,2.00000,2.00000
EDA,NHLattice,VS-WF+All6-586,2.00000,1.00000,2.00000,2.00000,2.00000,2.00000
EDA,NHLattice,VS-WF+All6-587,2.00000,1.00000,2.00000,2.00000,2.00000,2.00000
EDA,NHLattice,VS-WF+All6-588,2.00000,1.00000,2.00000,2.00000,2.00000,2.00000
EDA,NHLattice,VS-WF+All6-589,2.00000,1.00000,2.00000,2.00000,2.00000,2.00000
EDA,NHLattice,VS-WF+All6-59,2.00000,3.00000
EDA,NHLattice,VS-WF+All6-590,1.00000,1.00000,3.00000,1.00000,1.00000,1.00000
EDA,NHLattice,VS-WF+All6-591,2.00000,1.00000,2.00000,2.00000,2.00000,2.00000
EDA,NHLattice,VS-WF+All6-592,1.00000,1.00000,1.00000,3.00000,1.00000,1.00000
EDA,NHLattice,VS-WF+All6-593,2.00000,3.00000
EDA,NHLattice,VS-WF+All6-594,1.00000,2.00000,1.00000,2.00000,1.00000,1.00000
EDA,NHLattice,VS-WF+All6-595,1.00000,1.00000,1.00000,3.00000,1.00000,1.00000
EDA,NHLattice,VS-WF+All6-596,1.00000,1.00000,1.00000,3.00000,1.00000,1.00000
EDA,NHLattice,VS-WF+All6-597,1.00000,2.00000,2.00000,1.00000,1.00000,1.00000
EDA,NHLattice,VS-WF+All6-598,2.00000,1.00000,2.00000,2.00000,2.00000,2.00000
EDA,NHLattice,VS-WF+All6-599,1.00000,1.00000,1.00000,3.00000,1.00000,1.00000
EDA,NHLattice,VS-WF+All6-6,1.00000,1.00000,3.00000,1.00000,1.00000,1.00000
EDA,NHLattice,VS-WF+All6-60,2.00000,3.00000
EDA,NHLattice,VS-WF+All6-600,1.00000,1.00000,1.00000,3.00000,1.00000,1.00000
EDA,NHLattice,VS-WF+All6-601,1.00000,1.00000,1.00000,3.00000,1.00000,1.00000
EDA,NHLattice,VS-WF+All6-602,1.00000,1.00000,1.00000,3.00000,1.00000,1.00000
EDA,NHLattice,VS-WF+All6-603,2.00000,1.00000,2.00000,2.00000,2.00000,2.00000
EDA,NHLattice,VS-WF+All6-604,2.00000,1.00000,2.00000,2.00000,2.00000,2.00000
EDA,NHLattice,VS-WF+All6-605,1.00000,1.00000,3.00000,1.00000,1.00000,1.00000
EDA,NHLattice,VS-WF+All6-606,2.00000,3.00000
EDA,NHLattice,VS-WF+All6-607,2.00000,3.00000
EDA,NHLattice,VS-WF+All6-608,2.00000,1.00000,2.00000,2.00000,2.00000,2.00000
EDA,NHLattice,VS-WF+All6-609,3.00000,2.00000
EDA,NHLattice,VS-WF+All6-61,1.00000,1.00000,1.00000,3.00000,1.00000,1.00000
EDA,NHLattice,VS-WF+All6-610,1.00000,1.00000,3.00000,1.00000,1.00000,1.00000
EDA,NHLattice,VS-WF+All6-611,1.00000,2.00000,2.00000,1.00000,1.00000,1.00000
EDA,NHLattice,VS-WF+All6-612,2.00000,1.00000,2.00000,2.00000,2.00000,2.00000
EDA,NHLattice,VS-WF+All6-613,2.00000,1.00000,2.00000,2.00000,2.00000,2.00000
EDA,NHLattice,VS-WF+All6-614,3.00000,2.00000
EDA,NHLattice,VS-WF+All6-615,2.00000,1.00000,2.00000,2.00000,2.00000,2.00000
EDA,NHLattice,VS-WF+All6-616,2.00000,1.00000,2.00000,2.00000,2.00000,2.00000
EDA,NHLattice,VS-WF+All6-617,2.00000,1.00000,2.00000,2.00000,2.00000,2.00000
EDA,NHLattice,VS-WF+All6-618,2.00000,1.00000,2.00000,2.00000,2.00000,2.00000
EDA,NHLattice,VS-WF+All6-619,2.00000,3.00000
EDA,NHLattice,VS-WF+All6-62,1.00000,2.00000,1.00000,2.00000,1.00000,1.00000
EDA,NHLattice,VS-WF+All6-620,2.00000,3.00000
EDA,NHLattice,VS-WF+All6-621,1.00000,2.00000,1.00000,2.00000,1.00000,1.00000
EDA,NHLattice,VS-WF+All6-622,1.00000,2.00000,2.00000,1.00000,1.00000,1.00000
EDA,NHLattice,VS-WF+All6-623,3.00000,2.00000
EDA,NHLattice,VS-WF+All6-624,2.00000,3.00000
EDA,NHLattice,VS-WF+All6-625,2.00000,3.00000
EDA,NHLattice,VS-WF+All6-626,2.00000,3.00000
EDA,NHLattice,VS-WF+All6-627,3.00000,2.00000
EDA,NHLattice,VS-WF+All6-628,2.00000,3.00000
EDA,NHLattice,VS-WF+All6-629,2.00000,3.00000
EDA,NHLattice,VS-WF+All6-63,2.00000,3.00000
EDA,NHLattice,VS-WF+All6-630,1.00000,2.00000,2.00000,1.00000,1.00000,1.00000
EDA,NHLattice,VS-WF+All6-631,2.00000,3.00000
EDA,NHLattice,VS-WF+All6-632,3.00000,2.00000
EDA,NHLattice,VS-WF+All6-633,2.00000,3.00000
EDA,NHLattice,VS-WF+All6-634,2.00000,3.00000
EDA,NHLattice,VS-WF+All6-635,2.00000,1.00000,2.00000,2.00000,2.00000,2.00000
EDA,NHLattice,VS-WF+All6-636,1.00000,2.00000,2.00000,1.00000,1.00000,1.00000
EDA,NHLattice,VS-WF+All6-637,2.00000,1.00000,2.00000,2.00000,2.00000,2.00000
EDA,NHLattice,VS-WF+All6-638,2.00000,1.00000,2.00000,2.00000,2.00000,2.00000
EDA,NHLattice,VS-WF+All6-639,2.00000,1.00000,2.00000,2.00000,2.00000,2.00000
EDA,NHLattice,VS-WF+All6-64,2.00000,3.00000
EDA,NHLattice,VS-WF+All6-640,2.00000,1.00000,2.00000,2.00000,2.00000,2.00000
EDA,NHLattice,VS-WF+All6-641,2.00000,1.00000,2.00000,2.00000,2.00000,2.00000
EDA,NHLattice,VS-WF+All6-642,1.00000,2.00000,2.00000,1.00000,1.00000,1.00000
EDA,NHLattice,VS-WF+All6-643,1.00000,2.00000,2.00000,1.00000,1.00000,1.00000
EDA,NHLattice,VS-WF+All6-644,3.00000,1.00000,1.00000,3.00000,3.00000,3.00000
EDA,NHLattice,VS-WF+All6-645,1.00000,1.00000,1.00000,3.00000,1.00000,1.00000
EDA,NHLattice,VS-WF+All6-646,1.00000,1.00000,1.00000,3.00000,1.00000,1.00000
EDA,NHLattice,VS-WF+All6-647,2.00000,3.00000
EDA,NHLattice,VS-WF+All6-648,1.00000,2.00000,1.00000,2.00000,1.00000,1.00000
EDA,NHLattice,VS-WF+All6-649,1.00000,2.00000,1.00000,2.00000,1.00000,1.00000
EDA,NHLattice,VS-WF+All6-65,2.00000,3.00000
EDA,NHLattice,VS-WF+All6-650,1.00000,1.00000,1.00000,3.00000,1.00000,1.00000
EDA,NHLattice,VS-WF+All6-651,1.00000,1.00000,1.00000,3.00000,1.00000,1.00000
EDA,NHLattice,VS-WF+All6-652,1.00000,1.00000,1.00000,3.00000,1.00000,1.00000
EDA,NHLattice,VS-WF+All6-653,2.00000,1.00000,2.00000,2.00000,2.00000,2.00000
EDA,NHLattice,VS-WF+All6-654,2.00000,1.00000,2.00000,2.00000,2.00000,2.00000
EDA,NHLattice,VS-WF+All6-655,2.00000,3.00000
EDA,NHLattice,VS-WF+All6-656,1.00000,1.00000,1.00000,3.00000,1.00000,1.00000
EDA,NHLattice,VS-WF+All6-657,1.00000,1.00000,3.00000,1.00000,1.00000,1.00000
EDA,NHLattice,VS-WF+All6-658,2.00000,1.00000,2.00000,2.00000,2.00000,2.00000
EDA,NHLattice,VS-WF+All6-659,2.00000,1.00000,2.00000,2.00000,2.00000,2.00000
EDA,NHLattice,VS-WF+All6-66,1.00000,2.00000,1.00000,2.00000,1.00000,1.00000
EDA,NHLattice,VS-WF+All6-660,2.00000,1.00000,2.00000,2.00000,2.00000,2.00000
EDA,NHLattice,VS-WF+All6-661,1.00000,2.00000,2.00000,1.00000,1.00000,1.00000
EDA,NHLattice,VS-WF+All6-662,1.00000,1.00000,1.00000,3.00000,1.00000,1.00000
EDA,NHLattice,VS-WF+All6-663,1.00000,1.00000,1.00000,3.00000,1.00000,1.00000
EDA,NHLattice,VS-WF+All6-664,2.00000,1.00000,2.00000,2.00000,2.00000,2.00000
EDA,NHLattice,VS-WF+All6-665,2.00000,2.00000,1.00000,2.00000,2.00000,2.00000
EDA,NHLattice,VS-WF+All6-666,1.00000,1.00000,3.00000,1.00000,1.00000,1.00000
EDA,NHLattice,VS-WF+All6-667,1.00000,2.00000,1.00000,2.00000,1.00000,1.00000
EDA,NHLattice,VS-WF+All6-668,1.00000,1.00000,3.00000,1.00000,1.00000,1.00000
EDA,NHLattice,VS-WF+All6-669,2.00000,1.00000,2.00000,2.00000,2.00000,2.00000
EDA,NHLattice,VS-WF+All6-67,1.00000,1.00000,1.00000,3.00000,1.00000,1.00000
EDA,NHLattice,VS-WF+All6-670,2.00000,1.00000,2.00000,2.00000,2.00000,2.00000
EDA,NHLattice,VS-WF+All6-671,2.00000,1.00000,2.00000,2.00000,2.00000,2.00000
EDA,NHLattice,VS-WF+All6-672,1.00000,2.00000,1.00000,2.00000,1.00000,1.00000
EDA,NHLattice,VS-WF+All6-673,2.00000,3.00000
EDA,NHLattice,VS-WF+All6-674,1.00000,2.00000,1.00000,2.00000,1.00000,1.00000
EDA,NHLattice,VS-WF+All6-675,2.00000,3.00000
EDA,NHLattice,VS-WF+All6-676,1.00000,2.00000,2.00000,1.00000,1.00000,1.00000
EDA,NHLattice,VS-WF+All6-677,2.00000,3.00000
EDA,NHLattice,VS-WF+All6-678,1.00000,1.00000,1.00000,3.00000,1.00000,1.00000
EDA,NHLattice,VS-WF+All6-679,1.00000,1.00000,1.00000,3.00000,1.00000,1.00000
EDA,NHLattice,VS-WF+All6-68,1.00000,2.00000,1.00000,2.00000,1.00000,1.00000
EDA,NHLattice,VS-WF+All6-680,1.00000,2.00000,2.00000,1.00000,1.00000,1.00000
EDA,NHLattice,VS-WF+All6-681,1.00000,1.00000,1.00000,3.00000,1.00000,1.00000
EDA,NHLattice,VS-WF+All6-682,1.00000,1.00000,1.00000,3.00000,1.00000,1.00000
EDA,NHLattice,VS-WF+All6-683,1.00000,1.00000,3.00000,1.00000,1.00000,1.00000
EDA,NHLattice,VS-WF+All6-684,1.00000,1.00000,1.00000,3.00000,1.00000,1.00000
EDA,NHLattice,VS-WF+All6-685,2.00000,1.00000,2.00000,2.00000,2.00000,2.00000
EDA,NHLattice,VS-WF+All6-686,3.00000,1.00000,3.00000,1.00000,3.00000,3.00000
EDA,NHLattice,VS-WF+All6-687,1.00000,2.00000,2.00000,1.00000,1.00000,1.00000
EDA,NHLattice,VS-WF+All6-688,1.00000,1.00000,3.00000,1.00000,1.00000,1.00000
EDA,NHLattice,VS-WF+All6-689,2.00000,1.00000,2.00000,2.00000,2.00000,2.00000
EDA,NHLattice,VS-WF+All6-69,2.00000,3.00000
EDA,NHLattice,VS-WF+All6-690,1.00000,1.00000,1.00000,3.00000,1.00000,1.00000
EDA,NHLattice,VS-WF+All6-691,2.00000,3.00000
EDA,NHLattice,VS-WF+All6-692,1.00000,2.00000,2.00000,1.00000,1.00000,1.00000
EDA,NHLattice,VS-WF+All6-693,2.00000,1.00000,2.00000,2.00000,2.00000,2.00000
EDA,NHLattice,VS-WF+All6-694,2.00000,1.00000,2.00000,2.00000,2.00000,2.00000
EDA,NHLattice,VS-WF+All6-695,2.00000,1.00000,2.00000,2.00000,2.00000,2.00000
EDA,NHLattice,VS-WF+All6-696,2.00000,3.00000
EDA,NHLattice,VS-WF+All6-697,3.00000,2.00000
EDA,NHLattice,VS-WF+All6-698,1.00000,2.00000,2.00000,1.00000,1.00000,1.00000
EDA,NHLattice,VS-WF+All6-699,1.00000,2.00000,1.00000,2.00000,1.00000,1.00000
EDA,NHLattice,VS-WF+All6-7,2.00000,3.00000
EDA,NHLattice,VS-WF+All6-70,1.00000,4.00000
EDA,NHLattice,VS-WF+All6-700,2.00000,3.00000
EDA,NHLattice,VS-WF+All6-701,2.00000,3.00000
EDA,NHLattice,VS-WF+All6-702,2.00000,3.00000
EDA,NHLattice,VS-WF+All6-703,1.00000,2.00000,1.00000,2.00000,1.00000,1.00000
EDA,NHLattice,VS-WF+All6-704,1.00000,1.00000,1.00000,3.00000,1.00000,1.00000
EDA,NHLattice,VS-WF+All6-705,1.00000,2.00000,2.00000,1.00000,1.00000,1.00000
EDA,NHLattice,VS-WF+All6-706,2.00000,3.00000
EDA,NHLattice,VS-WF+All6-707,1.00000,1.00000,3.00000,1.00000,1.00000,1.00000
EDA,NHLattice,VS-WF+All6-708,2.00000,1.00000,2.00000,2.00000,2.00000,2.00000
EDA,NHLattice,VS-WF+All6-709,2.00000,1.00000,2.00000,2.00000,2.00000,2.00000
EDA,NHLattice,VS-WF+All6-71,1.00000,1.00000,1.00000,3.00000,1.00000,1.00000
EDA,NHLattice,VS-WF+All6-710,3.00000,1.00000,3.00000,1.00000,3.00000,3.00000
EDA,NHLattice,VS-WF+All6-711,1.00000,1.00000,1.00000,3.00000,1.00000,1.00000
EDA,NHLattice,VS-WF+All6-712,1.00000,1.00000,1.00000,3.00000,1.00000,1.00000
EDA,NHLattice,VS-WF+All6-713,1.00000,1.00000,1.00000,3.00000,1.00000,1.00000
EDA,NHLattice,VS-WF+All6-714,2.00000,1.00000,2.00000,2.00000,2.00000,2.00000
EDA,NHLattice,VS-WF+All6-715,2.00000,1.00000,2.00000,2.00000,2.00000,2.00000
EDA,NHLattice,VS-WF+All6-716,2.00000,1.00000,2.00000,2.00000,2.00000,2.00000
EDA,NHLattice,VS-WF+All6-717,2.00000,1.00000,2.00000,2.00000,2.00000,2.00000
EDA,NHLattice,VS-WF+All6-718,2.00000,1.00000,2.00000,2.00000,2.00000,2.00000
EDA,NHLattice,VS-WF+All6-719,1.00000,4.00000
EDA,NHLattice,VS-WF+All6-72,1.00000,1.00000,1.00000,3.00000,1.00000,1.00000
EDA,NHLattice,VS-WF+All6-720,2.00000,3.00000
EDA,NHLattice,VS-WF+All6-721,2.00000,3.00000
EDA,NHLattice,VS-WF+All6-722,2.00000,1.00000,2.00000,2.00000,2.00000,2.00000
EDA,NHLattice,VS-WF+All6-723,2.00000,3.00000
EDA,NHLattice,VS-WF+All6-724,1.00000,2.00000,1.00000,2.00000,1.00000,1.00000
EDA,NHLattice,VS-WF+All6-725,1.00000,2.00000,2.00000,1.00000,1.00000,1.00000
EDA,NHLattice,VS-WF+All6-726,3.00000,2.00000
EDA,NHLattice,VS-WF+All6-727,1.00000,2.00000,1.00000,2.00000,1.00000,1.00000
EDA,NHLattice,VS-WF+All6-728,1.00000,1.00000,1.00000,3.00000,1.00000,1.00000
EDA,NHLattice,VS-WF+All6-729,2.00000,1.00000,2.00000,2.00000,2.00000,2.00000
EDA,NHLattice,VS-WF+All6-73,1.00000,4.00000
EDA,NHLattice,VS-WF+All6-730,2.00000,1.00000,2.00000,2.00000,2.00000,2.00000
EDA,NHLattice,VS-WF+All6-731,1.00000,1.00000,3.00000,1.00000,1.00000,1.00000
EDA,NHLattice,VS-WF+All6-732,1.00000,1.00000,1.00000,3.00000,1.00000,1.00000
EDA,NHLattice,VS-WF+All6-733,3.00000,2.00000
EDA,NHLattice,VS-WF+All6-734,4.00000,1.00000
EDA,NHLattice,VS-WF+All6-735,3.00000,2.00000
EDA,NHLattice,VS-WF+All6-736,3.00000,1.00000,3.00000,1.00000,3.00000,3.00000
EDA,NHLattice,VS-WF+All6-737,1.00000,1.00000,3.00000,1.00000,1.00000,1.00000
EDA,NHLattice,VS-WF+All6-738,1.00000,1.00000,1.00000,3.00000,1.00000,1.00000
EDA,NHLattice,VS-WF+All6-739,1.00000,1.00000,3.00000,1.00000,1.00000,1.00000
EDA,NHLattice,VS-WF+All6-74,1.00000,2.00000,2.00000,1.00000,1.00000,1.00000
EDA,NHLattice,VS-WF+All6-740,2.00000,1.00000,2.00000,2.00000,2.00000,2.00000
EDA,NHLattice,VS-WF+All6-741,1.00000,2.00000,2.00000,1.00000,1.00000,1.00000
EDA,NHLattice,VS-WF+All6-742,3.00000,2.00000
EDA,NHLattice,VS-WF+All6-743,1.00000,2.00000,2.00000,1.00000,1.00000,1.00000
EDA,NHLattice,VS-WF+All6-744,2.00000,3.00000
EDA,NHLattice,VS-WF+All6-745,1.00000,1.00000,3.00000,1.00000,1.00000,1.00000
EDA,NHLattice,VS-WF+All6-746,2.00000,1.00000,2.00000,2.00000,2.00000,2.00000
EDA,NHLattice,VS-WF+All6-75,2.00000,3.00000
EDA,NHLattice,VS-WF+All6-76,1.00000,1.00000,1.00000,3.00000,1.00000,1.00000
EDA,NHLattice,VS-WF+All6-77,1.00000,4.00000
EDA,NHLattice,VS-WF+All6-78,2.00000,1.00000,2.00000,2.00000,2.00000,2.00000
EDA,NHLattice,VS-WF+All6-79,2.00000,1.00000,2.00000,2.00000,2.00000,2.00000
EDA,NHLattice,VS-WF+All6-8,1.00000,1.00000,3.00000,1.00000,1.00000,1.00000
EDA,NHLattice,VS-WF+All6-80,3.00000,2.00000
EDA,NHLattice,VS-WF+All6-81,2.00000,3.00000
EDA,NHLattice,VS-WF+All6-82,1.00000,1.00000,1.00000,3.00000,1.00000,1.00000
EDA,NHLattice,VS-WF+All6-83,1.00000,4.00000
EDA,NHLattice,VS-WF+All6-84,2.00000,3.00000
EDA,NHLattice,VS-WF+All6-85,2.00000,3.00000
EDA,NHLattice,VS-WF+All6-86,2.00000,3.00000
EDA,NHLattice,VS-WF+All6-87,2.00000,3.00000
EDA,NHLattice,VS-WF+All6-88,1.00000,2.00000,1.00000,2.00000,1.00000,1.00000
EDA,NHLattice,VS-WF+All6-89,1.00000,1.00000,1.00000,3.00000,1.00000,1.00000
EDA,NHLattice,VS-WF+All6-9,1.00000,1.00000,3.00000,1.00000,1.00000,1.00000
EDA,NHLattice,VS-WF+All6-90,1.00000,1.00000,1.00000,3.00000,1.00000,1.00000
EDA,NHLattice,VS-WF+All6-91,1.00000,1.00000,1.00000,3.00000,1.00000,1.00000
EDA,NHLattice,VS-WF+All6-92,1.00000,2.00000,1.00000,2.00000,1.00000,1.00000
EDA,NHLattice,VS-WF+All6-93,2.00000,3.00000
EDA,NHLattice,VS-WF+All6-94,2.00000,3.00000
EDA,NHLattice,VS-WF+All6-95,2.00000,3.00000
EDA,NHLattice,VS-WF+All6-96,3.00000,2.00000
EDA,NHLattice,VS-WF+All6-97,1.00000,2.00000,1.00000,2.00000,1.00000,1.00000
EDA,NHLattice,VS-WF+All6-98,2.00000,3.00000
EDA,NHLattice,VS-WF+All6-99,2.00000,3.00000
