NDA,Model,VS-WF+All6-1,2.00000,5.00000
NDA,Model,VS-WF+All6-10,2.00000,5.00000
NDA,Model,VS-WF+All6-100,3.00000,2.00000,2.00000,3.00000,2.00000,2.00000
NDA,Model,VS-WF+All6-101,3.00000,5.00000
NDA,Model,VS-WF+All6-102,3.00000,4.00000
NDA,Model,VS-WF+All6-103,3.00000,4.00000
NDA,Model,VS-WF+All6-104,3.00000,5.00000
NDA,Model,VS-WF+All6-105,3.00000,2.00000,2.00000,3.00000,2.00000,2.00000
NDA,Model,VS-WF+All6-106,3.00000,2.00000,2.00000,3.00000,2.00000,2.00000
NDA,Model,VS-WF+All6-107,3.00000,2.00000,2.00000,3.00000,2.00000,2.00000
NDA,Model,VS-WF+All6-108,3.00000,2.00000,2.00000,3.00000,2.00000,2.00000
NDA,Model,VS-WF+All6-109,4.00000,3.00000
NDA,Model,VS-WF+All6-11,2.00000,2.00000,2.00000,4.00000,2.00000,2.00000
NDA,Model,VS-WF+All6-110,3.00000,4.00000
NDA,Model,VS-WF+All6-111,3.00000,4.00000
NDA,Model,VS-WF+All6-112,3.00000,5.00000
NDA,Model,VS-WF+All6-113,3.00000,4.00000
NDA,Model,VS-WF+All6-114,3.00000,2.00000,2.00000,3.00000,2.00000,2.00000
NDA,Model,VS-WF+All6-115,3.00000,4.00000
NDA,Model,VS-WF+All6-116,3.00000,2.00000,2.00000,3.00000,2.00000,2.00000
NDA,Model,VS-WF+All6-117,3.00000,2.00000,2.00000,3.00000,2.00000,2.00000
NDA,Model,VS-WF+All6-118,3.00000,5.00000
NDA,Model,VS-WF+All6-119,3.00000,4.00000
NDA,Model,VS-WF+All6-12,2.00000,5.00000
NDA,Model,VS-WF+All6-120,4.00000,3.00000
NDA,Model,VS-WF+All6-121,2.00000,2.00000,2.00000,4.00000,2.00000,2.00000
NDA,Model,VS-WF+All6-122,3.00000,5.00000
NDA,Model,VS-WF+All6-123,2.00000,2.00000,2.00000,4.00000,2.00000,2.00000
NDA,Model,VS-WF+All6-124,3.00000,2.00000,2.00000,4.00000,2.00000,2.00000
NDA,Model,VS-WF+All6-125,2.00000,2.00000,2.00000,4.00000,2.00000,2.00000
NDA,Model,VS-WF+All6-126,2.00000,2.00000,2.00000,4.00000,2.00000,2.00000
NDA,Model,VS-WF+All6-127,2.00000,5.00000
NDA,Model,VS-WF+All6-128,2.00000,2.00000,2.00000,4.00000,2.00000,2.00000
NDA,Model,VS-WF+All6-129,2.00000,2.00000,2.00000,4.00000,2.00000,2.00000
NDA,Model,VS-WF+All6-13,2.00000,2.00000,2.00000,4.00000,2.00000,2.00000
NDA,Model,VS-WF+All6-130,2.00000,2.00000,2.00000,4.00000,2.00000,2.00000
NDA,Model,VS-WF+All6-131,2.00000,2.00000,2.00000,4.00000,2.00000,2.00000
NDA,Model,VS-WF+All6-132,3.00000,5.00000
NDA,Model,VS-WF+All6-133,2.00000,2.00000,2.00000,4.00000,2.00000,2.00000
NDA,Model,VS-WF+All6-134,3.00000,2.00000,2.00000,3.00000,2.00000,2.00000
NDA,Model,VS-WF+All6-135,2.00000,2.00000,2.00000,4.00000,2.00000,2.00000
NDA,Model,VS-WF+All6-136,3.00000,2.00000,2.00000,3.00000,2.00000,2.00000
NDA,Model,VS-WF+All6-137,3.00000,2.00000,2.00000,3.00000,2.00000,2.00000
NDA,Model,VS-WF+All6-138,4.00000,3.00000
NDA,Model,VS-WF+All6-139,2.00000,2.00000,2.00000,4.00000,2.00000,2.00000
NDA,Model,VS-WF+All6-14,2.00000,2.00000,2.00000,4.00000,2.00000,2.00000
NDA,Model,VS-WF+All6-140,2.00000,5.00000
NDA,Model,VS-WF+All6-141,2.00000,3.00000,4.00000,3.00000,4.00000,3.00000
NDA,Model,VS-WF+All6-142,2.00000,4.00000,3.00000,3.00000,3.00000,4.00000
NDA,Model,VS-WF+All6-143,2.00000,2.00000,2.00000,4.00000,2.00000,2.00000
NDA,Model,VS-WF+All6-144,3.00000,5.00000
NDA,Model,VS-WF+All6-145,2.00000,2.00000,2.00000,4.00000,2.00000,2.00000
NDA,Model,VS-WF+All6-146,3.00000,2.00000,2.00000,3.00000,2.00000,2.00000
NDA,Model,VS-WF+All6-147,2.00000,2.00000,2.00000,4.00000,2.00000,2.00000
NDA,Model,VS-WF+All6-148,2.00000,2.00000,2.00000,4.00000,2.00000,2.00000
NDA,Model,VS-WF+All6-149,3.00000,2.00000,2.00000,3.00000,2.00000,2.00000
NDA,Model,VS-WF+All6-15,2.00000,2.00000,2.00000,4.00000,2.00000,2.00000
NDA,Model,VS-WF+All6-150,4.00000,3.00000,3.00000,2.00000,3.00000,3.00000
NDA,Model,VS-WF+All6-151,3.00000,2.00000,2.00000,3.00000,2.00000,2.00000
NDA,Model,VS-WF+All6-152,2.00000,3.00000,4.00000,3.00000,4.00000,3.00000
NDA,Model,VS-WF+All6-153,2.00000,2.00000,2.00000,4.00000,2.00000,2.00000
NDA,Model,VS-WF+All6-154,2.00000,3.00000,3.00000,3.00000,3.00000,3.00000
NDA,Model,VS-WF+All6-155,2.00000,4.00000,4.00000,3.00000,4.00000,4.00000
NDA,Model,VS-WF+All6-156,2.00000,3.00000,4.00000,3.00000,4.00000,3.00000
NDA,Model,VS-WF+All6-157,2.00000,4.00000,3.00000,3.00000,3.00000,4.00000
NDA,Model,VS-WF+All6-158,5.00000,2.00000,2.00000,2.00000,2.00000,2.00000
NDA,Model,VS-WF+All6-159,4.00000,2.00000,2.00000,3.00000,2.00000,2.00000
NDA,Model,VS-WF+All6-16,2.00000,2.00000,2.00000,4.00000,2.00000,2.00000
NDA,Model,VS-WF+All6-160,4.00000,2.00000,2.00000,4.00000,2.00000,2.00000
NDA,Model,VS-WF+All6-161,2.00000,4.00000,4.00000,3.00000,4.00000,4.00000
NDA,Model,VS-WF+All6-162,5.00000,2.00000,2.00000,2.00000,2.00000,2.00000
NDA,Model,VS-WF+All6-163,4.00000,2.00000,2.00000,4.00000,2.00000,2.00000
NDA,Model,VS-WF+All6-164,2.00000,2.00000,2.00000,4.00000,2.00000,2.00000
NDA,Model,VS-WF+All6-165,4.00000,2.00000,2.00000,3.00000,2.00000,2.00000
NDA,Model,VS-WF+All6-166,4.00000,2.00000,2.00000,3.00000,2.00000,2.00000
NDA,Model,VS-WF+All6-167,4.00000,2.00000,2.00000,4.00000,2.00000,2.00000
NDA,Model,VS-WF+All6-168,4.00000,2.00000,2.00000,3.00000,2.00000,2.00000
NDA,Model,VS-WF+All6-169,4.00000,2.00000,2.00000,4.00000,2.00000,2.00000
NDA,Model,VS-WF+All6-17,3.00000,4.00000
NDA,Model,VS-WF+All6-170,4.00000,2.00000,2.00000,3.00000,2.00000,2.00000
NDA,Model,VS-WF+All6-171,4.00000,2.00000,2.00000,4.00000,2.00000,2.00000
NDA,Model,VS-WF+All6-172,2.00000,2.00000,2.00000,4.00000,2.00000,2.00000
NDA,Model,VS-WF+All6-173,2.00000,2.00000,2.00000,4.00000,2.00000,2.00000
NDA,Model,VS-WF+All6-174,3.00000,5.00000
NDA,Model,VS-WF+All6-175,2.00000,5.00000
NDA,Model,VS-WF+All6-176,3.00000,5.00000
NDA,Model,VS-WF+All6-177,3.00000,4.00000
NDA,Model,VS-WF+All6-178,2.00000,3.00000,3.00000,3.00000,3.00000,3.00000
NDA,Model,VS-WF+All6-179,3.00000,2.00000,2.00000,3.00000,2.00000,2.00000
NDA,Model,VS-WF+All6-18,2.00000,2.00000,2.00000,4.00000,2.00000,2.00000
NDA,Model,VS-WF+All6-180,3.00000,5.00000
NDA,Model,VS-WF+All6-181,3.00000,5.00000
NDA,Model,VS-WF+All6-182,5.00000,3.00000
NDA,Model,VS-WF+All6-183,2.00000,3.00000,4.00000,3.00000,4.00000,3.00000
NDA,Model,VS-WF+All6-184,4.00000,3.00000
NDA,Model,VS-WF+All6-185,2.00000,4.00000,4.00000,3.00000,4.00000,4.00000
NDA,Model,VS-WF+All6-186,2.00000,2.00000,2.00000,4.00000,2.00000,2.00000
NDA,Model,VS-WF+All6-187,2.00000,2.00000,2.00000,4.00000,2.00000,2.00000
NDA,Model,VS-WF+All6-188,2.00000,2.00000,2.00000,4.00000,2.00000,2.00000
NDA,Model,VS-WF+All6-189,5.00000,2.00000
NDA,Model,VS-WF+All6-19,2.00000,2.00000,2.00000,4.00000,2.00000,2.00000
NDA,Model,VS-WF+All6-190,4.00000,3.00000
NDA,Model,VS-WF+All6-191,2.00000,3.00000,3.00000,3.00000,3.00000,3.00000
NDA,Model,VS-WF+All6-192,3.00000,4.00000
NDA,Model,VS-WF+All6-193,3.00000,2.00000,2.00000,3.00000,2.00000,2.00000
NDA,Model,VS-WF+All6-194,2.00000,3.00000,3.00000,3.00000,3.00000,3.00000
NDA,Model,VS-WF+All6-195,2.00000,4.00000,3.00000,3.00000,3.00000,4.00000
NDA,Model,VS-WF+All6-196,3.00000,2.00000,2.00000,3.00000,2.00000,2.00000
NDA,Model,VS-WF+All6-197,3.00000,5.00000
NDA,Model,VS-WF+All6-198,3.00000,2.00000,2.00000,3.00000,2.00000,2.00000
NDA,Model,VS-WF+All6-199,3.00000,2.00000,2.00000,3.00000,2.00000,2.00000
NDA,Model,VS-WF+All6-2,2.00000,5.00000
NDA,Model,VS-WF+All6-20,2.00000,5.00000
NDA,Model,VS-WF+All6-200,2.00000,3.00000,3.00000,3.00000,3.00000,3.00000
NDA,Model,VS-WF+All6-201,2.00000,4.00000,3.00000,3.00000,3.00000,4.00000
NDA,Model,VS-WF+All6-202,3.00000,4.00000
NDA,Model,VS-WF+All6-203,2.00000,3.00000,3.00000,3.00000,3.00000,3.00000
NDA,Model,VS-WF+All6-204,2.00000,2.00000,2.00000,4.00000,2.00000,2.00000
NDA,Model,VS-WF+All6-205,2.00000,2.00000,2.00000,4.00000,2.00000,2.00000
NDA,Model,VS-WF+All6-206,2.00000,2.00000,2.00000,4.00000,2.00000,2.00000
NDA,Model,VS-WF+All6-207,3.00000,5.00000
NDA,Model,VS-WF+All6-208,2.00000,3.00000,3.00000,3.00000,3.00000,3.00000
NDA,Model,VS-WF+All6-209,2.00000,4.00000,4.00000,3.00000,4.00000,4.00000
NDA,Model,VS-WF+All6-21,2.00000,5.00000
NDA,Model,VS-WF+All6-210,2.00000,3.00000,4.00000,3.00000,4.00000,3.00000
NDA,Model,VS-WF+All6-211,2.00000,2.00000,2.00000,4.00000,2.00000,2.00000
NDA,Model,VS-WF+All6-212,2.00000,2.00000,2.00000,4.00000,2.00000,2.00000
NDA,Model,VS-WF+All6-213,3.00000,2.00000,2.00000,4.00000,2.00000,2.00000
NDA,Model,VS-WF+All6-214,3.00000,2.00000,2.00000,4.00000,2.00000,2.00000
NDA,Model,VS-WF+All6-215,2.00000,4.00000,4.00000,3.00000,4.00000,4.00000
NDA,Model,VS-WF+All6-216,2.00000,2.00000,2.00000,4.00000,2.00000,2.00000
NDA,Model,VS-WF+All6-217,2.00000,2.00000,2.00000,4.00000,2.00000,2.00000
NDA,Model,VS-WF+All6-218,2.00000,4.00000,3.00000,3.00000,3.00000,4.00000
NDA,Model,VS-WF+All6-219,4.00000,3.00000
NDA,Model,VS-WF+All6-22,2.00000,2.00000,2.00000,4.00000,2.00000,2.00000
NDA,Model,VS-WF+All6-220,3.00000,5.00000
NDA,Model,VS-WF+All6-221,2.00000,2.00000,2.00000,4.00000,2.00000,2.00000
NDA,Model,VS-WF+All6-222,2.00000,2.00000,2.00000,4.00000,2.00000,2.00000
NDA,Model,VS-WF+All6-223,2.00000,2.00000,2.00000,4.00000,2.00000,2.00000
NDA,Model,VS-WF+All6-224,2.00000,2.00000,2.00000,4.00000,2.00000,2.00000
NDA,Model,VS-WF+All6-225,2.00000,3.00000,3.00000,3.00000,3.00000,3.00000
NDA,Model,VS-WF+All6-226,4.00000,4.00000
NDA,Model,VS-WF+All6-227,3.00000,5.00000
NDA,Model,VS-WF+All6-228,3.00000,2.00000,2.00000,4.00000,2.00000,2.00000
NDA,Model,VS-WF+All6-229,4.00000,4.00000
NDA,Model,VS-WF+All6-23,2.00000,2.00000,2.00000,4.00000,2.00000,2.00000
NDA,Model,VS-WF+All6-230,2.00000,2.00000,2.00000,4.00000,2.00000,2.00000
NDA,Model,VS-WF+All6-231,4.00000,4.00000
NDA,Model,VS-WF+All6-232,4.00000,2.00000,2.00000,2.00000,2.00000,2.00000
NDA,Model,VS-WF+All6-233,3.00000,2.00000,2.00000,4.00000,2.00000,2.00000
NDA,Model,VS-WF+All6-234,2.00000,2.00000,2.00000,4.00000,2.00000,2.00000
NDA,Model,VS-WF+All6-235,3.00000,5.00000
NDA,Model,VS-WF+All6-236,3.00000,5.00000
NDA,Model,VS-WF+All6-237,2.00000,4.00000,3.00000,3.00000,3.00000,4.00000
NDA,Model,VS-WF+All6-238,4.00000,3.00000
NDA,Model,VS-WF+All6-239,2.00000,3.00000,3.00000,3.00000,3.00000,3.00000
NDA,Model,VS-WF+All6-24,2.00000,2.00000,2.00000,4.00000,2.00000,2.00000
NDA,Model,VS-WF+All6-240,2.00000,2.00000,2.00000,4.00000,2.00000,2.00000
NDA,Model,VS-WF+All6-241,4.00000,4.00000
NDA,Model,VS-WF+All6-242,2.00000,5.00000
NDA,Model,VS-WF+All6-243,2.00000,5.00000
NDA,Model,VS-WF+All6-244,2.00000,2.00000,2.00000,4.00000,2.00000,2.00000
NDA,Model,VS-WF+All6-245,4.00000,4.00000
NDA,Model,VS-WF+All6-246,2.00000,5.00000
NDA,Model,VS-WF+All6-247,3.00000,4.00000
NDA,Model,VS-WF+All6-248,3.00000,2.00000,2.00000,4.00000,2.00000,2.00000
NDA,Model,VS-WF+All6-249,4.00000,4.00000
NDA,Model,VS-WF+All6-25,2.00000,2.00000,2.00000,4.00000,2.00000,2.00000
NDA,Model,VS-WF+All6-250,2.00000,2.00000,2.00000,4.00000,2.00000,2.00000
NDA,Model,VS-WF+All6-251,3.00000,5.00000
NDA,Model,VS-WF+All6-252,3.00000,5.00000
NDA,Model,VS-WF+All6-253,3.00000,5.00000
NDA,Model,VS-WF+All6-254,3.00000,2.00000,2.00000,4.00000,2.00000,2.00000
NDA,Model,VS-WF+All6-255,3.00000,5.00000
NDA,Model,VS-WF+All6-256,3.00000,5.00000
NDA,Model,VS-WF+All6-257,3.00000,5.00000
NDA,Model,VS-WF+All6-258,3.00000,5.00000
NDA,Model,VS-WF+All6-259,3.00000,2.00000,2.00000,4.00000,2.00000,2.00000
NDA,Model,VS-WF+All6-26,5.00000,3.00000
NDA,Model,VS-WF+All6-260,3.00000,2.00000,2.00000,4.00000,2.00000,2.00000
NDA,Model,VS-WF+All6-261,2.00000,2.00000,2.00000,4.00000,2.00000,2.00000
NDA,Model,VS-WF+All6-262,2.00000,2.00000,2.00000,4.00000,2.00000,2.00000
NDA,Model,VS-WF+All6-263,2.00000,4.00000,3.00000,3.00000,3.00000,4.00000
NDA,Model,VS-WF+All6-264,4.00000,3.00000
NDA,Model,VS-WF+All6-265,2.00000,2.00000,2.00000,4.00000,2.00000,2.00000
NDA,Model,VS-WF+All6-266,5.00000,2.00000
NDA,Model,VS-WF+All6-267,2.00000,2.00000,2.00000,4.00000,2.00000,2.00000
NDA,Model,VS-WF+All6-268,3.00000,2.00000,2.00000,4.00000,2.00000,2.00000
NDA,Model,VS-WF+All6-269,3.00000,2.00000,2.00000,4.00000,2.00000,2.00000
NDA,Model,VS-WF+All6-27,2.00000,2.00000,2.00000,4.00000,2.00000,2.00000
NDA,Model,VS-WF+All6-270,2.00000,3.00000,3.00000,3.00000,3.00000,3.00000
NDA,Model,VS-WF+All6-271,4.00000,4.00000
NDA,Model,VS-WF+All6-272,4.00000,4.00000
NDA,Model,VS-WF+All6-273,4.00000,4.00000
NDA,Model,VS-WF+All6-274,4.00000,3.00000
NDA,Model,VS-WF+All6-275,4.00000,2.00000,2.00000,2.00000,2.00000,2.00000
NDA,Model,VS-WF+All6-276,2.00000,2.00000,2.00000,4.00000,2.00000,2.00000
NDA,Model,VS-WF+All6-277,4.00000,4.00000
NDA,Model,VS-WF+All6-278,4.00000,3.00000
NDA,Model,VS-WF+All6-279,3.00000,4.00000
NDA,Model,VS-WF+All6-28,2.00000,2.00000,2.00000,4.00000,2.00000,2.00000
NDA,Model,VS-WF+All6-280,3.00000,5.00000
NDA,Model,VS-WF+All6-281,3.00000,5.00000
NDA,Model,VS-WF+All6-282,3.00000,2.00000,2.00000,3.00000,2.00000,2.00000
NDA,Model,VS-WF+All6-283,3.00000,4.00000
NDA,Model,VS-WF+All6-284,3.00000,4.00000
NDA,Model,VS-WF+All6-285,3.00000,4.00000
NDA,Model,VS-WF+All6-286,3.00000,5.00000
NDA,Model,VS-WF+All6-287,4.00000,4.00000
NDA,Model,VS-WF+All6-288,3.00000,2.00000,2.00000,3.00000,2.00000,2.00000
NDA,Model,VS-WF+All6-289,3.00000,2.00000,2.00000,3.00000,2.00000,2.00000
NDA,Model,VS-WF+All6-29,3.00000,4.00000
NDA,Model,VS-WF+All6-290,2.00000,5.00000
NDA,Model,VS-WF+All6-291,3.00000,4.00000
NDA,Model,VS-WF+All6-292,2.00000,2.00000,2.00000,4.00000,2.00000,2.00000
NDA,Model,VS-WF+All6-293,2.00000,2.00000,2.00000,4.00000,2.00000,2.00000
NDA,Model,VS-WF+All6-294,2.00000,5.00000
NDA,Model,VS-WF+All6-295,2.00000,5.00000
NDA,Model,VS-WF+All6-296,3.00000,4.00000
NDA,Model,VS-WF+All6-297,2.00000,2.00000,2.00000,4.00000,2.00000,2.00000
NDA,Model,VS-WF+All6-298,2.00000,2.00000,2.00000,4.00000,2.00000,2.00000
NDA,Model,VS-WF+All6-299,3.00000,2.00000,2.00000,3.00000,2.00000,2.00000
NDA,Model,VS-WF+All6-3,2.00000,5.00000
NDA,Model,VS-WF+All6-30,3.00000,4.00000
NDA,Model,VS-WF+All6-300,2.00000,2.00000,2.00000,4.00000,2.00000,2.00000
NDA,Model,VS-WF+All6-301,3.00000,2.00000,2.00000,4.00000,2.00000,2.00000
NDA,Model,VS-WF+All6-302,3.00000,2.00000,2.00000,4.00000,2.00000,2.00000
NDA,Model,VS-WF+All6-303,2.00000,3.00000,3.00000,3.00000,3.00000,3.00000
NDA,Model,VS-WF+All6-304,2.00000,2.00000,2.00000,4.00000,2.00000,2.00000
NDA,Model,VS-WF+All6-305,3.00000,2.00000,2.00000,3.00000,2.00000,2.00000
NDA,Model,VS-WF+All6-306,3.00000,2.00000,2.00000,3.00000,2.00000,2.00000
NDA,Model,VS-WF+All6-307,2.00000,2.00000,2.00000,4.00000,2.00000,2.00000
NDA,Model,VS-WF+All6-308,2.00000,2.00000,2.00000,4.00000,2.00000,2.00000
NDA,Model,VS-WF+All6-309,2.00000,4.00000,3.00000,3.00000,3.00000,4.00000
NDA,Model,VS-WF+All6-31,3.00000,4.00000
NDA,Model,VS-WF+All6-310,3.00000,3.00000,3.00000,2.00000,3.00000,3.00000
NDA,Model,VS-WF+All6-311,3.00000,2.00000,2.00000,3.00000,2.00000,2.00000
NDA,Model,VS-WF+All6-312,3.00000,2.00000,2.00000,3.00000,2.00000,2.00000
NDA,Model,VS-WF+All6-313,2.00000,2.00000,2.00000,4.00000,2.00000,2.00000
NDA,Model,VS-WF+All6-314,5.00000,4.00000
NDA,Model,VS-WF+All6-315,3.00000,2.00000,2.00000,4.00000,2.00000,2.00000
NDA,Model,VS-WF+All6-316,2.00000,4.00000,4.00000,3.00000,4.00000,4.00000
NDA,Model,VS-WF+All6-317,3.00000,5.00000
NDA,Model,VS-WF+All6-318,2.00000,3.00000,4.00000,3.00000,4.00000,3.00000
NDA,Model,VS-WF+All6-319,3.00000,5.00000
NDA,Model,VS-WF+All6-32,2.00000,2.00000,2.00000,4.00000,2.00000,2.00000
NDA,Model,VS-WF+All6-320,3.00000,2.00000,2.00000,3.00000,2.00000,2.00000
NDA,Model,VS-WF+All6-321,2.00000,3.00000,3.00000,3.00000,3.00000,3.00000
NDA,Model,VS-WF+All6-322,2.00000,4.00000,3.00000,3.00000,3.00000,4.00000
NDA,Model,VS-WF+All6-323,3.00000,2.00000,2.00000,3.00000,2.00000,2.00000
NDA,Model,VS-WF+All6-324,2.00000,3.00000,3.00000,3.00000,3.00000,3.00000
NDA,Model,VS-WF+All6-325,3.00000,5.00000
NDA,Model,VS-WF+All6-326,2.00000,2.00000,2.00000,4.00000,2.00000,2.00000
NDA,Model,VS-WF+All6-327,2.00000,2.00000,2.00000,4.00000,2.00000,2.00000
NDA,Model,VS-WF+All6-328,2.00000,2.00000,2.00000,4.00000,2.00000,2.00000
NDA,Model,VS-WF+All6-329,2.00000,5.00000
NDA,Model,VS-WF+All6-33,2.00000,2.00000,2.00000,4.00000,2.00000,2.00000
NDA,Model,VS-WF+All6-330,2.00000,2.00000,2.00000,4.00000,2.00000,2.00000
NDA,Model,VS-WF+All6-331,2.00000,5.00000
NDA,Model,VS-WF+All6-332,4.00000,3.00000
NDA,Model,VS-WF+All6-333,2.00000,5.00000
NDA,Model,VS-WF+All6-334,4.00000,2.00000,2.00000,3.00000,2.00000,2.00000
NDA,Model,VS-WF+All6-335,2.00000,3.00000,3.00000,3.00000,3.00000,3.00000
NDA,Model,VS-WF+All6-336,3.00000,5.00000
NDA,Model,VS-WF+All6-337,4.00000,2.00000,2.00000,3.00000,2.00000,2.00000
NDA,Model,VS-WF+All6-338,6.00000,2.00000
NDA,Model,VS-WF+All6-339,3.00000,2.00000,2.00000,3.00000,2.00000,2.00000
NDA,Model,VS-WF+All6-34,2.00000,5.00000
NDA,Model,VS-WF+All6-340,2.00000,2.00000,2.00000,4.00000,2.00000,2.00000
NDA,Model,VS-WF+All6-341,2.00000,5.00000
NDA,Model,VS-WF+All6-342,2.00000,2.00000,2.00000,4.00000,2.00000,2.00000
NDA,Model,VS-WF+All6-343,3.00000,5.00000
NDA,Model,VS-WF+All6-344,3.00000,5.00000
NDA,Model,VS-WF+All6-345,3.00000,3.00000,3.00000,2.00000,3.00000,3.00000
NDA,Model,VS-WF+All6-346,3.00000,5.00000
NDA,Model,VS-WF+All6-347,3.00000,5.00000
NDA,Model,VS-WF+All6-348,3.00000,4.00000
NDA,Model,VS-WF+All6-349,3.00000,5.00000
NDA,Model,VS-WF+All6-35,3.00000,2.00000,2.00000,3.00000,2.00000,2.00000
NDA,Model,VS-WF+All6-350,3.00000,2.00000,2.00000,3.00000,2.00000,2.00000
NDA,Model,VS-WF+All6-351,4.00000,3.00000
NDA,Model,VS-WF+All6-352,3.00000,2.00000,2.00000,3.00000,2.00000,2.00000
NDA,Model,VS-WF+All6-353,2.00000,2.00000,2.00000,4.00000,2.00000,2.00000
NDA,Model,VS-WF+All6-354,3.00000,2.00000,2.00000,4.00000,2.00000,2.00000
NDA,Model,VS-WF+All6-355,3.00000,2.00000,2.00000,4.00000,2.00000,2.00000
NDA,Model,VS-WF+All6-356,3.00000,5.00000
NDA,Model,VS-WF+All6-357,2.00000,2.00000,2.00000,4.00000,2.00000,2.00000
NDA,Model,VS-WF+All6-358,3.00000,2.00000,2.00000,3.00000,2.00000,2.00000
NDA,Model,VS-WF+All6-359,3.00000,2.00000,2.00000,3.00000,2.00000,2.00000
NDA,Model,VS-WF+All6-36,2.00000,5.00000
NDA,Model,VS-WF+All6-360,3.00000,2.00000,2.00000,4.00000,2.00000,2.00000
NDA,Model,VS-WF+All6-361,4.00000,4.00000
NDA,Model,VS-WF+All6-362,3.00000,2.00000,2.00000,4.00000,2.00000,2.00000
NDA,Model,VS-WF+All6-363,2.00000,2.00000,2.00000,4.00000,2.00000,2.00000
NDA,Model,VS-WF+All6-364,4.00000,4.00000
NDA,Model,VS-WF+All6-365,3.00000,2.00000,2.00000,4.00000,2.00000,2.00000
NDA,Model,VS-WF+All6-366,4.00000,4.00000
NDA,Model,VS-WF+All6-367,3.00000,2.00000,2.00000,4.00000,2.00000,2.00000
NDA,Model,VS-WF+All6-368,2.00000,2.00000,2.00000,4.00000,2.00000,2.00000
NDA,Model,VS-WF+All6-369,2.00000,2.00000,2.00000,4.00000,2.00000,2.00000
NDA,Model,VS-WF+All6-37,2.00000,5.00000
NDA,Model,VS-WF+All6-370,2.00000,2.00000,2.00000,4.00000,2.00000,2.00000
NDA,Model,VS-WF+All6-371,4.00000,2.00000,2.00000,2.00000,2.00000,2.00000
NDA,Model,VS-WF+All6-372,4.00000,3.00000
NDA,Model,VS-WF+All6-373,2.00000,2.00000,2.00000,4.00000,2.00000,2.00000
NDA,Model,VS-WF+All6-374,2.00000,5.00000
NDA,Model,VS-WF+All6-375,3.00000,2.00000,2.00000,3.00000,2.00000,2.00000
NDA,Model,VS-WF+All6-376,2.00000,5.00000
NDA,Model,VS-WF+All6-377,2.00000,2.00000,2.00000,4.00000,2.00000,2.00000
NDA,Model,VS-WF+All6-378,2.00000,2.00000,2.00000,4.00000,2.00000,2.00000
NDA,Model,VS-WF+All6-379,3.00000,2.00000,2.00000,3.00000,2.00000,2.00000
NDA,Model,VS-WF+All6-38,3.00000,2.00000,2.00000,3.00000,2.00000,2.00000
NDA,Model,VS-WF+All6-380,5.00000,2.00000
NDA,Model,VS-WF+All6-381,2.00000,2.00000,2.00000,4.00000,2.00000,2.00000
NDA,Model,VS-WF+All6-382,2.00000,2.00000,2.00000,4.00000,2.00000,2.00000
NDA,Model,VS-WF+All6-383,2.00000,2.00000,2.00000,4.00000,2.00000,2.00000
NDA,Model,VS-WF+All6-384,2.00000,2.00000,2.00000,4.00000,2.00000,2.00000
NDA,Model,VS-WF+All6-385,2.00000,2.00000,2.00000,4.00000,2.00000,2.00000
NDA,Model,VS-WF+All6-386,2.00000,2.00000,2.00000,4.00000,2.00000,2.00000
NDA,Model,VS-WF+All6-387,2.00000,4.00000,4.00000,3.00000,4.00000,4.00000
NDA,Model,VS-WF+All6-388,2.00000,2.00000,2.00000,4.00000,2.00000,2.00000
NDA,Model,VS-WF+All6-389,2.00000,2.00000,2.00000,4.00000,2.00000,2.00000
NDA,Model,VS-WF+All6-39,2.00000,2.00000,2.00000,4.00000,2.00000,2.00000
NDA,Model,VS-WF+All6-390,4.00000,4.00000
NDA,Model,VS-WF+All6-391,2.00000,2.00000,2.00000,4.00000,2.00000,2.00000
NDA,Model,VS-WF+All6-392,4.00000,4.00000
NDA,Model,VS-WF+All6-393,5.00000,3.00000
NDA,Model,VS-WF+All6-394,3.00000,4.00000
NDA,Model,VS-WF+All6-395,2.00000,5.00000
NDA,Model,VS-WF+All6-396,2.00000,5.00000
NDA,Model,VS-WF+All6-397,2.00000,2.00000,2.00000,4.00000,2.00000,2.00000
NDA,Model,VS-WF+All6-398,2.00000,2.00000,2.00000,4.00000,2.00000,2.00000
NDA,Model,VS-WF+All6-399,2.00000,2.00000,2.00000,4.00000,2.00000,2.00000
NDA,Model,VS-WF+All6-4,3.00000,4.00000
NDA,Model,VS-WF+All6-40,3.00000,5.00000
NDA,Model,VS-WF+All6-400,3.00000,2.00000,2.00000,3.00000,2.00000,2.00000
NDA,Model,VS-WF+All6-401,2.00000,2.00000,2.00000,4.00000,2.00000,2.00000
NDA,Model,VS-WF+All6-402,2.00000,2.00000,2.00000,4.00000,2.00000,2.00000
NDA,Model,VS-WF+All6-403,2.00000,2.00000,2.00000,4.00000,2.00000,2.00000
NDA,Model,VS-WF+All6-404,2.00000,2.00000,2.00000,4.00000,2.00000,2.00000
NDA,Model,VS-WF+All6-405,2.00000,2.00000,2.00000,4.00000,2.00000,2.00000
NDA,Model,VS-WF+All6-406,2.00000,3.00000,4.00000,3.00000,4.00000,3.00000
NDA,Model,VS-WF+All6-407,2.00000,2.00000,2.00000,4.00000,2.00000,2.00000
NDA,Model,VS-WF+All6-408,2.00000,2.00000,2.00000,4.00000,2.00000,2.00000
NDA,Model,VS-WF+All6-409,2.00000,4.00000,4.00000,3.00000,4.00000,4.00000
NDA,Model,VS-WF+All6-41,3.00000,4.00000
NDA,Model,VS-WF+All6-410,2.00000,3.00000,4.00000,3.00000,4.00000,3.00000
NDA,Model,VS-WF+All6-411,2.00000,2.00000,2.00000,4.00000,2.00000,2.00000
NDA,Model,VS-WF+All6-412,2.00000,2.00000,2.00000,4.00000,2.00000,2.00000
NDA,Model,VS-WF+All6-413,2.00000,4.00000,4.00000,3.00000,4.00000,4.00000
NDA,Model,VS-WF+All6-414,2.00000,4.00000,4.00000,3.00000,4.00000,4.00000
NDA,Model,VS-WF+All6-415,4.00000,2.00000,2.00000,3.00000,2.00000,2.00000
NDA,Model,VS-WF+All6-416,3.00000,2.00000,2.00000,3.00000,2.00000,2.00000
NDA,Model,VS-WF+All6-417,4.00000,5.00000
NDA,Model,VS-WF+All6-418,4.00000,5.00000
NDA,Model,VS-WF+All6-419,4.00000,5.00000
NDA,Model,VS-WF+All6-42,2.00000,2.00000,2.00000,4.00000,2.00000,2.00000
NDA,Model,VS-WF+All6-420,4.00000,4.00000
NDA,Model,VS-WF+All6-421,4.00000,5.00000
NDA,Model,VS-WF+All6-422,4.00000,2.00000,2.00000,3.00000,2.00000,2.00000
NDA,Model,VS-WF+All6-423,2.00000,3.00000,3.00000,3.00000,3.00000,3.00000
NDA,Model,VS-WF+All6-424,4.00000,5.00000
NDA,Model,VS-WF+All6-425,4.00000,5.00000
NDA,Model,VS-WF+All6-426,2.00000,2.00000,2.00000,4.00000,2.00000,2.00000
NDA,Model,VS-WF+All6-427,4.00000,4.00000
NDA,Model,VS-WF+All6-428,4.00000,2.00000,2.00000,3.00000,2.00000,2.00000
NDA,Model,VS-WF+All6-429,5.00000,3.00000
NDA,Model,VS-WF+All6-43,2.00000,5.00000
NDA,Model,VS-WF+All6-430,4.00000,5.00000
NDA,Model,VS-WF+All6-431,4.00000,4.00000
NDA,Model,VS-WF+All6-432,5.00000,4.00000
NDA,Model,VS-WF+All6-433,4.00000,5.00000
NDA,Model,VS-WF+All6-434,4.00000,2.00000,2.00000,4.00000,2.00000,2.00000
NDA,Model,VS-WF+All6-435,4.00000,5.00000
NDA,Model,VS-WF+All6-436,4.00000,5.00000
NDA,Model,VS-WF+All6-437,2.00000,2.00000,2.00000,4.00000,2.00000,2.00000
NDA,Model,VS-WF+All6-438,5.00000,4.00000
NDA,Model,VS-WF+All6-439,4.00000,5.00000
NDA,Model,VS-WF+All6-44,2.00000,2.00000,2.00000,4.00000,2.00000,2.00000
NDA,Model,VS-WF+All6-440,4.00000,5.00000
NDA,Model,VS-WF+All6-441,4.00000,5.00000
NDA,Model,VS-WF+All6-442,3.00000,4.00000
NDA,Model,VS-WF+All6-443,4.00000,2.00000,2.00000,4.00000,2.00000,2.00000
NDA,Model,VS-WF+All6-444,3.00000,2.00000,2.00000,3.00000,2.00000,2.00000
NDA,Model,VS-WF+All6-445,3.00000,5.00000
NDA,Model,VS-WF+All6-446,3.00000,4.00000
NDA,Model,VS-WF+All6-447,4.00000,5.00000
NDA,Model,VS-WF+All6-448,4.00000,2.00000,2.00000,4.00000,2.00000,2.00000
NDA,Model,VS-WF+All6-449,2.00000,3.00000,4.00000,3.00000,4.00000,3.00000
NDA,Model,VS-WF+All6-45,3.00000,5.00000
NDA,Model,VS-WF+All6-450,2.00000,3.00000,3.00000,3.00000,3.00000,3.00000
NDA,Model,VS-WF+All6-451,2.00000,5.00000
NDA,Model,VS-WF+All6-452,2.00000,5.00000
NDA,Model,VS-WF+All6-453,2.00000,2.00000,2.00000,4.00000,2.00000,2.00000
NDA,Model,VS-WF+All6-454,2.00000,2.00000,2.00000,4.00000,2.00000,2.00000
NDA,Model,VS-WF+All6-455,2.00000,2.00000,2.00000,4.00000,2.00000,2.00000
NDA,Model,VS-WF+All6-456,2.00000,2.00000,2.00000,4.00000,2.00000,2.00000
NDA,Model,VS-WF+All6-457,2.00000,2.00000,2.00000,4.00000,2.00000,2.00000
NDA,Model,VS-WF+All6-458,2.00000,2.00000,2.00000,4.00000,2.00000,2.00000
NDA,Model,VS-WF+All6-459,2.00000,2.00000,2.00000,4.00000,2.00000,2.00000
NDA,Model,VS-WF+All6-46,3.00000,5.00000
NDA,Model,VS-WF+All6-460,4.00000,4.00000
NDA,Model,VS-WF+All6-461,4.00000,2.00000,2.00000,2.00000,2.00000,2.00000
NDA,Model,VS-WF+All6-462,5.00000,2.00000
NDA,Model,VS-WF+All6-463,2.00000,2.00000,2.00000,4.00000,2.00000,2.00000
NDA,Model,VS-WF+All6-464,2.00000,3.00000,4.00000,3.00000,4.00000,3.00000
NDA,Model,VS-WF+All6-465,2.00000,5.00000
NDA,Model,VS-WF+All6-466,2.00000,4.00000,4.00000,3.00000,4.00000,4.00000
NDA,Model,VS-WF+All6-467,4.00000,4.00000
NDA,Model,VS-WF+All6-468,2.00000,3.00000,4.00000,3.00000,4.00000,3.00000
NDA,Model,VS-WF+All6-469,2.00000,3.00000,3.00000,3.00000,3.00000,3.00000
NDA,Model,VS-WF+All6-47,5.00000,4.00000
NDA,Model,VS-WF+All6-470,4.00000,5.00000
NDA,Model,VS-WF+All6-471,4.00000,5.00000
NDA,Model,VS-WF+All6-472,5.00000,4.00000
NDA,Model,VS-WF+All6-473,4.00000,5.00000
NDA,Model,VS-WF+All6-474,4.00000,5.00000
NDA,Model,VS-WF+All6-475,4.00000,5.00000
NDA,Model,VS-WF+All6-476,5.00000,4.00000
NDA,Model,VS-WF+All6-477,2.00000,2.00000,2.00000,4.00000,2.00000,2.00000
NDA,Model,VS-WF+All6-478,4.00000,5.00000
NDA,Model,VS-WF+All6-479,4.00000,2.00000,2.00000,4.00000,2.00000,2.00000
NDA,Model,VS-WF+All6-48,3.00000,5.00000
NDA,Model,VS-WF+All6-480,4.00000,2.00000,2.00000,4.00000,2.00000,2.00000
NDA,Model,VS-WF+All6-481,2.00000,3.00000,4.00000,3.00000,4.00000,3.00000
NDA,Model,VS-WF+All6-482,4.00000,2.00000,2.00000,4.00000,2.00000,2.00000
NDA,Model,VS-WF+All6-483,2.00000,3.00000,3.00000,3.00000,3.00000,3.00000
NDA,Model,VS-WF+All6-484,2.00000,4.00000,3.00000,3.00000,3.00000,4.00000
NDA,Model,VS-WF+All6-485,4.00000,5.00000
NDA,Model,VS-WF+All6-486,4.00000,5.00000
NDA,Model,VS-WF+All6-487,2.00000,3.00000,3.00000,3.00000,3.00000,3.00000
NDA,Model,VS-WF+All6-488,2.00000,4.00000,3.00000,3.00000,3.00000,4.00000
NDA,Model,VS-WF+All6-489,5.00000,4.00000
NDA,Model,VS-WF+All6-49,3.00000,5.00000
NDA,Model,VS-WF+All6-490,5.00000,4.00000
NDA,Model,VS-WF+All6-491,5.00000,3.00000
NDA,Model,VS-WF+All6-492,5.00000,4.00000
NDA,Model,VS-WF+All6-493,5.00000,3.00000
NDA,Model,VS-WF+All6-494,5.00000,4.00000
NDA,Model,VS-WF+All6-495,6.00000,2.00000
NDA,Model,VS-WF+All6-496,2.00000,2.00000,2.00000,4.00000,2.00000,2.00000
NDA,Model,VS-WF+All6-497,5.00000,4.00000
NDA,Model,VS-WF+All6-498,5.00000,4.00000
NDA,Model,VS-WF+All6-499,2.00000,2.00000,2.00000,4.00000,2.00000,2.00000
NDA,Model,VS-WF+All6-5,2.00000,2.00000,2.00000,4.00000,2.00000,2.00000
NDA,Model,VS-WF+All6-50,3.00000,5.00000
NDA,Model,VS-WF+All6-500,2.00000,2.00000,2.00000,4.00000,2.00000,2.00000
NDA,Model,VS-WF+All6-501,2.00000,3.00000,4.00000,3.00000,4.00000,3.00000
NDA,Model,VS-WF+All6-502,2.00000,4.00000,4.00000,3.00000,4.00000,4.00000
NDA,Model,VS-WF+All6-503,3.00000,5.00000
NDA,Model,VS-WF+All6-504,3.00000,2.00000,2.00000,4.00000,2.00000,2.00000
NDA,Model,VS-WF+All6-505,3.00000,2.00000,2.00000,4.00000,2.00000,2.00000
NDA,Model,VS-WF+All6-506,3.00000,2.00000,2.00000,4.00000,2.00000,2.00000
NDA,Model,VS-WF+All6-507,4.00000,2.00000,2.00000,3.00000,2.00000,2.00000
NDA,Model,VS-WF+All6-508,4.00000,2.00000,2.00000,2.00000,2.00000,2.00000
NDA,Model,VS-WF+All6-509,3.00000,2.00000,2.00000,4.00000,2.00000,2.00000
NDA,Model,VS-WF+All6-51,3.00000,5.00000
NDA,Model,VS-WF+All6-510,4.00000,2.00000,2.00000,3.00000,2.00000,2.00000
NDA,Model,VS-WF+All6-511,3.00000,2.00000,2.00000,4.00000,2.00000,2.00000
NDA,Model,VS-WF+All6-512,3.00000,2.00000,2.00000,4.00000,2.00000,2.00000
NDA,Model,VS-WF+All6-513,3.00000,5.00000
NDA,Model,VS-WF+All6-514,3.00000,3.00000,3.00000,2.00000,3.00000,3.00000
NDA,Model,VS-WF+All6-515,2.00000,3.00000,3.00000,3.00000,3.00000,3.00000
NDA,Model,VS-WF+All6-516,2.00000,5.00000
NDA,Model,VS-WF+All6-517,2.00000,2.00000,2.00000,4.00000,2.00000,2.00000
NDA,Model,VS-WF+All6-518,2.00000,2.00000,2.00000,4.00000,2.00000,2.00000
NDA,Model,VS-WF+All6-519,2.00000,2.00000,2.00000,4.00000,2.00000,2.00000
NDA,Model,VS-WF+All6-52,3.00000,2.00000,2.00000,3.00000,2.00000,2.00000
NDA,Model,VS-WF+All6-520,2.00000,2.00000,2.00000,4.00000,2.00000,2.00000
NDA,Model,VS-WF+All6-521,3.00000,3.00000,3.00000,2.00000,3.00000,3.00000
NDA,Model,VS-WF+All6-522,2.00000,2.00000,2.00000,4.00000,2.00000,2.00000
NDA,Model,VS-WF+All6-523,2.00000,2.00000,2.00000,4.00000,2.00000,2.00000
NDA,Model,VS-WF+All6-524,3.00000,2.00000,2.00000,4.00000,2.00000,2.00000
NDA,Model,VS-WF+All6-525,2.00000,2.00000,2.00000,4.00000,2.00000,2.00000
NDA,Model,VS-WF+All6-526,2.00000,5.00000
NDA,Model,VS-WF+All6-527,4.00000,4.00000
NDA,Model,VS-WF+All6-528,3.00000,2.00000,2.00000,3.00000,2.00000,2.00000
NDA,Model,VS-WF+All6-529,3.00000,2.00000,2.00000,3.00000,2.00000,2.00000
NDA,Model,VS-WF+All6-53,3.00000,2.00000,2.00000,4.00000,2.00000,2.00000
NDA,Model,VS-WF+All6-530,3.00000,2.00000,2.00000,4.00000,2.00000,2.00000
NDA,Model,VS-WF+All6-531,2.00000,2.00000,2.00000,4.00000,2.00000,2.00000
NDA,Model,VS-WF+All6-532,4.00000,2.00000,2.00000,3.00000,2.00000,2.00000
NDA,Model,VS-WF+All6-533,2.00000,2.00000,2.00000,4.00000,2.00000,2.00000
NDA,Model,VS-WF+All6-534,3.00000,4.00000
NDA,Model,VS-WF+All6-535,2.00000,3.00000,3.00000,3.00000,3.00000,3.00000
NDA,Model,VS-WF+All6-536,3.00000,5.00000
NDA,Model,VS-WF+All6-537,3.00000,5.00000
NDA,Model,VS-WF+All6-538,2.00000,5.00000
NDA,Model,VS-WF+All6-539,4.00000,5.00000
NDA,Model,VS-WF+All6-54,3.00000,5.00000
NDA,Model,VS-WF+All6-540,3.00000,2.00000,2.00000,3.00000,2.00000,2.00000
NDA,Model,VS-WF+All6-541,2.00000,2.00000,2.00000,4.00000,2.00000,2.00000
NDA,Model,VS-WF+All6-542,3.00000,5.00000
NDA,Model,VS-WF+All6-543,3.00000,5.00000
NDA,Model,VS-WF+All6-544,2.00000,5.00000
NDA,Model,VS-WF+All6-545,2.00000,3.00000,4.00000,3.00000,4.00000,3.00000
NDA,Model,VS-WF+All6-546,3.00000,4.00000
NDA,Model,VS-WF+All6-547,2.00000,5.00000
NDA,Model,VS-WF+All6-548,2.00000,5.00000
NDA,Model,VS-WF+All6-549,2.00000,2.00000,2.00000,4.00000,2.00000,2.00000
NDA,Model,VS-WF+All6-55,3.00000,4.00000
NDA,Model,VS-WF+All6-550,2.00000,2.00000,2.00000,4.00000,2.00000,2.00000
NDA,Model,VS-WF+All6-551,2.00000,2.00000,2.00000,4.00000,2.00000,2.00000
NDA,Model,VS-WF+All6-552,2.00000,3.00000,3.00000,3.00000,3.00000,3.00000
NDA,Model,VS-WF+All6-553,2.00000,2.00000,2.00000,4.00000,2.00000,2.00000
NDA,Model,VS-WF+All6-554,2.00000,2.00000,2.00000,4.00000,2.00000,2.00000
NDA,Model,VS-WF+All6-555,3.00000,2.00000,2.00000,3.00000,2.00000,2.00000
NDA,Model,VS-WF+All6-556,4.00000,2.00000,2.00000,3.00000,2.00000,2.00000
NDA,Model,VS-WF+All6-557,2.00000,4.00000,4.00000,3.00000,4.00000,4.00000
NDA,Model,VS-WF+All6-558,2.00000,4.00000,3.00000,3.00000,3.00000,4.00000
NDA,Model,VS-WF+All6-559,3.00000,2.00000,2.00000,3.00000,2.00000,2.00000
NDA,Model,VS-WF+All6-56,3.00000,5.00000
NDA,Model,VS-WF+All6-560,2.00000,4.00000,3.00000,3.00000,3.00000,4.00000
NDA,Model,VS-WF+All6-561,3.00000,2.00000,2.00000,3.00000,2.00000,2.00000
NDA,Model,VS-WF+All6-562,3.00000,4.00000
NDA,Model,VS-WF+All6-563,2.00000,5.00000
NDA,Model,VS-WF+All6-564,2.00000,3.00000,3.00000,3.00000,3.00000,3.00000
NDA,Model,VS-WF+All6-565,4.00000,2.00000,2.00000,3.00000,2.00000,2.00000
NDA,Model,VS-WF+All6-566,5.00000,2.00000
NDA,Model,VS-WF+All6-567,6.00000
NDA,Model,VS-WF+All6-568,2.00000,3.00000,4.00000,3.00000,4.00000,3.00000
NDA,Model,VS-WF+All6-569,2.00000,4.00000,4.00000,3.00000,4.00000,4.00000
NDA,Model,VS-WF+All6-57,4.00000,4.00000
NDA,Model,VS-WF+All6-570,3.00000,2.00000,2.00000,4.00000,2.00000,2.00000
NDA,Model,VS-WF+All6-571,5.00000,3.00000
NDA,Model,VS-WF+All6-572,3.00000,2.00000,2.00000,4.00000,2.00000,2.00000
NDA,Model,VS-WF+All6-573,2.00000,4.00000,3.00000,3.00000,3.00000,4.00000
NDA,Model,VS-WF+All6-574,2.00000,3.00000,3.00000,3.00000,3.00000,3.00000
NDA,Model,VS-WF+All6-575,2.00000,4.00000,4.00000,3.00000,4.00000,4.00000
NDA,Model,VS-WF+All6-576,2.00000,3.00000,3.00000,3.00000,3.00000,3.00000
NDA,Model,VS-WF+All6-577,2.00000,3.00000,3.00000,3.00000,3.00000,3.00000
NDA,Model,VS-WF+All6-578,2.00000,4.00000,4.00000,2.00000,4.00000,4.00000
NDA,Model,VS-WF+All6-579,2.00000,3.00000,3.00000,3.00000,3.00000,3.00000
NDA,Model,VS-WF+All6-58,3.00000,5.00000
NDA,Model,VS-WF+All6-580,2.00000,2.00000,2.00000,4.00000,2.00000,2.00000
NDA,Model,VS-WF+All6-581,2.00000,2.00000,2.00000,4.00000,2.00000,2.00000
NDA,Model,VS-WF+All6-582,2.00000,3.00000,3.00000,3.00000,3.00000,3.00000
NDA,Model,VS-WF+All6-583,2.00000,3.00000,4.00000,3.00000,4.00000,3.00000
NDA,Model,VS-WF+All6-584,2.00000,2.00000,2.00000,4.00000,2.00000,2.00000
NDA,Model,VS-WF+All6-585,2.00000,3.00000,4.00000,3.00000,4.00000,3.00000
NDA,Model,VS-WF+All6-586,2.00000,4.00000,3.00000,3.00000,3.00000,4.00000
NDA,Model,VS-WF+All6-587,2.00000,4.00000,4.00000,3.00000,4.00000,4.00000
NDA,Model,VS-WF+All6-588,2.00000,3.00000,4.00000,3.00000,4.00000,3.00000
NDA,Model,VS-WF+All6-589,2.00000,3.00000,3.00000,3.00000,3.00000,3.00000
NDA,Model,VS-WF+All6-59,3.00000,5.00000
NDA,Model,VS-WF+All6-590,2.00000,2.00000,2.00000,4.00000,2.00000,2.00000
NDA,Model,VS-WF+All6-591,2.00000,4.00000,4.00000,3.00000,4.00000,4.00000
NDA,Model,VS-WF+All6-592,2.00000,2.00000,2.00000,4.00000,2.00000,2.00000
NDA,Model,VS-WF+All6-593,4.00000,5.00000
NDA,Model,VS-WF+All6-594,3.00000,2.00000,2.00000,4.00000,2.00000,2.00000
NDA,Model,VS-WF+All6-595,2.00000,2.00000,2.00000,4.00000,2.00000,2.00000
NDA,Model,VS-WF+All6-596,2.00000,2.00000,2.00000,4.00000,2.00000,2.00000
NDA,Model,VS-WF+All6-597,3.00000,2.00000,2.00000,4.00000,2.00000,2.00000
NDA,Model,VS-WF+All6-598,2.00000,4.00000,3.00000,3.00000,3.00000,4.00000
NDA,Model,VS-WF+All6-599,2.00000,2.00000,2.00000,4.00000,2.00000,2.00000
NDA,Model,VS-WF+All6-6,2.00000,2.00000,2.00000,4.00000,2.00000,2.00000
NDA,Model,VS-WF+All6-60,3.00000,5.00000
NDA,Model,VS-WF+All6-600,2.00000,2.00000,2.00000,4.00000,2.00000,2.00000
NDA,Model,VS-WF+All6-601,2.00000,2.00000,2.00000,4.00000,2.00000,2.00000
NDA,Model,VS-WF+All6-602,2.00000,2.00000,2.00000,4.00000,2.00000,2.00000
NDA,Model,VS-WF+All6-603,2.00000,3.00000,3.00000,3.00000,3.00000,3.00000
NDA,Model,VS-WF+All6-604,2.00000,3.00000,3.00000,3.00000,3.00000,3.00000
NDA,Model,VS-WF+All6-605,2.00000,2.00000,2.00000,4.00000,2.00000,2.00000
NDA,Model,VS-WF+All6-606,4.00000,4.00000
NDA,Model,VS-WF+All6-607,4.00000,5.00000
NDA,Model,VS-WF+All6-608,2.00000,3.00000,4.00000,3.00000,4.00000,3.00000
NDA,Model,VS-WF+All6-609,4.00000,3.00000
NDA,Model,VS-WF+All6-61,2.00000,2.00000,2.00000,4.00000,2.00000,2.00000
NDA,Model,VS-WF+All6-610,2.00000,2.00000,2.00000,4.00000,2.00000,2.00000
NDA,Model,VS-WF+All6-611,3.00000,2.00000,2.00000,4.00000,2.00000,2.00000
NDA,Model,VS-WF+All6-612,2.00000,3.00000,3.00000,3.00000,3.00000,3.00000
NDA,Model,VS-WF+All6-613,2.00000,4.00000,4.00000,3.00000,4.00000,4.00000
NDA,Model,VS-WF+All6-614,4.00000,4.00000
NDA,Model,VS-WF+All6-615,2.00000,4.00000,3.00000,3.00000,3.00000,4.00000
NDA,Model,VS-WF+All6-616,2.00000,3.00000,3.00000,3.00000,3.00000,3.00000
NDA,Model,VS-WF+All6-617,2.00000,4.00000,4.00000,3.00000,4.00000,4.00000
NDA,Model,VS-WF+All6-618,2.00000,3.00000,4.00000,3.00000,4.00000,3.00000
NDA,Model,VS-WF+All6-619,4.00000,4.00000
NDA,Model,VS-WF+All6-62,3.00000,2.00000,2.00000,4.00000,2.00000,2.00000
NDA,Model,VS-WF+All6-620,4.00000,4.00000
NDA,Model,VS-WF+All6-621,4.00000,2.00000,2.00000,4.00000,2.00000,2.00000
NDA,Model,VS-WF+All6-622,4.00000,2.00000,2.00000,3.00000,2.00000,2.00000
NDA,Model,VS-WF+All6-623,5.00000,3.00000
NDA,Model,VS-WF+All6-624,4.00000,5.00000
NDA,Model,VS-WF+All6-625,4.00000,5.00000
NDA,Model,VS-WF+All6-626,4.00000,5.00000
NDA,Model,VS-WF+All6-627,5.00000,4.00000
NDA,Model,VS-WF+All6-628,4.00000,5.00000
NDA,Model,VS-WF+All6-629,4.00000,5.00000
NDA,Model,VS-WF+All6-63,3.00000,5.00000
NDA,Model,VS-WF+All6-630,4.00000,2.00000,2.00000,4.00000,2.00000,2.00000
NDA,Model,VS-WF+All6-631,4.00000,5.00000
NDA,Model,VS-WF+All6-632,6.00000,4.00000
NDA,Model,VS-WF+All6-633,4.00000,5.00000
NDA,Model,VS-WF+All6-634,4.00000,5.00000
NDA,Model,VS-WF+All6-635,2.00000,3.00000,3.00000,3.00000,3.00000,3.00000
NDA,Model,VS-WF+All6-636,4.00000,2.00000,2.00000,4.00000,2.00000,2.00000
NDA,Model,VS-WF+All6-637,2.00000,4.00000,3.00000,3.00000,3.00000,4.00000
NDA,Model,VS-WF+All6-638,2.00000,4.00000,3.00000,3.00000,3.00000,4.00000
NDA,Model,VS-WF+All6-639,2.00000,4.00000,4.00000,3.00000,4.00000,4.00000
NDA,Model,VS-WF+All6-64,3.00000,5.00000
NDA,Model,VS-WF+All6-640,2.00000,3.00000,3.00000,3.00000,3.00000,3.00000
NDA,Model,VS-WF+All6-641,2.00000,4.00000,3.00000,3.00000,3.00000,4.00000
NDA,Model,VS-WF+All6-642,3.00000,2.00000,2.00000,4.00000,2.00000,2.00000
NDA,Model,VS-WF+All6-643,3.00000,2.00000,2.00000,4.00000,2.00000,2.00000
NDA,Model,VS-WF+All6-644,2.00000,4.00000,4.00000,2.00000,4.00000,4.00000
NDA,Model,VS-WF+All6-645,2.00000,2.00000,2.00000,4.00000,2.00000,2.00000
NDA,Model,VS-WF+All6-646,2.00000,2.00000,2.00000,4.00000,2.00000,2.00000
NDA,Model,VS-WF+All6-647,3.00000,5.00000
NDA,Model,VS-WF+All6-648,3.00000,2.00000,2.00000,4.00000,2.00000,2.00000
NDA,Model,VS-WF+All6-649,3.00000,2.00000,2.00000,4.00000,2.00000,2.00000
NDA,Model,VS-WF+All6-65,3.00000,5.00000
NDA,Model,VS-WF+All6-650,2.00000,2.00000,2.00000,4.00000,2.00000,2.00000
NDA,Model,VS-WF+All6-651,2.00000,2.00000,2.00000,4.00000,2.00000,2.00000
NDA,Model,VS-WF+All6-652,2.00000,2.00000,2.00000,4.00000,2.00000,2.00000
NDA,Model,VS-WF+All6-653,2.00000,4.00000,4.00000,3.00000,4.00000,4.00000
NDA,Model,VS-WF+All6-654,2.00000,3.00000,3.00000,3.00000,3.00000,3.00000
NDA,Model,VS-WF+All6-655,3.00000,5.00000
NDA,Model,VS-WF+All6-656,2.00000,2.00000,2.00000,4.00000,2.00000,2.00000
NDA,Model,VS-WF+All6-657,2.00000,2.00000,2.00000,4.00000,2.00000,2.00000
NDA,Model,VS-WF+All6-658,2.00000,3.00000,4.00000,3.00000,4.00000,3.00000
NDA,Model,VS-WF+All6-659,2.00000,4.00000,4.00000,3.00000,4.00000,4.00000
NDA,Model,VS-WF+All6-66,3.00000,2.00000,2.00000,4.00000,2.00000,2.00000
NDA,Model,VS-WF+All6-660,2.00000,3.00000,4.00000,3.00000,4.00000,3.00000
NDA,Model,VS-WF+All6-661,3.00000,2.00000,2.00000,4.00000,2.00000,2.00000
NDA,Model,VS-WF+All6-662,2.00000,2.00000,2.00000,4.00000,2.00000,2.00000
NDA,Model,VS-WF+All6-663,2.00000,2.00000,2.00000,4.00000,2.00000,2.00000
NDA,Model,VS-WF+All6-664,2.00000,3.00000,3.00000,3.00000,3.00000,3.00000
NDA,Model,VS-WF+All6-665,3.00000,3.00000,3.00000,2.00000,3.00000,3.00000
NDA,Model,VS-WF+All6-666,2.00000,2.00000,2.00000,4.00000,2.00000,2.00000
NDA,Model,VS-WF+All6-667,4.00000,2.00000,2.00000,3.00000,2.00000,2.00000
NDA,Model,VS-WF+All6-668,2.00000,2.00000,2.00000,4.00000,2.00000,2.00000
NDA,Model,VS-WF+All6-669,2.00000,4.00000,4.00000,3.00000,4.00000,4.00000
NDA,Model,VS-WF+All6-67,2.00000,2.00000,2.00000,4.00000,2.00000,2.00000
NDA,Model,VS-WF+All6-670,2.00000,3.00000,4.00000,3.00000,4.00000,3.00000
NDA,Model,VS-WF+All6-671,2.00000,4.00000,4.00000,3.00000,4.00000,4.00000
NDA,Model,VS-WF+All6-672,3.00000,2.00000,2.00000,4.00000,2.00000,2.00000
NDA,Model,VS-WF+All6-673,3.00000,5.00000
NDA,Model,VS-WF+All6-674,3.00000,2.00000,2.00000,4.00000,2.00000,2.00000
NDA,Model,VS-WF+All6-675,3.00000,5.00000
NDA,Model,VS-WF+All6-676,3.00000,2.00000,2.00000,4.00000,2.00000,2.00000
NDA,Model,VS-WF+All6-677,3.00000,4.00000
NDA,Model,VS-WF+All6-678,2.00000,2.00000,2.00000,4.00000,2.00000,2.00000
NDA,Model,VS-WF+All6-679,2.00000,2.00000,2.00000,4.00000,2.00000,2.00000
NDA,Model,VS-WF+All6-68,3.00000,2.00000,2.00000,4.00000,2.00000,2.00000
NDA,Model,VS-WF+All6-680,3.00000,2.00000,2.00000,4.00000,2.00000,2.00000
NDA,Model,VS-WF+All6-681,2.00000,2.00000,2.00000,4.00000,2.00000,2.00000
NDA,Model,VS-WF+All6-682,2.00000,2.00000,2.00000,4.00000,2.00000,2.00000
NDA,Model,VS-WF+All6-683,2.00000,2.00000,2.00000,4.00000,2.00000,2.00000
NDA,Model,VS-WF+All6-684,2.00000,2.00000,2.00000,4.00000,2.00000,2.00000
NDA,Model,VS-WF+All6-685,2.00000,3.00000,3.00000,3.00000,3.00000,3.00000
NDA,Model,VS-WF+All6-686,2.00000,4.00000,4.00000,2.00000,4.00000,4.00000
NDA,Model,VS-WF+All6-687,3.00000,2.00000,2.00000,3.00000,2.00000,2.00000
NDA,Model,VS-WF+All6-688,2.00000,2.00000,2.00000,4.00000,2.00000,2.00000
NDA,Model,VS-WF+All6-689,2.00000,3.00000,4.00000,3.00000,4.00000,3.00000
NDA,Model,VS-WF+All6-69,3.00000,5.00000
NDA,Model,VS-WF+All6-690,2.00000,2.00000,2.00000,4.00000,2.00000,2.00000
NDA,Model,VS-WF+All6-691,3.00000,5.00000
NDA,Model,VS-WF+All6-692,3.00000,2.00000,2.00000,4.00000,2.00000,2.00000
NDA,Model,VS-WF+All6-693,2.00000,3.00000,3.00000,3.00000,3.00000,3.00000
NDA,Model,VS-WF+All6-694,2.00000,4.00000,3.00000,3.00000,3.00000,4.00000
NDA,Model,VS-WF+All6-695,2.00000,3.00000,3.00000,3.00000,3.00000,3.00000
NDA,Model,VS-WF+All6-696,4.00000,5.00000
NDA,Model,VS-WF+All6-697,5.00000,4.00000
NDA,Model,VS-WF+All6-698,4.00000,2.00000,2.00000,4.00000,2.00000,2.00000
NDA,Model,VS-WF+All6-699,4.00000,2.00000,2.00000,4.00000,2.00000,2.00000
NDA,Model,VS-WF+All6-7,4.00000,4.00000
NDA,Model,VS-WF+All6-70,2.00000,5.00000
NDA,Model,VS-WF+All6-700,4.00000,5.00000
NDA,Model,VS-WF+All6-701,4.00000,5.00000
NDA,Model,VS-WF+All6-702,4.00000,5.00000
NDA,Model,VS-WF+All6-703,4.00000,2.00000,2.00000,4.00000,2.00000,2.00000
NDA,Model,VS-WF+All6-704,2.00000,2.00000,2.00000,4.00000,2.00000,2.00000
NDA,Model,VS-WF+All6-705,4.00000,2.00000,2.00000,3.00000,2.00000,2.00000
NDA,Model,VS-WF+All6-706,3.00000,4.00000
NDA,Model,VS-WF+All6-707,2.00000,2.00000,2.00000,4.00000,2.00000,2.00000
NDA,Model,VS-WF+All6-708,2.00000,4.00000,3.00000,3.00000,3.00000,4.00000
NDA,Model,VS-WF+All6-709,2.00000,3.00000,3.00000,3.00000,3.00000,3.00000
NDA,Model,VS-WF+All6-71,2.00000,2.00000,2.00000,4.00000,2.00000,2.00000
NDA,Model,VS-WF+All6-710,2.00000,4.00000,4.00000,2.00000,4.00000,4.00000
NDA,Model,VS-WF+All6-711,2.00000,2.00000,2.00000,4.00000,2.00000,2.00000
NDA,Model,VS-WF+All6-712,2.00000,2.00000,2.00000,4.00000,2.00000,2.00000
NDA,Model,VS-WF+All6-713,2.00000,2.00000,2.00000,4.00000,2.00000,2.00000
NDA,Model,VS-WF+All6-714,2.00000,4.00000,3.00000,3.00000,3.00000,4.00000
NDA,Model,VS-WF+All6-715,2.00000,4.00000,4.00000,3.00000,4.00000,4.00000
NDA,Model,VS-WF+All6-716,2.00000,3.00000,3.00000,3.00000,3.00000,3.00000
NDA,Model,VS-WF+All6-717,2.00000,3.00000,4.00000,3.00000,4.00000,3.00000
NDA,Model,VS-WF+All6-718,2.00000,3.00000,3.00000,3.00000,3.00000,3.00000
NDA,Model,VS-WF+All6-719,2.00000,5.00000
NDA,Model,VS-WF+All6-72,2.00000,2.00000,2.00000,4.00000,2.00000,2.00000
NDA,Model,VS-WF+All6-720,4.00000,5.00000
NDA,Model,VS-WF+All6-721,4.00000,5.00000
NDA,Model,VS-WF+All6-722,2.00000,3.00000,3.00000,3.00000,3.00000,3.00000
NDA,Model,VS-WF+All6-723,4.00000,5.00000
NDA,Model,VS-WF+All6-724,4.00000,2.00000,2.00000,4.00000,2.00000,2.00000
NDA,Model,VS-WF+All6-725,4.00000,2.00000,2.00000,4.00000,2.00000,2.00000
NDA,Model,VS-WF+All6-726,5.00000,4.00000
NDA,Model,VS-WF+All6-727,4.00000,2.00000,2.00000,4.00000,2.00000,2.00000
NDA,Model,VS-WF+All6-728,2.00000,2.00000,2.00000,4.00000,2.00000,2.00000
NDA,Model,VS-WF+All6-729,2.00000,4.00000,3.00000,3.00000,3.00000,4.00000
NDA,Model,VS-WF+All6-73,2.00000,5.00000
NDA,Model,VS-WF+All6-730,2.00000,3.00000,3.00000,3.00000,3.00000,3.00000
NDA,Model,VS-WF+All6-731,2.00000,2.00000,2.00000,4.00000,2.00000,2.00000
NDA,Model,VS-WF+All6-732,2.00000,2.00000,2.00000,4.00000,2.00000,2.00000
NDA,Model,VS-WF+All6-733,5.00000,3.00000
NDA,Model,VS-WF+All6-734,6.00000,2.00000
NDA,Model,VS-WF+All6-735,5.00000,3.00000
NDA,Model,VS-WF+All6-736,2.00000,4.00000,4.00000,2.00000,4.00000,4.00000
NDA,Model,VS-WF+All6-737,2.00000,2.00000,2.00000,4.00000,2.00000,2.00000
NDA,Model,VS-WF+All6-738,2.00000,2.00000,2.00000,4.00000,2.00000,2.00000
NDA,Model,VS-WF+All6-739,2.00000,2.00000,2.00000,4.00000,2.00000,2.00000
NDA,Model,VS-WF+All6-74,3.00000,2.00000,2.00000,4.00000,2.00000,2.00000
NDA,Model,VS-WF+All6-740,2.00000,3.00000,3.00000,3.00000,3.00000,3.00000
NDA,Model,VS-WF+All6-741,4.00000,2.00000,2.00000,3.00000,2.00000,2.00000
NDA,Model,VS-WF+All6-742,6.00000,3.00000
NDA,Model,VS-WF+All6-743,4.00000,2.00000,2.00000,3.00000,2.00000,2.00000
NDA,Model,VS-WF+All6-744,4.00000,4.00000
NDA,Model,VS-WF+All6-745,2.00000,2.00000,2.00000,4.00000,2.00000,2.00000
NDA,Model,VS-WF+All6-746,2.00000,3.00000,3.00000,3.00000,3.00000,3.00000
NDA,Model,VS-WF+All6-75,3.00000,5.00000
NDA,Model,VS-WF+All6-76,2.00000,2.00000,2.00000,4.00000,2.00000,2.00000
NDA,Model,VS-WF+All6-77,2.00000,5.00000
NDA,Model,VS-WF+All6-78,2.00000,4.00000,3.00000,3.00000,3.00000,4.00000
NDA,Model,VS-WF+All6-79,2.00000,3.00000,3.00000,3.00000,3.00000,3.00000
NDA,Model,VS-WF+All6-8,2.00000,2.00000,2.00000,4.00000,2.00000,2.00000
NDA,Model,VS-WF+All6-80,4.00000,4.00000
NDA,Model,VS-WF+All6-81,3.00000,5.00000
NDA,Model,VS-WF+All6-82,2.00000,2.00000,2.00000,4.00000,2.00000,2.00000
NDA,Model,VS-WF+All6-83,2.00000,5.00000
NDA,Model,VS-WF+All6-84,3.00000,5.00000
NDA,Model,VS-WF+All6-85,3.00000,5.00000
NDA,Model,VS-WF+All6-86,3.00000,5.00000
NDA,Model,VS-WF+All6-87,3.00000,5.00000
NDA,Model,VS-WF+All6-88,3.00000,2.00000,2.00000,4.00000,2.00000,2.00000
NDA,Model,VS-WF+All6-89,2.00000,2.00000,2.00000,4.00000,2.00000,2.00000
NDA,Model,VS-WF+All6-9,2.00000,2.00000,2.00000,4.00000,2.00000,2.00000
NDA,Model,VS-WF+All6-90,2.00000,2.00000,2.00000,4.00000,2.00000,2.00000
NDA,Model,VS-WF+All6-91,2.00000,2.00000,2.00000,4.00000,2.00000,2.00000
NDA,Model,VS-WF+All6-92,3.00000,2.00000,2.00000,4.00000,2.00000,2.00000
NDA,Model,VS-WF+All6-93,3.00000,5.00000
NDA,Model,VS-WF+All6-94,3.00000,5.00000
NDA,Model,VS-WF+All6-95,3.00000,4.00000
NDA,Model,VS-WF+All6-96,4.00000,3.00000
NDA,Model,VS-WF+All6-97,3.00000,2.00000,2.00000,3.00000,2.00000,2.00000
NDA,Model,VS-WF+All6-98,3.00000,5.00000
NDA,Model,VS-WF+All6-99,3.00000,4.00000
NDA,NHLattice,VS-WF+All6-1,2.00000,5.00000
NDA,NHLattice,VS-WF+All6-10,2.00000,5.00000
NDA,NHLattice,VS-WF+All6-100,2.00000,3.00000,3.00000,2.00000,2.00000,2.00000
NDA,NHLattice,VS-WF+All6-101,3.00000,5.00000
NDA,NHLattice,VS-WF+All6-102,3.00000,4.00000
NDA,NHLattice,VS-WF+All6-103,3.00000,4.00000
NDA,NHLattice,VS-WF+All6-104,3.00000,5.00000
NDA,NHLattice,VS-WF+All6-105,2.00000,3.00000,2.00000,3.00000,2.00000,2.00000
NDA,NHLattice,VS-WF+All6-106,2.00000,3.00000,3.00000,2.00000,2.00000,2.00000
NDA,NHLattice,VS-WF+All6-107,2.00000,3.00000,3.00000,2.00000,2.00000,2.00000
NDA,NHLattice,VS-WF+All6-108,2.00000,3.00000,2.00000,3.00000,2.00000,2.00000
NDA,NHLattice,VS-WF+All6-109,4.00000,3.00000
NDA,NHLattice,VS-WF+All6-11,2.00000,2.00000,4.00000,2.00000,2.00000,2.00000
NDA,NHLattice,VS-WF+All6-110,3.00000,4.00000
NDA,NHLattice,VS-WF+All6-111,3.00000,4.00000
NDA,NHLattice,VS-WF+All6-112,3.00000,5.00000
NDA,NHLattice,VS-WF+All6-113,3.00000,4.00000
NDA,NHLattice,VS-WF+All6-114,2.00000,3.00000,2.00000,3.00000,2.00000,2.00000
NDA,NHLattice,VS-WF+All6-115,3.00000,4.00000
NDA,NHLattice,VS-WF+All6-116,2.00000,3.00000,3.00000,2.00000,2.00000,2.00000
NDA,NHLattice,VS-WF+All6-117,2.00000,3.00000,3.00000,2.00000,2.00000,2.00000
NDA,NHLattice,VS-WF+All6-118,3.00000,5.00000
NDA,NHLattice,VS-WF+All6-119,3.00000,4.00000
NDA,NHLattice,VS-WF+All6-12,2.00000,5.00000
NDA,NHLattice,VS-WF+All6-120,4.00000,3.00000
NDA,NHLattice,VS-WF+All6-121,2.00000,2.00000,4.00000,2.00000,2.00000,2.00000
NDA,NHLattice,VS-WF+All6-122,3.00000,5.00000
NDA,NHLattice,VS-WF+All6-123,2.00000,2.00000,4.00000,2.00000,2.00000,2.00000
NDA,NHLattice,VS-WF+All6-124,2.00000,3.00000,4.00000,2.00000,2.00000,2.00000
NDA,NHLattice,VS-WF+All6-125,2.00000,2.00000,4.00000,2.00000,2.00000,2.00000
NDA,NHLattice,VS-WF+All6-126,2.00000,2.00000,4.00000,2.00000,2.00000,2.00000
NDA,NHLattice,VS-WF+All6-127,2.00000,5.00000
NDA,NHLattice,VS-WF+All6-128,2.00000,2.00000,4.00000,2.00000,2.00000,2.00000
NDA,NHLattice,VS-WF+All6-129,2.00000,2.00000,4.00000,2.00000,2.00000,2.00000
NDA,NHLattice,VS-WF+All6-13,2.00000,2.00000,2.00000,4.00000,2.00000,2.00000
NDA,NHLattice,VS-WF+All6-130,2.00000,2.00000,4.00000,2.00000,2.00000,2.00000
NDA,NHLattice,VS-WF+All6-131,2.00000,2.00000,4.00000,2.00000,2.00000,2.00000
NDA,NHLattice,VS-WF+All6-132,3.00000,5.00000
NDA,NHLattice,VS-WF+All6-133,2.00000,2.00000,4.00000,2.00000,2.00000,2.00000
NDA,NHLattice,VS-WF+All6-134,2.00000,3.00000,3.00000,2.00000,2.00000,2.00000
NDA,NHLattice,VS-WF+All6-135,2.00000,2.00000,4.00000,2.00000,2.00000,2.00000
NDA,NHLattice,VS-WF+All6-136,2.00000,3.00000,3.00000,2.00000,2.00000,2.00000
NDA,NHLattice,VS-WF+All6-137,2.00000,3.00000,2.00000,3.00000,2.00000,2.00000
NDA,NHLattice,VS-WF+All6-138,4.00000,3.00000
NDA,NHLattice,VS-WF+All6-139,2.00000,2.00000,4.00000,2.00000,2.00000,2.00000
NDA,NHLattice,VS-WF+All6-14,2.00000,2.00000,4.00000,2.00000,2.00000,2.00000
NDA,NHLattice,VS-WF+All6-140,2.00000,5.00000
NDA,NHLattice,VS-WF+All6-141,3.00000,2.00000,3.00000,4.00000,4.00000,3.00000
NDA,NHLattice,VS-WF+All6-142,4.00000,2.00000,3.00000,3.00000,4.00000,3.00000
NDA,NHLattice,VS-WF+All6-143,2.00000,2.00000,4.00000,2.00000,2.00000,2.00000
NDA,NHLattice,VS-WF+All6-144,3.00000,5.00000
NDA,NHLattice,VS-WF+All6-145,2.00000,2.00000,4.00000,2.00000,2.00000,2.00000
NDA,NHLattice,VS-WF+All6-146,2.00000,3.00000,3.00000,2.00000,2.00000,2.00000
NDA,NHLattice,VS-WF+All6-147,2.00000,2.00000,4.00000,2.00000,2.00000,2.00000
NDA,NHLattice,VS-WF+All6-148,2.00000,2.00000,4.00000,2.00000,2.00000,2.00000
NDA,NHLattice,VS-WF+All6-149,2.00000,3.00000,3.00000,2.00000,2.00000,2.00000
NDA,NHLattice,VS-WF+All6-15,2.00000,2.00000,4.00000,2.00000,2.00000,2.00000
NDA,NHLattice,VS-WF+All6-150,3.00000,4.00000,3.00000,2.00000,3.00000,3.00000
NDA,NHLattice,VS-WF+All6-151,2.00000,3.00000,2.00000,3.00000,2.00000,2.00000
NDA,NHLattice,VS-WF+All6-152,3.00000,2.00000,4.00000,3.00000,3.00000,4.00000
NDA,NHLattice,VS-WF+All6-153,2.00000,2.00000,4.00000,2.00000,2.00000,2.00000
NDA,NHLattice,VS-WF+All6-154,3.00000,2.00000,3.00000,3.00000,3.00000,3.00000
NDA,NHLattice,VS-WF+All6-155,4.00000,2.00000,3.00000,4.00000,4.00000,4.00000
NDA,NHLattice,VS-WF+All6-156,3.00000,2.00000,4.00000,3.00000,3.00000,4.00000
NDA,NHLattice,VS-WF+All6-157,4.00000,2.00000,3.00000,3.00000,3.00000,4.00000
NDA,NHLattice,VS-WF+All6-158,2.00000,5.00000,2.00000,2.00000,2.00000,2.00000
NDA,NHLattice,VS-WF+All6-159,2.00000,4.00000,2.00000,3.00000,2.00000,2.00000
NDA,NHLattice,VS-WF+All6-16,2.00000,2.00000,4.00000,2.00000,2.00000,2.00000
NDA,NHLattice,VS-WF+All6-160,2.00000,4.00000,2.00000,4.00000,2.00000,2.00000
NDA,NHLattice,VS-WF+All6-161,4.00000,2.00000,4.00000,3.00000,4.00000,4.00000
NDA,NHLattice,VS-WF+All6-162,2.00000,5.00000,2.00000,2.00000,2.00000,2.00000
NDA,NHLattice,VS-WF+All6-163,2.00000,4.00000,2.00000,4.00000,2.00000,2.00000
NDA,NHLattice,VS-WF+All6-164,2.00000,2.00000,4.00000,2.00000,2.00000,2.00000
NDA,NHLattice,VS-WF+All6-165,2.00000,4.00000,2.00000,3.00000,2.00000,2.00000
NDA,NHLattice,VS-WF+All6-166,2.00000,4.00000,3.00000,2.00000,2.00000,2.00000
NDA,NHLattice,VS-WF+All6-167,2.00000,4.00000,2.00000,4.00000,2.00000,2.00000
NDA,NHLattice,VS-WF+All6-168,2.00000,4.00000,2.00000,3.00000,2.00000,2.00000
NDA,NHLattice,VS-WF+All6-169,2.00000,4.00000,4.00000,2.00000,2.00000,2.00000
NDA,NHLattice,VS-WF+All6-17,3.00000,4.00000
NDA,NHLattice,VS-WF+All6-170,2.00000,4.00000,2.00000,3.00000,2.00000,2.00000
NDA,NHLattice,VS-WF+All6-171,2.00000,4.00000,2.00000,4.00000,2.00000,2.00000
NDA,NHLattice,VS-WF+All6-172,2.00000,2.00000,4.00000,2.00000,2.00000,2.00000
NDA,NHLattice,VS-WF+All6-173,2.00000,2.00000,4.00000,2.00000,2.00000,2.00000
NDA,NHLattice,VS-WF+All6-174,3.00000,5.00000
NDA,NHLattice,VS-WF+All6-175,2.00000,5.00000
NDA,NHLattice,VS-WF+All6-176,3.00000,5.00000
NDA,NHLattice,VS-WF+All6-177,3.00000,4.00000
NDA,NHLattice,VS-WF+All6-178,3.00000,2.00000,3.00000,3.00000,3.00000,3.00000
NDA,NHLattice,VS-WF+All6-179,2.00000,3.00000,2.00000,3.00000,2.00000,2.00000
NDA,NHLattice,VS-WF+All6-18,2.00000,2.00000,4.00000,2.00000,2.00000,2.00000
NDA,NHLattice,VS-WF+All6-180,3.00000,5.00000
NDA,NHLattice,VS-WF+All6-181,3.00000,5.00000
NDA,NHLattice,VS-WF+All6-182,5.00000,3.00000
NDA,NHLattice,VS-WF+All6-183,3.00000,2.00000,4.00000,3.00000,3.00000,4.00000
NDA,NHLattice,VS-WF+All6-184,4.00000,3.00000
NDA,NHLattice,VS-WF+All6-185,4.00000,2.00000,4.00000,3.00000,4.00000,4.00000
NDA,NHLattice,VS-WF+All6-186,2.00000,2.00000,2.00000,4.00000,2.00000,2.00000
NDA,NHLattice,VS-WF+All6-187,2.00000,2.00000,4.00000,2.00000,2.00000,2.00000
NDA,NHLattice,VS-WF+All6-188,2.00000,2.00000,2.00000,4.00000,2.00000,2.00000
NDA,NHLattice,VS-WF+All6-189,5.00000,2.00000
NDA,NHLattice,VS-WF+All6-19,2.00000,2.00000,4.00000,2.00000,2.00000,2.00000
NDA,NHLattice,VS-WF+All6-190,4.00000,3.00000
NDA,NHLattice,VS-WF+All6-191,3.00000,2.00000,3.00000,3.00000,3.00000,3.00000
NDA,NHLattice,VS-WF+All6-192,3.00000,4.00000
NDA,NHLattice,VS-WF+All6-193,2.00000,3.00000,3.00000,2.00000,2.00000,2.00000
NDA,NHLattice,VS-WF+All6-194,3.00000,2.00000,3.00000,3.00000,3.00000,3.00000
NDA,NHLattice,VS-WF+All6-195,4.00000,2.00000,3.00000,3.00000,4.00000,3.00000
NDA,NHLattice,VS-WF+All6-196,2.00000,3.00000,3.00000,2.00000,2.00000,2.00000
NDA,NHLattice,VS-WF+All6-197,3.00000,5.00000
NDA,NHLattice,VS-WF+All6-198,2.00000,3.00000,3.00000,2.00000,2.00000,2.00000
NDA,NHLattice,VS-WF+All6-199,2.00000,3.00000,2.00000,3.00000,2.00000,2.00000
NDA,NHLattice,VS-WF+All6-2,2.00000,5.00000
NDA,NHLattice,VS-WF+All6-20,2.00000,5.00000
NDA,NHLattice,VS-WF+All6-200,3.00000,2.00000,3.00000,3.00000,3.00000,3.00000
NDA,NHLattice,VS-WF+All6-201,4.00000,2.00000,3.00000,3.00000,3.00000,4.00000
NDA,NHLattice,VS-WF+All6-202,3.00000,4.00000
NDA,NHLattice,VS-WF+All6-203,3.00000,2.00000,3.00000,3.00000,3.00000,3.00000
NDA,NHLattice,VS-WF+All6-204,2.00000,2.00000,2.00000,4.00000,2.00000,2.00000
NDA,NHLattice,VS-WF+All6-205,2.00000,2.00000,4.00000,2.00000,2.00000,2.00000
NDA,NHLattice,VS-WF+All6-206,2.00000,2.00000,4.00000,2.00000,2.00000,2.00000
NDA,NHLattice,VS-WF+All6-207,3.00000,5.00000
NDA,NHLattice,VS-WF+All6-208,3.00000,2.00000,3.00000,3.00000,3.00000,3.00000
NDA,NHLattice,VS-WF+All6-209,4.00000,2.00000,3.00000,4.00000,4.00000,4.00000
NDA,NHLattice,VS-WF+All6-21,2.00000,5.00000
NDA,NHLattice,VS-WF+All6-210,3.00000,2.00000,4.00000,3.00000,3.00000,4.00000
NDA,NHLattice,VS-WF+All6-211,2.00000,2.00000,4.00000,2.00000,2.00000,2.00000
NDA,NHLattice,VS-WF+All6-212,2.00000,2.00000,4.00000,2.00000,2.00000,2.00000
NDA,NHLattice,VS-WF+All6-213,2.00000,3.00000,4.00000,2.00000,2.00000,2.00000
NDA,NHLattice,VS-WF+All6-214,2.00000,3.00000,4.00000,2.00000,2.00000,2.00000
NDA,NHLattice,VS-WF+All6-215,4.00000,2.00000,4.00000,3.00000,4.00000,4.00000
NDA,NHLattice,VS-WF+All6-216,2.00000,2.00000,4.00000,2.00000,2.00000,2.00000
NDA,NHLattice,VS-WF+All6-217,2.00000,2.00000,4.00000,2.00000,2.00000,2.00000
NDA,NHLattice,VS-WF+All6-218,4.00000,2.00000,3.00000,3.00000,4.00000,3.00000
NDA,NHLattice,VS-WF+All6-219,4.00000,3.00000
NDA,NHLattice,VS-WF+All6-22,2.00000,2.00000,4.00000,2.00000,2.00000,2.00000
NDA,NHLattice,VS-WF+All6-220,3.00000,5.00000
NDA,NHLattice,VS-WF+All6-221,2.00000,2.00000,2.00000,4.00000,2.00000,2.00000
NDA,NHLattice,VS-WF+All6-222,2.00000,2.00000,4.00000,2.00000,2.00000,2.00000
NDA,NHLattice,VS-WF+All6-223,2.00000,2.00000,2.00000,4.00000,2.00000,2.00000
NDA,NHLattice,VS-WF+All6-224,2.00000,2.00000,4.00000,2.00000,2.00000,2.00000
NDA,NHLattice,VS-WF+All6-225,3.00000,2.00000,3.00000,3.00000,3.00000,3.00000
NDA,NHLattice,VS-WF+All6-226,4.00000,4.00000
NDA,NHLattice,VS-WF+All6-227,3.00000,5.00000
NDA,NHLattice,VS-WF+All6-228,2.00000,3.00000,4.00000,2.00000,2.00000,2.00000
NDA,NHLattice,VS-WF+All6-229,4.00000,4.00000
NDA,NHLattice,VS-WF+All6-23,2.00000,2.00000,2.00000,4.00000,2.00000,2.00000
NDA,NHLattice,VS-WF+All6-230,2.00000,2.00000,4.00000,2.00000,2.00000,2.00000
NDA,NHLattice,VS-WF+All6-231,4.00000,4.00000
NDA,NHLattice,VS-WF+All6-232,2.00000,4.00000,2.00000,2.00000,2.00000,2.00000
NDA,NHLattice,VS-WF+All6-233,2.00000,3.00000,4.00000,2.00000,2.00000,2.00000
NDA,NHLattice,VS-WF+All6-234,2.00000,2.00000,4.00000,2.00000,2.00000,2.00000
NDA,NHLattice,VS-WF+All6-235,3.00000,5.00000
NDA,NHLattice,VS-WF+All6-236,3.00000,5.00000
NDA,NHLattice,VS-WF+All6-237,4.00000,2.00000,3.00000,3.00000,4.00000,3.00000
NDA,NHLattice,VS-WF+All6-238,4.00000,3.00000
NDA,NHLattice,VS-WF+All6-239,3.00000,2.00000,3.00000,3.00000,3.00000,3.00000
NDA,NHLattice,VS-WF+All6-24,2.00000,2.00000,4.00000,2.00000,2.00000,2.00000
NDA,NHLattice,VS-WF+All6-240,2.00000,2.00000,2.00000,4.00000,2.00000,2.00000
NDA,NHLattice,VS-WF+All6-241,4.00000,4.00000
NDA,NHLattice,VS-WF+All6-242,2.00000,5.00000
NDA,NHLattice,VS-WF+All6-243,2.00000,5.00000
NDA,NHLattice,VS-WF+All6-244,2.00000,2.00000,4.00000,2.00000,2.00000,2.00000
NDA,NHLattice,VS-WF+All6-245,4.00000,4.00000
NDA,NHLattice,VS-WF+All6-246,2.00000,5.00000
NDA,NHLattice,VS-WF+All6-247,3.00000,4.00000
NDA,NHLattice,VS-WF+All6-248,2.00000,3.00000,4.00000,2.00000,2.00000,2.00000
NDA,NHLattice,VS-WF+All6-249,4.00000,4.00000
NDA,NHLattice,VS-WF+All6-25,2.00000,2.00000,2.00000,4.00000,2.00000,2.00000
NDA,NHLattice,VS-WF+All6-250,2.00000,2.00000,4.00000,2.00000,2.00000,2.00000
NDA,NHLattice,VS-WF+All6-251,3.00000,5.00000
NDA,NHLattice,VS-WF+All6-252,3.00000,5.00000
NDA,NHLattice,VS-WF+All6-253,3.00000,5.00000
NDA,NHLattice,VS-WF+All6-254,2.00000,3.00000,4.00000,2.00000,2.00000,2.00000
NDA,NHLattice,VS-WF+All6-255,3.00000,5.00000
NDA,NHLattice,VS-WF+All6-256,3.00000,5.00000
NDA,NHLattice,VS-WF+All6-257,3.00000,5.00000
NDA,NHLattice,VS-WF+All6-258,3.00000,5.00000
NDA,NHLattice,VS-WF+All6-259,2.00000,3.00000,2.00000,4.00000,2.00000,2.00000
NDA,NHLattice,VS-WF+All6-26,5.00000,3.00000
NDA,NHLattice,VS-WF+All6-260,2.00000,3.00000,4.00000,2.00000,2.00000,2.00000
NDA,NHLattice,VS-WF+All6-261,2.00000,2.00000,2.00000,4.00000,2.00000,2.00000
NDA,NHLattice,VS-WF+All6-262,2.00000,2.00000,4.00000,2.00000,2.00000,2.00000
NDA,NHLattice,VS-WF+All6-263,4.00000,2.00000,3.00000,3.00000,4.00000,3.00000
NDA,NHLattice,VS-WF+All6-264,4.00000,3.00000
NDA,NHLattice,VS-WF+All6-265,2.00000,2.00000,4.00000,2.00000,2.00000,2.00000
NDA,NHLattice,VS-WF+All6-266,5.00000,2.00000
NDA,NHLattice,VS-WF+All6-267,2.00000,2.00000,4.00000,2.00000,2.00000,2.00000
NDA,NHLattice,VS-WF+All6-268,2.00000,3.00000,4.00000,2.00000,2.00000,2.00000
NDA,NHLattice,VS-WF+All6-269,2.00000,3.00000,4.00000,2.00000,2.00000,2.00000
NDA,NHLattice,VS-WF+All6-27,2.00000,2.00000,4.00000,2.00000,2.00000,2.00000
NDA,NHLattice,VS-WF+All6-270,3.00000,2.00000,3.00000,3.00000,3.00000,3.00000
NDA,NHLattice,VS-WF+All6-271,4.00000,4.00000
NDA,NHLattice,VS-WF+All6-272,4.00000,4.00000
NDA,NHLattice,VS-WF+All6-273,4.00000,4.00000
NDA,NHLattice,VS-WF+All6-274,4.00000,3.00000
NDA,NHLattice,VS-WF+All6-275,2.00000,4.00000,2.00000,2.00000,2.00000,2.00000
NDA,NHLattice,VS-WF+All6-276,2.00000,2.00000,4.00000,2.00000,2.00000,2.00000
NDA,NHLattice,VS-WF+All6-277,4.00000,4.00000
NDA,NHLattice,VS-WF+All6-278,4.00000,3.00000
NDA,NHLattice,VS-WF+All6-279,3.00000,4.00000
NDA,NHLattice,VS-WF+All6-28,2.00000,2.00000,4.00000,2.00000,2.00000,2.00000
NDA,NHLattice,VS-WF+All6-280,3.00000,5.00000
NDA,NHLattice,VS-WF+All6-281,3.00000,5.00000
NDA,NHLattice,VS-WF+All6-282,2.00000,3.00000,3.00000,2.00000,2.00000,2.00000
NDA,NHLattice,VS-WF+All6-283,3.00000,4.00000
NDA,NHLattice,VS-WF+All6-284,3.00000,4.00000
NDA,NHLattice,VS-WF+All6-285,3.00000,4.00000
NDA,NHLattice,VS-WF+All6-286,3.00000,5.00000
NDA,NHLattice,VS-WF+All6-287,4.00000,4.00000
NDA,NHLattice,VS-WF+All6-288,2.00000,3.00000,3.00000,2.00000,2.00000,2.00000
NDA,NHLattice,VS-WF+All6-289,2.00000,3.00000,2.00000,3.00000,2.00000,2.00000
NDA,NHLattice,VS-WF+All6-29,3.00000,4.00000
NDA,NHLattice,VS-WF+All6-290,2.00000,5.00000
NDA,NHLattice,VS-WF+All6-291,3.00000,4.00000
NDA,NHLattice,VS-WF+All6-292,2.00000,2.00000,4.00000,2.00000,2.00000,2.00000
NDA,NHLattice,VS-WF+All6-293,2.00000,2.00000,2.00000,4.00000,2.00000,2.00000
NDA,NHLattice,VS-WF+All6-294,2.00000,5.00000
NDA,NHLattice,VS-WF+All6-295,2.00000,5.00000
NDA,NHLattice,VS-WF+All6-296,3.00000,4.00000
NDA,NHLattice,VS-WF+All6-297,2.00000,2.00000,4.00000,2.00000,2.00000,2.00000
NDA,NHLattice,VS-WF+All6-298,2.00000,2.00000,4.00000,2.00000,2.00000,2.00000
NDA,NHLattice,VS-WF+All6-299,2.00000,3.00000,3.00000,2.00000,2.00000,2.00000
NDA,NHLattice,VS-WF+All6-3,2.00000,5.00000
NDA,NHLattice,VS-WF+All6-30,3.00000,4.00000
NDA,NHLattice,VS-WF+All6-300,2.00000,2.00000,4.00000,2.00000,2.00000,2.00000
NDA,NHLattice,VS-WF+All6-301,2.00000,3.00000,4.00000,2.00000,2.00000,2.00000
NDA,NHLattice,VS-WF+All6-302,2.00000,3.00000,4.00000,2.00000,2.00000,2.00000
NDA,NHLattice,VS-WF+All6-303,3.00000,2.00000,3.00000,3.00000,3.00000,3.00000
NDA,NHLattice,VS-WF+All6-304,2.00000,2.00000,2.00000,4.00000,2.00000,2.00000
NDA,NHLattice,VS-WF+All6-305,2.00000,3.00000,3.00000,2.00000,2.00000,2.00000
NDA,NHLattice,VS-WF+All6-306,2.00000,3.00000,2.00000,3.00000,2.00000,2.00000
NDA,NHLattice,VS-WF+All6-307,2.00000,2.00000,4.00000,2.00000,2.00000,2.00000
NDA,NHLattice,VS-WF+All6-308,2.00000,2.00000,4.00000,2.00000,2.00000,2.00000
NDA,NHLattice,VS-WF+All6-309,4.00000,2.00000,3.00000,3.00000,4.00000,3.00000
NDA,NHLattice,VS-WF+All6-31,3.00000,4.00000
NDA,NHLattice,VS-WF+All6-310,3.00000,3.00000,2.00000,3.00000,3.00000,3.00000
NDA,NHLattice,VS-WF+All6-311,2.00000,3.00000,3.00000,2.00000,2.00000,2.00000
NDA,NHLattice,VS-WF+All6-312,2.00000,3.00000,3.00000,2.00000,2.00000,2.00000
NDA,NHLattice,VS-WF+All6-313,2.00000,2.00000,4.00000,2.00000,2.00000,2.00000
NDA,NHLattice,VS-WF+All6-314,5.00000,4.00000
NDA,NHLattice,VS-WF+All6-315,2.00000,3.00000,4.00000,2.00000,2.00000,2.00000
NDA,NHLattice,VS-WF+All6-316,4.00000,2.00000,3.00000,4.00000,4.00000,4.00000
NDA,NHLattice,VS-WF+All6-317,3.00000,5.00000
NDA,NHLattice,VS-WF+All6-318,3.00000,2.00000,4.00000,3.00000,3.00000,4.00000
NDA,NHLattice,VS-WF+All6-319,3.00000,5.00000
NDA,NHLattice,VS-WF+All6-32,2.00000,2.00000,2.00000,4.00000,2.00000,2.00000
NDA,NHLattice,VS-WF+All6-320,2.00000,3.00000,3.00000,2.00000,2.00000,2.00000
NDA,NHLattice,VS-WF+All6-321,3.00000,2.00000,3.00000,3.00000,3.00000,3.00000
NDA,NHLattice,VS-WF+All6-322,4.00000,2.00000,3.00000,3.00000,3.00000,4.00000
NDA,NHLattice,VS-WF+All6-323,2.00000,3.00000,3.00000,2.00000,2.00000,2.00000
NDA,NHLattice,VS-WF+All6-324,3.00000,2.00000,3.00000,3.00000,3.00000,3.00000
NDA,NHLattice,VS-WF+All6-325,3.00000,5.00000
NDA,NHLattice,VS-WF+All6-326,2.00000,2.00000,4.00000,2.00000,2.00000,2.00000
NDA,NHLattice,VS-WF+All6-327,2.00000,2.00000,4.00000,2.00000,2.00000,2.00000
NDA,NHLattice,VS-WF+All6-328,2.00000,2.00000,4.00000,2.00000,2.00000,2.00000
NDA,NHLattice,VS-WF+All6-329,2.00000,5.00000
NDA,NHLattice,VS-WF+All6-33,2.00000,2.00000,4.00000,2.00000,2.00000,2.00000
NDA,NHLattice,VS-WF+All6-330,2.00000,2.00000,4.00000,2.00000,2.00000,2.00000
NDA,NHLattice,VS-WF+All6-331,2.00000,5.00000
NDA,NHLattice,VS-WF+All6-332,4.00000,3.00000
NDA,NHLattice,VS-WF+All6-333,2.00000,5.00000
NDA,NHLattice,VS-WF+All6-334,2.00000,4.00000,3.00000,2.00000,2.00000,2.00000
NDA,NHLattice,VS-WF+All6-335,3.00000,2.00000,3.00000,3.00000,3.00000,3.00000
NDA,NHLattice,VS-WF+All6-336,3.00000,5.00000
NDA,NHLattice,VS-WF+All6-337,2.00000,4.00000,2.00000,3.00000,2.00000,2.00000
NDA,NHLattice,VS-WF+All6-338,6.00000,2.00000
NDA,NHLattice,VS-WF+All6-339,2.00000,3.00000,2.00000,3.00000,2.00000,2.00000
NDA,NHLattice,VS-WF+All6-34,2.00000,5.00000
NDA,NHLattice,VS-WF+All6-340,2.00000,2.00000,2.00000,4.00000,2.00000,2.00000
NDA,NHLattice,VS-WF+All6-341,2.00000,5.00000
NDA,NHLattice,VS-WF+All6-342,2.00000,2.00000,2.00000,4.00000,2.00000,2.00000
NDA,NHLattice,VS-WF+All6-343,3.00000,5.00000
NDA,NHLattice,VS-WF+All6-344,3.00000,5.00000
NDA,NHLattice,VS-WF+All6-345,3.00000,3.00000,2.00000,3.00000,3.00000,3.00000
NDA,NHLattice,VS-WF+All6-346,3.00000,5.00000
NDA,NHLattice,VS-WF+All6-347,3.00000,5.00000
NDA,NHLattice,VS-WF+All6-348,3.00000,4.00000
NDA,NHLattice,VS-WF+All6-349,3.00000,5.00000
NDA,NHLattice,VS-WF+All6-35,2.00000,3.00000,3.00000,2.00000,2.00000,2.00000
NDA,NHLattice,VS-WF+All6-350,2.00000,3.00000,2.00000,3.00000,2.00000,2.00000
NDA,NHLattice,VS-WF+All6-351,4.00000,3.00000
NDA,NHLattice,VS-WF+All6-352,2.00000,3.00000,3.00000,2.00000,2.00000,2.00000
NDA,NHLattice,VS-WF+All6-353,2.00000,2.00000,4.00000,2.00000,2.00000,2.00000
NDA,NHLattice,VS-WF+All6-354,2.00000,3.00000,4.00000,2.00000,2.00000,2.00000
NDA,NHLattice,VS-WF+All6-355,2.00000,3.00000,4.00000,2.00000,2.00000,2.00000
NDA,NHLattice,VS-WF+All6-356,3.00000,5.00000
NDA,NHLattice,VS-WF+All6-357,2.00000,2.00000,2.00000,4.00000,2.00000,2.00000
NDA,NHLattice,VS-WF+All6-358,2.00000,3.00000,2.00000,3.00000,2.00000,2.00000
NDA,NHLattice,VS-WF+All6-359,2.00000,3.00000,3.00000,2.00000,2.00000,2.00000
NDA,NHLattice,VS-WF+All6-36,2.00000,5.00000
NDA,NHLattice,VS-WF+All6-360,2.00000,3.00000,4.00000,2.00000,2.00000,2.00000
NDA,NHLattice,VS-WF+All6-361,4.00000,4.00000
NDA,NHLattice,VS-WF+All6-362,2.00000,3.00000,2.00000,4.00000,2.00000,2.00000
NDA,NHLattice,VS-WF+All6-363,2.00000,2.00000,4.00000,2.00000,2.00000,2.00000
NDA,NHLattice,VS-WF+All6-364,4.00000,4.00000
NDA,NHLattice,VS-WF+All6-365,2.00000,3.00000,4.00000,2.00000,2.00000,2.00000
NDA,NHLattice,VS-WF+All6-366,4.00000,4.00000
NDA,NHLattice,VS-WF+All6-367,2.00000,3.00000,2.00000,4.00000,2.00000,2.00000
NDA,NHLattice,VS-WF+All6-368,2.00000,2.00000,4.00000,2.00000,2.00000,2.00000
NDA,NHLattice,VS-WF+All6-369,2.00000,2.00000,2.00000,4.00000,2.00000,2.00000
NDA,NHLattice,VS-WF+All6-37,2.00000,5.00000
NDA,NHLattice,VS-WF+All6-370,2.00000,2.00000,2.00000,4.00000,2.00000,2.00000
NDA,NHLattice,VS-WF+All6-371,2.00000,4.00000,2.00000,2.00000,2.00000,2.00000
NDA,NHLattice,VS-WF+All6-372,4.00000,3.00000
NDA,NHLattice,VS-WF+All6-373,2.00000,2.00000,2.00000,4.00000,2.00000,2.00000
NDA,NHLattice,VS-WF+All6-374,2.00000,5.00000
NDA,NHLattice,VS-WF+All6-375,2.00000,3.00000,3.00000,2.00000,2.00000,2.00000
NDA,NHLattice,VS-WF+All6-376,2.00000,5.00000
NDA,NHLattice,VS-WF+All6-377,2.00000,2.00000,2.00000,4.00000,2.00000,2.00000
NDA,NHLattice,VS-WF+All6-378,2.00000,2.00000,4.00000,2.00000,2.00000,2.00000
NDA,NHLattice,VS-WF+All6-379,2.00000,3.00000,3.00000,2.00000,2.00000,2.00000
NDA,NHLattice,VS-WF+All6-38,2.00000,3.00000,3.00000,2.00000,2.00000,2.00000
NDA,NHLattice,VS-WF+All6-380,5.00000,2.00000
NDA,NHLattice,VS-WF+All6-381,2.00000,2.00000,4.00000,2.00000,2.00000,2.00000
NDA,NHLattice,VS-WF+All6-382,2.00000,2.00000,2.00000,4.00000,2.00000,2.00000
NDA,NHLattice,VS-WF+All6-383,2.00000,2.00000,4.00000,2.00000,2.00000,2.00000
NDA,NHLattice,VS-WF+All6-384,2.00000,2.00000,4.00000,2.00000,2.00000,2.00000
NDA,NHLattice,VS-WF+All6-385,2.00000,2.00000,4.00000,2.00000,2.00000,2.00000
NDA,NHLattice,VS-WF+All6-386,2.00000,2.00000,4.00000,2.00000,2.00000,2.00000
NDA,NHLattice,VS-WF+All6-387,4.00000,2.00000,4.00000,3.00000,4.00000,4.00000
NDA,NHLattice,VS-WF+All6-388,2.00000,2.00000,4.00000,2.00000,2.00000,2.00000
NDA,NHLattice,VS-WF+All6-389,2.00000,2.00000,2.00000,4.00000,2.00000,2.00000
NDA,NHLattice,VS-WF+All6-39,2.00000,2.00000,2.00000,4.00000,2.00000,2.00000
NDA,NHLattice,VS-WF+All6-390,4.00000,4.00000
NDA,NHLattice,VS-WF+All6-391,2.00000,2.00000,4.00000,2.00000,2.00000,2.00000
NDA,NHLattice,VS-WF+All6-392,4.00000,4.00000
NDA,NHLattice,VS-WF+All6-393,5.00000,3.00000
NDA,NHLattice,VS-WF+All6-394,3.00000,4.00000
NDA,NHLattice,VS-WF+All6-395,2.00000,5.00000
NDA,NHLattice,VS-WF+All6-396,2.00000,5.00000
NDA,NHLattice,VS-WF+All6-397,2.00000,2.00000,4.00000,2.00000,2.00000,2.00000
NDA,NHLattice,VS-WF+All6-398,2.00000,2.00000,4.00000,2.00000,2.00000,2.00000
NDA,NHLattice,VS-WF+All6-399,2.00000,2.00000,4.00000,2.00000,2.00000,2.00000
NDA,NHLattice,VS-WF+All6-4,3.00000,4.00000
NDA,NHLattice,VS-WF+All6-40,3.00000,5.00000
NDA,NHLattice,VS-WF+All6-400,2.00000,3.00000,3.00000,2.00000,2.00000,2.00000
NDA,NHLattice,VS-WF+All6-401,2.00000,2.00000,2.00000,4.00000,2.00000,2.00000
NDA,NHLattice,VS-WF+All6-402,2.00000,2.00000,4.00000,2.00000,2.00000,2.00000
NDA,NHLattice,VS-WF+All6-403,2.00000,2.00000,4.00000,2.00000,2.00000,2.00000
NDA,NHLattice,VS-WF+All6-404,2.00000,2.00000,4.00000,2.00000,2.00000,2.00000
NDA,NHLattice,VS-WF+All6-405,2.00000,2.00000,4.00000,2.00000,2.00000,2.00000
NDA,NHLattice,VS-WF+All6-406,3.00000,2.00000,3.00000,4.00000,4.00000,3.00000
NDA,NHLattice,VS-WF+All6-407,2.00000,2.00000,4.00000,2.00000,2.00000,2.00000
NDA,NHLattice,VS-WF+All6-408,2.00000,2.00000,4.00000,2.00000,2.00000,2.00000
NDA,NHLattice,VS-WF+All6-409,4.00000,2.00000,4.00000,3.00000,4.00000,4.00000
NDA,NHLattice,VS-WF+All6-41,3.00000,4.00000
NDA,NHLattice,VS-WF+All6-410,3.00000,2.00000,4.00000,3.00000,3.00000,4.00000
NDA,NHLattice,VS-WF+All6-411,2.00000,2.00000,4.00000,2.00000,2.00000,2.00000
NDA,NHLattice,VS-WF+All6-412,2.00000,2.00000,4.00000,2.00000,2.00000,2.00000
NDA,NHLattice,VS-WF+All6-413,4.00000,2.00000,4.00000,3.00000,4.00000,4.00000
NDA,NHLattice,VS-WF+All6-414,4.00000,2.00000,4.00000,3.00000,4.00000,4.00000
NDA,NHLattice,VS-WF+All6-415,2.00000,4.00000,3.00000,2.00000,2.00000,2.00000
NDA,NHLattice,VS-WF+All6-416,2.00000,3.00000,3.00000,2.00000,2.00000,2.00000
NDA,NHLattice,VS-WF+All6-417,4.00000,5.00000
NDA,NHLattice,VS-WF+All6-418,4.00000,5.00000
NDA,NHLattice,VS-WF+All6-419,4.00000,5.00000
NDA,NHLattice,VS-WF+All6-42,2.00000,2.00000,4.00000,2.00000,2.00000,2.00000
NDA,NHLattice,VS-WF+All6-420,4.00000,4.00000
NDA,NHLattice,VS-WF+All6-421,4.00000,5.00000
NDA,NHLattice,VS-WF+All6-422,2.00000,4.00000,3.00000,2.00000,2.00000,2.00000
NDA,NHLattice,VS-WF+All6-423,3.00000,2.00000,3.00000,3.00000,3.00000,3.00000
NDA,NHLattice,VS-WF+All6-424,4.00000,5.00000
NDA,NHLattice,VS-WF+All6-425,4.00000,5.00000
NDA,NHLattice,VS-WF+All6-426,2.00000,2.00000,4.00000,2.00000,2.00000,2.00000
NDA,NHLattice,VS-WF+All6-427,4.00000,4.00000
NDA,NHLattice,VS-WF+All6-428,2.00000,4.00000,2.00000,3.00000,2.00000,2.00000
NDA,NHLattice,VS-WF+All6-429,5.00000,3.00000
NDA,NHLattice,VS-WF+All6-43,2.00000,5.00000
NDA,NHLattice,VS-WF+All6-430,4.00000,5.00000
NDA,NHLattice,VS-WF+All6-431,4.00000,4.00000
NDA,NHLattice,VS-WF+All6-432,5.00000,4.00000
NDA,NHLattice,VS-WF+All6-433,4.00000,5.00000
NDA,NHLattice,VS-WF+All6-434,2.00000,4.00000,4.00000,2.00000,2.00000,2.00000
NDA,NHLattice,VS-WF+All6-435,4.00000,5.00000
NDA,NHLattice,VS-WF+All6-436,4.00000,5.00000
NDA,NHLattice,VS-WF+All6-437,2.00000,2.00000,4.00000,2.00000,2.00000,2.00000
NDA,NHLattice,VS-WF+All6-438,5.00000,4.00000
NDA,NHLattice,VS-WF+All6-439,4.00000,5.00000
NDA,NHLattice,VS-WF+All6-44,2.00000,2.00000,4.00000,2.00000,2.00000,2.00000
NDA,NHLattice,VS-WF+All6-440,4.00000,5.00000
NDA,NHLattice,VS-WF+All6-441,4.00000,5.00000
NDA,NHLattice,VS-WF+All6-442,3.00000,4.00000
NDA,NHLattice,VS-WF+All6-443,2.00000,4.00000,4.00000,2.00000,2.00000,2.00000
NDA,NHLattice,VS-WF+All6-444,2.00000,3.00000,2.00000,3.00000,2.00000,2.00000
NDA,NHLattice,VS-WF+All6-445,3.00000,5.00000
NDA,NHLattice,VS-WF+All6-446,3.00000,4.00000
NDA,NHLattice,VS-WF+All6-447,4.00000,5.00000
NDA,NHLattice,VS-WF+All6-448,2.00000,4.00000,4.00000,2.00000,2.00000,2.00000
NDA,NHLattice,VS-WF+All6-449,3.00000,2.00000,4.00000,3.00000,3.00000,4.00000
NDA,NHLattice,VS-WF+All6-45,3.00000,5.00000
NDA,NHLattice,VS-WF+All6-450,3.00000,2.00000,3.00000,3.00000,3.00000,3.00000
NDA,NHLattice,VS-WF+All6-451,2.00000,5.00000
NDA,NHLattice,VS-WF+All6-452,2.00000,5.00000
NDA,NHLattice,VS-WF+All6-453,2.00000,2.00000,4.00000,2.00000,2.00000,2.00000
NDA,NHLattice,VS-WF+All6-454,2.00000,2.00000,4.00000,2.00000,2.00000,2.00000
NDA,NHLattice,VS-WF+All6-455,2.00000,2.00000,4.00000,2.00000,2.00000,2.00000
NDA,NHLattice,VS-WF+All6-456,2.00000,2.00000,4.00000,2.00000,2.00000,2.00000
NDA,NHLattice,VS-WF+All6-457,2.00000,2.00000,4.00000,2.00000,2.00000,2.00000
NDA,NHLattice,VS-WF+All6-458,2.00000,2.00000,2.00000,4.00000,2.00000,2.00000
NDA,NHLattice,VS-WF+All6-459,2.00000,2.00000,4.00000,2.00000,2.00000,2.00000
NDA,NHLattice,VS-WF+All6-46,3.00000,5.00000
NDA,NHLattice,VS-WF+All6-460,4.00000,4.00000
NDA,NHLattice,VS-WF+All6-461,2.00000,4.00000,2.00000,2.00000,2.00000,2.00000
NDA,NHLattice,VS-WF+All6-462,5.00000,2.00000
NDA,NHLattice,VS-WF+All6-463,2.00000,2.00000,2.00000,4.00000,2.00000,2.00000
NDA,NHLattice,VS-WF+All6-464,3.00000,2.00000,3.00000,4.00000,4.00000,3.00000
NDA,NHLattice,VS-WF+All6-465,2.00000,5.00000
NDA,NHLattice,VS-WF+All6-466,4.00000,2.00000,3.00000,4.00000,4.00000,4.00000
NDA,NHLattice,VS-WF+All6-467,4.00000,4.00000
NDA,NHLattice,VS-WF+All6-468,3.00000,2.00000,3.00000,4.00000,3.00000,4.00000
NDA,NHLattice,VS-WF+All6-469,3.00000,2.00000,3.00000,3.00000,3.00000,3.00000
NDA,NHLattice,VS-WF+All6-47,5.00000,4.00000
NDA,NHLattice,VS-WF+All6-470,4.00000,5.00000
NDA,NHLattice,VS-WF+All6-471,4.00000,5.00000
NDA,NHLattice,VS-WF+All6-472,5.00000,4.00000
NDA,NHLattice,VS-WF+All6-473,4.00000,5.00000
NDA,NHLattice,VS-WF+All6-474,4.00000,5.00000
NDA,NHLattice,VS-WF+All6-475,4.00000,5.00000
NDA,NHLattice,VS-WF+All6-476,5.00000,4.00000
NDA,NHLattice,VS-WF+All6-477,2.00000,2.00000,4.00000,2.00000,2.00000,2.00000
NDA,NHLattice,VS-WF+All6-478,4.00000,5.00000
NDA,NHLattice,VS-WF+All6-479,2.00000,4.00000,4.00000,2.00000,2.00000,2.00000
NDA,NHLattice,VS-WF+All6-48,3.00000,5.00000
NDA,NHLattice,VS-WF+All6-480,2.00000,4.00000,2.00000,4.00000,2.00000,2.00000
NDA,NHLattice,VS-WF+All6-481,3.00000,2.00000,3.00000,4.00000,3.00000,4.00000
NDA,NHLattice,VS-WF+All6-482,2.00000,4.00000,4.00000,2.00000,2.00000,2.00000
NDA,NHLattice,VS-WF+All6-483,3.00000,2.00000,3.00000,3.00000,3.00000,3.00000
NDA,NHLattice,VS-WF+All6-484,4.00000,2.00000,3.00000,3.00000,4.00000,3.00000
NDA,NHLattice,VS-WF+All6-485,4.00000,5.00000
NDA,NHLattice,VS-WF+All6-486,4.00000,5.00000
NDA,NHLattice,VS-WF+All6-487,3.00000,2.00000,3.00000,3.00000,3.00000,3.00000
NDA,NHLattice,VS-WF+All6-488,4.00000,2.00000,3.00000,3.00000,4.00000,3.00000
NDA,NHLattice,VS-WF+All6-489,5.00000,4.00000
NDA,NHLattice,VS-WF+All6-49,3.00000,5.00000
NDA,NHLattice,VS-WF+All6-490,5.00000,4.00000
NDA,NHLattice,VS-WF+All6-491,5.00000,3.00000
NDA,NHLattice,VS-WF+All6-492,5.00000,4.00000
NDA,NHLattice,VS-WF+All6-493,5.00000,3.00000
NDA,NHLattice,VS-WF+All6-494,5.00000,4.00000
NDA,NHLattice,VS-WF+All6-495,6.00000,2.00000
NDA,NHLattice,VS-WF+All6-496,2.00000,2.00000,4.00000,2.00000,2.00000,2.00000
NDA,NHLattice,VS-WF+All6-497,5.00000,4.00000
NDA,NHLattice,VS-WF+All6-498,5.00000,4.00000
NDA,NHLattice,VS-WF+All6-499,2.00000,2.00000,4.00000,2.00000,2.00000,2.00000
NDA,NHLattice,VS-WF+All6-5,2.00000,2.00000,4.00000,2.00000,2.00000,2.00000
NDA,NHLattice,VS-WF+All6-50,3.00000,5.00000
NDA,NHLattice,VS-WF+All6-500,2.00000,2.00000,2.00000,4.00000,2.00000,2.00000
NDA,NHLattice,VS-WF+All6-501,3.00000,2.00000,4.00000,3.00000,3.00000,4.00000
NDA,NHLattice,VS-WF+All6-502,4.00000,2.00000,3.00000,4.00000,4.00000,4.00000
NDA,NHLattice,VS-WF+All6-503,3.00000,5.00000
NDA,NHLattice,VS-WF+All6-504,2.00000,3.00000,4.00000,2.00000,2.00000,2.00000
NDA,NHLattice,VS-WF+All6-505,2.00000,3.00000,2.00000,4.00000,2.00000,2.00000
NDA,NHLattice,VS-WF+All6-506,2.00000,3.00000,2.00000,4.00000,2.00000,2.00000
NDA,NHLattice,VS-WF+All6-507,2.00000,4.00000,3.00000,2.00000,2.00000,2.00000
NDA,NHLattice,VS-WF+All6-508,2.00000,4.00000,2.00000,2.00000,2.00000,2.00000
NDA,NHLattice,VS-WF+All6-509,2.00000,3.00000,4.00000,2.00000,2.00000,2.00000
NDA,NHLattice,VS-WF+All6-51,3.00000,5.00000
NDA,NHLattice,VS-WF+All6-510,2.00000,4.00000,3.00000,2.00000,2.00000,2.00000
NDA,NHLattice,VS-WF+All6-511,2.00000,3.00000,2.00000,4.00000,2.00000,2.00000
NDA,NHLattice,VS-WF+All6-512,2.00000,3.00000,4.00000,2.00000,2.00000,2.00000
NDA,NHLattice,VS-WF+All6-513,3.00000,5.00000
NDA,NHLattice,VS-WF+All6-514,3.00000,3.00000,3.00000,2.00000,3.00000,3.00000
NDA,NHLattice,VS-WF+All6-515,3.00000,2.00000,3.00000,3.00000,3.00000,3.00000
NDA,NHLattice,VS-WF+All6-516,2.00000,5.00000
NDA,NHLattice,VS-WF+All6-517,2.00000,2.00000,2.00000,4.00000,2.00000,2.00000
NDA,NHLattice,VS-WF+All6-518,2.00000,2.00000,4.00000,2.00000,2.00000,2.00000
NDA,NHLattice,VS-WF+All6-519,2.00000,2.00000,4.00000,2.00000,2.00000,2.00000
NDA,NHLattice,VS-WF+All6-52,2.00000,3.00000,3.00000,2.00000,2.00000,2.00000
NDA,NHLattice,VS-WF+All6-520,2.00000,2.00000,4.00000,2.00000,2.00000,2.00000
NDA,NHLattice,VS-WF+All6-521,3.00000,3.00000,2.00000,3.00000,3.00000,3.00000
NDA,NHLattice,VS-WF+All6-522,2.00000,2.00000,4.00000,2.00000,2.00000,2.00000
NDA,NHLattice,VS-WF+All6-523,2.00000,2.00000,4.00000,2.00000,2.00000,2.00000
NDA,NHLattice,VS-WF+All6-524,2.00000,3.00000,4.00000,2.00000,2.00000,2.00000
NDA,NHLattice,VS-WF+All6-525,2.00000,2.00000,2.00000,4.00000,2.00000,2.00000
NDA,NHLattice,VS-WF+All6-526,2.00000,5.00000
NDA,NHLattice,VS-WF+All6-527,4.00000,4.00000
NDA,NHLattice,VS-WF+All6-528,2.00000,3.00000,2.00000,3.00000,2.00000,2.00000
NDA,NHLattice,VS-WF+All6-529,2.00000,3.00000,3.00000,2.00000,2.00000,2.00000
NDA,NHLattice,VS-WF+All6-53,2.00000,3.00000,4.00000,2.00000,2.00000,2.00000
NDA,NHLattice,VS-WF+All6-530,2.00000,3.00000,4.00000,2.00000,2.00000,2.00000
NDA,NHLattice,VS-WF+All6-531,2.00000,2.00000,4.00000,2.00000,2.00000,2.00000
NDA,NHLattice,VS-WF+All6-532,2.00000,4.00000,3.00000,2.00000,2.00000,2.00000
NDA,NHLattice,VS-WF+All6-533,2.00000,2.00000,4.00000,2.00000,2.00000,2.00000
NDA,NHLattice,VS-WF+All6-534,3.00000,4.00000
NDA,NHLattice,VS-WF+All6-535,3.00000,2.00000,3.00000,3.00000,3.00000,3.00000
NDA,NHLattice,VS-WF+All6-536,3.00000,5.00000
NDA,NHLattice,VS-WF+All6-537,3.00000,5.00000
NDA,NHLattice,VS-WF+All6-538,2.00000,5.00000
NDA,NHLattice,VS-WF+All6-539,4.00000,5.00000
NDA,NHLattice,VS-WF+All6-54,3.00000,5.00000
NDA,NHLattice,VS-WF+All6-540,2.00000,3.00000,2.00000,3.00000,2.00000,2.00000
NDA,NHLattice,VS-WF+All6-541,2.00000,2.00000,4.00000,2.00000,2.00000,2.00000
NDA,NHLattice,VS-WF+All6-542,3.00000,5.00000
NDA,NHLattice,VS-WF+All6-543,3.00000,5.00000
NDA,NHLattice,VS-WF+All6-544,2.00000,5.00000
NDA,NHLattice,VS-WF+All6-545,3.00000,2.00000,3.00000,4.00000,3.00000,4.00000
NDA,NHLattice,VS-WF+All6-546,3.00000,4.00000
NDA,NHLattice,VS-WF+All6-547,2.00000,5.00000
NDA,NHLattice,VS-WF+All6-548,2.00000,5.00000
NDA,NHLattice,VS-WF+All6-549,2.00000,2.00000,4.00000,2.00000,2.00000,2.00000
NDA,NHLattice,VS-WF+All6-55,3.00000,4.00000
NDA,NHLattice,VS-WF+All6-550,2.00000,2.00000,2.00000,4.00000,2.00000,2.00000
NDA,NHLattice,VS-WF+All6-551,2.00000,2.00000,2.00000,4.00000,2.00000,2.00000
NDA,NHLattice,VS-WF+All6-552,3.00000,2.00000,3.00000,3.00000,3.00000,3.00000
NDA,NHLattice,VS-WF+All6-553,2.00000,2.00000,4.00000,2.00000,2.00000,2.00000
NDA,NHLattice,VS-WF+All6-554,2.00000,2.00000,4.00000,2.00000,2.00000,2.00000
NDA,NHLattice,VS-WF+All6-555,2.00000,3.00000,2.00000,3.00000,2.00000,2.00000
NDA,NHLattice,VS-WF+All6-556,2.00000,4.00000,2.00000,3.00000,2.00000,2.00000
NDA,NHLattice,VS-WF+All6-557,4.00000,2.00000,4.00000,3.00000,4.00000,4.00000
NDA,NHLattice,VS-WF+All6-558,4.00000,2.00000,3.00000,3.00000,3.00000,4.00000
NDA,NHLattice,VS-WF+All6-559,2.00000,3.00000,3.00000,2.00000,2.00000,2.00000
NDA,NHLattice,VS-WF+All6-56,3.00000,5.00000
NDA,NHLattice,VS-WF+All6-560,4.00000,2.00000,3.00000,3.00000,4.00000,3.00000
NDA,NHLattice,VS-WF+All6-561,2.00000,3.00000,3.00000,2.00000,2.00000,2.00000
NDA,NHLattice,VS-WF+All6-562,3.00000,4.00000
NDA,NHLattice,VS-WF+All6-563,2.00000,5.00000
NDA,NHLattice,VS-WF+All6-564,3.00000,2.00000,3.00000,3.00000,3.00000,3.00000
NDA,NHLattice,VS-WF+All6-565,2.00000,4.00000,3.00000,2.00000,2.00000,2.00000
NDA,NHLattice,VS-WF+All6-566,5.00000,2.00000
NDA,NHLattice,VS-WF+All6-567,6.00000
NDA,NHLattice,VS-WF+All6-568,3.00000,2.00000,3.00000,4.00000,3.00000,4.00000
NDA,NHLattice,VS-WF+All6-569,4.00000,2.00000,3.00000,4.00000,4.00000,4.00000
NDA,NHLattice,VS-WF+All6-57,4.00000,4.00000
NDA,NHLattice,VS-WF+All6-570,2.00000,3.00000,2.00000,4.00000,2.00000,2.00000
NDA,NHLattice,VS-WF+All6-571,5.00000,3.00000
NDA,NHLattice,VS-WF+All6-572,2.00000,3.00000,2.00000,4.00000,2.00000,2.00000
NDA,NHLattice,VS-WF+All6-573,4.00000,2.00000,3.00000,3.00000,4.00000,3.00000
NDA,NHLattice,VS-WF+All6-574,3.00000,2.00000,3.00000,3.00000,3.00000,3.00000
NDA,NHLattice,VS-WF+All6-575,4.00000,2.00000,3.00000,4.00000,4.00000,4.00000
NDA,NHLattice,VS-WF+All6-576,3.00000,2.00000,3.00000,3.00000,3.00000,3.00000
NDA,NHLattice,VS-WF+All6-577,3.00000,2.00000,3.00000,3.00000,3.00000,3.00000
NDA,NHLattice,VS-WF+All6-578,4.00000,2.00000,4.00000,2.00000,4.00000,4.00000
NDA,NHLattice,VS-WF+All6-579,3.00000,2.00000,3.00000,3.00000,3.00000,3.00000
NDA,NHLattice,VS-WF+All6-58,3.00000,5.00000
NDA,NHLattice,VS-WF+All6-580,2.00000,2.00000,4.00000,2.00000,2.00000,2.00000
NDA,NHLattice,VS-WF+All6-581,2.00000,2.00000,4.00000,2.00000,2.00000,2.00000
NDA,NHLattice,VS-WF+All6-582,3.00000,2.00000,3.00000,3.00000,3.00000,3.00000
NDA,NHLattice,VS-WF+All6-583,3.00000,2.00000,4.00000,3.00000,3.00000,4.00000
NDA,NHLattice,VS-WF+All6-584,2.00000,2.00000,4.00000,2.00000,2.00000,2.00000
NDA,NHLattice,VS-WF+All6-585,3.00000,2.00000,3.00000,4.00000,4.00000,3.00000
NDA,NHLattice,VS-WF+All6-586,4.00000,2.00000,3.00000,3.00000,4.00000,3.00000
NDA,NHLattice,VS-WF+All6-587,4.00000,2.00000,4.00000,3.00000,4.00000,4.00000
NDA,NHLattice,VS-WF+All6-588,3.00000,2.00000,3.00000,4.00000,4.00000,3.00000
NDA,NHLattice,VS-WF+All6-589,3.00000,2.00000,3.00000,3.00000,3.00000,3.00000
NDA,NHLattice,VS-WF+All6-59,3.00000,5.00000
NDA,NHLattice,VS-WF+All6-590,2.00000,2.00000,4.00000,2.00000,2.00000,2.00000
NDA,NHLattice,VS-WF+All6-591,4.00000,2.00000,3.00000,4.00000,4.00000,4.00000
NDA,NHLattice,VS-WF+All6-592,2.00000,2.00000,4.00000,2.00000,2.00000,2.00000
NDA,NHLattice,VS-WF+All6-593,4.00000,5.00000
NDA,NHLattice,VS-WF+All6-594,2.00000,3.00000,2.00000,4.00000,2.00000,2.00000
NDA,NHLattice,VS-WF+All6-595,2.00000,2.00000,2.00000,4.00000,2.00000,2.00000
NDA,NHLattice,VS-WF+All6-596,2.00000,2.00000,4.00000,2.00000,2.00000,2.00000
NDA,NHLattice,VS-WF+All6-597,2.00000,3.00000,4.00000,2.00000,2.00000,2.00000
NDA,NHLattice,VS-WF+All6-598,4.00000,2.00000,3.00000,3.00000,4.00000,3.00000
NDA,NHLattice,VS-WF+All6-599,2.00000,2.00000,4.00000,2.00000,2.00000,2.00000
NDA,NHLattice,VS-WF+All6-6,2.00000,2.00000,4.00000,2.00000,2.00000,2.00000
NDA,NHLattice,VS-WF+All6-60,3.00000,5.00000
NDA,NHLattice,VS-WF+All6-600,2.00000,2.00000,4.00000,2.00000,2.00000,2.00000
NDA,NHLattice,VS-WF+All6-601,2.00000,2.00000,4.00000,2.00000,2.00000,2.00000
NDA,NHLattice,VS-WF+All6-602,2.00000,2.00000,2.00000,4.00000,2.00000,2.00000
NDA,NHLattice,VS-WF+All6-603,3.00000,2.00000,3.00000,3.00000,3.00000,3.00000
NDA,NHLattice,VS-WF+All6-604,3.00000,2.00000,3.00000,3.00000,3.00000,3.00000
NDA,NHLattice,VS-WF+All6-605,2.00000,2.00000,2.00000,4.00000,2.00000,2.00000
NDA,NHLattice,VS-WF+All6-606,4.00000,4.00000
NDA,NHLattice,VS-WF+All6-607,4.00000,5.00000
NDA,NHLattice,VS-WF+All6-608,3.00000,2.00000,3.00000,4.00000,3.00000,4.00000
NDA,NHLattice,VS-WF+All6-609,4.00000,3.00000
NDA,NHLattice,VS-WF+All6-61,2.00000,2.00000,4.00000,2.00000,2.00000,2.00000
NDA,NHLattice,VS-WF+All6-610,2.00000,2.00000,4.00000,2.00000,2.00000,2.00000
NDA,NHLattice,VS-WF+All6-611,2.00000,3.00000,2.00000,4.00000,2.00000,2.00000
NDA,NHLattice,VS-WF+All6-612,3.00000,2.00000,3.00000,3.00000,3.00000,3.00000
NDA,NHLattice,VS-WF+All6-613,4.00000,2.00000,4.00000,3.00000,4.00000,4.00000
NDA,NHLattice,VS-WF+All6-614,4.00000,4.00000
NDA,NHLattice,VS-WF+All6-615,4.00000,2.00000,3.00000,3.00000,4.00000,3.00000
NDA,NHLattice,VS-WF+All6-616,3.00000,2.00000,3.00000,3.00000,3.00000,3.00000
NDA,NHLattice,VS-WF+All6-617,4.00000,2.00000,4.00000,3.00000,4.00000,4.00000
NDA,NHLattice,VS-WF+All6-618,3.00000,2.00000,4.00000,3.00000,3.00000,4.00000
NDA,NHLattice,VS-WF+All6-619,4.00000,4.00000
NDA,NHLattice,VS-WF+All6-62,2.00000,3.00000,2.00000,4.00000,2.00000,2.00000
NDA,NHLattice,VS-WF+All6-620,4.00000,4.00000
NDA,NHLattice,VS-WF+All6-621,2.00000,4.00000,2.00000,4.00000,2.00000,2.00000
NDA,NHLattice,VS-WF+All6-622,2.00000,4.00000,3.00000,2.00000,2.00000,2.00000
NDA,NHLattice,VS-WF+All6-623,5.00000,3.00000
NDA,NHLattice,VS-WF+All6-624,4.00000,5.00000
NDA,NHLattice,VS-WF+All6-625,4.00000,5.00000
NDA,NHLattice,VS-WF+All6-626,4.00000,5.00000
NDA,NHLattice,VS-WF+All6-627,5.00000,4.00000
NDA,NHLattice,VS-WF+All6-628,4.00000,5.00000
NDA,NHLattice,VS-WF+All6-629,4.00000,5.00000
NDA,NHLattice,VS-WF+All6-63,3.00000,5.00000
NDA,NHLattice,VS-WF+All6-630,2.00000,4.00000,4.00000,2.00000,2.00000,2.00000
NDA,NHLattice,VS-WF+All6-631,4.00000,5.00000
NDA,NHLattice,VS-WF+All6-632,6.00000,4.00000
NDA,NHLattice,VS-WF+All6-633,4.00000,5.00000
NDA,NHLattice,VS-WF+All6-634,4.00000,5.00000
NDA,NHLattice,VS-WF+All6-635,3.00000,2.00000,3.00000,3.00000,3.00000,3.00000
NDA,NHLattice,VS-WF+All6-636,2.00000,4.00000,4.00000,2.00000,2.00000,2.00000
NDA,NHLattice,VS-WF+All6-637,4.00000,2.00000,3.00000,3.00000,4.00000,3.00000
NDA,NHLattice,VS-WF+All6-638,4.00000,2.00000,3.00000,3.00000,3.00000,4.00000
NDA,NHLattice,VS-WF+All6-639,4.00000,2.00000,4.00000,3.00000,4.00000,4.00000
NDA,NHLattice,VS-WF+All6-64,3.00000,5.00000
NDA,NHLattice,VS-WF+All6-640,3.00000,2.00000,3.00000,3.00000,3.00000,3.00000
NDA,NHLattice,VS-WF+All6-641,4.00000,2.00000,3.00000,3.00000,4.00000,3.00000
NDA,NHLattice,VS-WF+All6-642,2.00000,3.00000,4.00000,2.00000,2.00000,2.00000
NDA,NHLattice,VS-WF+All6-643,2.00000,3.00000,2.00000,4.00000,2.00000,2.00000
NDA,NHLattice,VS-WF+All6-644,4.00000,2.00000,4.00000,2.00000,4.00000,4.00000
NDA,NHLattice,VS-WF+All6-645,2.00000,2.00000,4.00000,2.00000,2.00000,2.00000
NDA,NHLattice,VS-WF+All6-646,2.00000,2.00000,4.00000,2.00000,2.00000,2.00000
NDA,NHLattice,VS-WF+All6-647,3.00000,5.00000
NDA,NHLattice,VS-WF+All6-648,2.00000,3.00000,2.00000,4.00000,2.00000,2.00000
NDA,NHLattice,VS-WF+All6-649,2.00000,3.00000,2.00000,4.00000,2.00000,2.00000
NDA,NHLattice,VS-WF+All6-65,3.00000,5.00000
NDA,NHLattice,VS-WF+All6-650,2.00000,2.00000,2.00000,4.00000,2.00000,2.00000
NDA,NHLattice,VS-WF+All6-651,2.00000,2.00000,4.00000,2.00000,2.00000,2.00000
NDA,NHLattice,VS-WF+All6-652,2.00000,2.00000,4.00000,2.00000,2.00000,2.00000
NDA,NHLattice,VS-WF+All6-653,4.00000,2.00000,3.00000,4.00000,4.00000,4.00000
NDA,NHLattice,VS-WF+All6-654,3.00000,2.00000,3.00000,3.00000,3.00000,3.00000
NDA,NHLattice,VS-WF+All6-655,3.00000,5.00000
NDA,NHLattice,VS-WF+All6-656,2.00000,2.00000,4.00000,2.00000,2.00000,2.00000
NDA,NHLattice,VS-WF+All6-657,2.00000,2.00000,2.00000,4.00000,2.00000,2.00000
NDA,NHLattice,VS-WF+All6-658,3.00000,2.00000,3.00000,4.00000,3.00000,4.00000
NDA,NHLattice,VS-WF+All6-659,4.00000,2.00000,4.00000,3.00000,4.00000,4.00000
NDA,NHLattice,VS-WF+All6-66,2.00000,3.00000,4.00000,2.00000,2.00000,2.00000
NDA,NHLattice,VS-WF+All6-660,3.00000,2.00000,3.00000,4.00000,3.00000,4.00000
NDA,NHLattice,VS-WF+All6-661,2.00000,3.00000,4.00000,2.00000,2.00000,2.00000
NDA,NHLattice,VS-WF+All6-662,2.00000,2.00000,2.00000,4.00000,2.00000,2.00000
NDA,NHLattice,VS-WF+All6-663,2.00000,2.00000,4.00000,2.00000,2.00000,2.00000
NDA,NHLattice,VS-WF+All6-664,3.00000,2.00000,3.00000,3.00000,3.00000,3.00000
NDA,NHLattice,VS-WF+All6-665,3.00000,3.00000,2.00000,3.00000,3.00000,3.00000
NDA,NHLattice,VS-WF+All6-666,2.00000,2.00000,4.00000,2.00000,2.00000,2.00000
NDA,NHLattice,VS-WF+All6-667,2.00000,4.00000,3.00000,2.00000,2.00000,2.00000
NDA,NHLattice,VS-WF+All6-668,2.00000,2.00000,4.00000,2.00000,2.00000,2.00000
NDA,NHLattice,VS-WF+All6-669,4.00000,2.00000,4.00000,3.00000,4.00000,4.00000
NDA,NHLattice,VS-WF+All6-67,2.00000,2.00000,2.00000,4.00000,2.00000,2.00000
NDA,NHLattice,VS-WF+All6-670,3.00000,2.00000,3.00000,4.00000,3.00000,4.00000
NDA,NHLattice,VS-WF+All6-671,4.00000,2.00000,3.00000,4.00000,4.00000,4.00000
NDA,NHLattice,VS-WF+All6-672,2.00000,3.00000,4.00000,2.00000,2.00000,2.00000
NDA,NHLattice,VS-WF+All6-673,3.00000,5.00000
NDA,NHLattice,VS-WF+All6-674,2.00000,3.00000,4.00000,2.00000,2.00000,2.00000
NDA,NHLattice,VS-WF+All6-675,3.00000,5.00000
NDA,NHLattice,VS-WF+All6-676,2.00000,3.00000,2.00000,4.00000,2.00000,2.00000
NDA,NHLattice,VS-WF+All6-677,3.00000,4.00000
NDA,NHLattice,VS-WF+All6-678,2.00000,2.00000,4.00000,2.00000,2.00000,2.00000
NDA,NHLattice,VS-WF+All6-679,2.00000,2.00000,2.00000,4.00000,2.00000,2.00000
NDA,NHLattice,VS-WF+All6-68,2.00000,3.00000,2.00000,4.00000,2.00000,2.00000
NDA,NHLattice,VS-WF+All6-680,2.00000,3.00000,2.00000,4.00000,2.00000,2.00000
NDA,NHLattice,VS-WF+All6-681,2.00000,2.00000,2.00000,4.00000,2.00000,2.00000
NDA,NHLattice,VS-WF+All6-682,2.00000,2.00000,4.00000,2.00000,2.00000,2.00000
NDA,NHLattice,VS-WF+All6-683,2.00000,2.00000,4.00000,2.00000,2.00000,2.00000
NDA,NHLattice,VS-WF+All6-684,2.00000,2.00000,4.00000,2.00000,2.00000,2.00000
NDA,NHLattice,VS-WF+All6-685,3.00000,2.00000,3.00000,3.00000,3.00000,3.00000
NDA,NHLattice,VS-WF+All6-686,4.00000,2.00000,4.00000,2.00000,4.00000,4.00000
NDA,NHLattice,VS-WF+All6-687,2.00000,3.00000,3.00000,2.00000,2.00000,2.00000
NDA,NHLattice,VS-WF+All6-688,2.00000,2.00000,4.00000,2.00000,2.00000,2.00000
NDA,NHLattice,VS-WF+All6-689,3.00000,2.00000,3.00000,4.00000,3.00000,4.00000
NDA,NHLattice,VS-WF+All6-69,3.00000,5.00000
NDA,NHLattice,VS-WF+All6-690,2.00000,2.00000,4.00000,2.00000,2.00000,2.00000
NDA,NHLattice,VS-WF+All6-691,3.00000,5.00000
NDA,NHLattice,VS-WF+All6-692,2.00000,3.00000,4.00000,2.00000,2.00000,2.00000
NDA,NHLattice,VS-WF+All6-693,3.00000,2.00000,3.00000,3.00000,3.00000,3.00000
NDA,NHLattice,VS-WF+All6-694,4.00000,2.00000,3.00000,3.00000,3.00000,4.00000
NDA,NHLattice,VS-WF+All6-695,3.00000,2.00000,3.00000,3.00000,3.00000,3.00000
NDA,NHLattice,VS-WF+All6-696,4.00000,5.00000
NDA,NHLattice,VS-WF+All6-697,5.00000,4.00000
NDA,NHLattice,VS-WF+All6-698,2.00000,4.00000,2.00000,4.00000,2.00000,2.00000
NDA,NHLattice,VS-WF+All6-699,2.00000,4.00000,4.00000,2.00000,2.00000,2.00000
NDA,NHLattice,VS-WF+All6-7,4.00000,4.00000
NDA,NHLattice,VS-WF+All6-70,2.00000,5.00000
NDA,NHLattice,VS-WF+All6-700,4.00000,5.00000
NDA,NHLattice,VS-WF+All6-701,4.00000,5.00000
NDA,NHLattice,VS-WF+All6-702,4.00000,5.00000
NDA,NHLattice,VS-WF+All6-703,2.00000,4.00000,4.00000,2.00000,2.00000,2.00000
NDA,NHLattice,VS-WF+All6-704,2.00000,2.00000,4.00000,2.00000,2.00000,2.00000
NDA,NHLattice,VS-WF+All6-705,2.00000,4.00000,3.00000,2.00000,2.00000,2.00000
NDA,NHLattice,VS-WF+All6-706,3.00000,4.00000
NDA,NHLattice,VS-WF+All6-707,2.00000,2.00000,4.00000,2.00000,2.00000,2.00000
NDA,NHLattice,VS-WF+All6-708,4.00000,2.00000,3.00000,3.00000,4.00000,3.00000
NDA,NHLattice,VS-WF+All6-709,3.00000,2.00000,3.00000,3.00000,3.00000,3.00000
NDA,NHLattice,VS-WF+All6-71,2.00000,2.00000,4.00000,2.00000,2.00000,2.00000
NDA,NHLattice,VS-WF+All6-710,4.00000,2.00000,2.00000,4.00000,4.00000,4.00000
NDA,NHLattice,VS-WF+All6-711,2.00000,2.00000,4.00000,2.00000,2.00000,2.00000
NDA,NHLattice,VS-WF+All6-712,2.00000,2.00000,4.00000,2.00000,2.00000,2.00000
NDA,NHLattice,VS-WF+All6-713,2.00000,2.00000,4.00000,2.00000,2.00000,2.00000
NDA,NHLattice,VS-WF+All6-714,4.00000,2.00000,3.00000,3.00000,4.00000,3.00000
NDA,NHLattice,VS-WF+All6-715,4.00000,2.00000,3.00000,4.00000,4.00000,4.00000
NDA,NHLattice,VS-WF+All6-716,3.00000,2.00000,3.00000,3.00000,3.00000,3.00000
NDA,NHLattice,VS-WF+All6-717,3.00000,2.00000,3.00000,4.00000,4.00000,3.00000
NDA,NHLattice,VS-WF+All6-718,3.00000,2.00000,3.00000,3.00000,3.00000,3.00000
NDA,NHLattice,VS-WF+All6-719,2.00000,5.00000
NDA,NHLattice,VS-WF+All6-72,2.00000,2.00000,4.00000,2.00000,2.00000,2.00000
NDA,NHLattice,VS-WF+All6-720,4.00000,5.00000
NDA,NHLattice,VS-WF+All6-721,4.00000,5.00000
NDA,NHLattice,VS-WF+All6-722,3.00000,2.00000,3.00000,3.00000,3.00000,3.00000
NDA,NHLattice,VS-WF+All6-723,4.00000,5.00000
NDA,NHLattice,VS-WF+All6-724,2.00000,4.00000,4.00000,2.00000,2.00000,2.00000
NDA,NHLattice,VS-WF+All6-725,2.00000,4.00000,4.00000,2.00000,2.00000,2.00000
NDA,NHLattice,VS-WF+All6-726,5.00000,4.00000
NDA,NHLattice,VS-WF+All6-727,2.00000,4.00000,4.00000,2.00000,2.00000,2.00000
NDA,NHLattice,VS-WF+All6-728,2.00000,2.00000,4.00000,2.00000,2.00000,2.00000
NDA,NHLattice,VS-WF+All6-729,4.00000,2.00000,3.00000,3.00000,4.00000,3.00000
NDA,NHLattice,VS-WF+All6-73,2.00000,5.00000
NDA,NHLattice,VS-WF+All6-730,3.00000,2.00000,3.00000,3.00000,3.00000,3.00000
NDA,NHLattice,VS-WF+All6-731,2.00000,2.00000,4.00000,2.00000,2.00000,2.00000
NDA,NHLattice,VS-WF+All6-732,2.00000,2.00000,4.00000,2.00000,2.00000,2.00000
NDA,NHLattice,VS-WF+All6-733,5.00000,3.00000
NDA,NHLattice,VS-WF+All6-734,6.00000,2.00000
NDA,NHLattice,VS-WF+All6-735,5.00000,3.00000
NDA,NHLattice,VS-WF+All6-736,4.00000,2.00000,4.00000,2.00000,4.00000,4.00000
NDA,NHLattice,VS-WF+All6-737,2.00000,2.00000,2.00000,4.00000,2.00000,2.00000
NDA,NHLattice,VS-WF+All6-738,2.00000,2.00000,4.00000,2.00000,2.00000,2.00000
NDA,NHLattice,VS-WF+All6-739,2.00000,2.00000,4.00000,2.00000,2.00000,2.00000
NDA,NHLattice,VS-WF+All6-74,2.00000,3.00000,4.00000,2.00000,2.00000,2.00000
NDA,NHLattice,VS-WF+All6-740,3.00000,2.00000,3.00000,3.00000,3.00000,3.00000
NDA,NHLattice,VS-WF+All6-741,2.00000,4.00000,3.00000,2.00000,2.00000,2.00000
NDA,NHLattice,VS-WF+All6-742,6.00000,3.00000
NDA,NHLattice,VS-WF+All6-743,2.00000,4.00000,3.00000,2.00000,2.00000,2.00000
NDA,NHLattice,VS-WF+All6-744,4.00000,4.00000
NDA,NHLattice,VS-WF+All6-745,2.00000,2.00000,4.00000,2.00000,2.00000,2.00000
NDA,NHLattice,VS-WF+All6-746,3.00000,2.00000,3.00000,3.00000,3.00000,3.00000
NDA,NHLattice,VS-WF+All6-75,3.00000,5.00000
NDA,NHLattice,VS-WF+All6-76,2.00000,2.00000,2.00000,4.00000,2.00000,2.00000
NDA,NHLattice,VS-WF+All6-77,2.00000,5.00000
NDA,NHLattice,VS-WF+All6-78,4.00000,2.00000,3.00000,3.00000,4.00000,3.00000
NDA,NHLattice,VS-WF+All6-79,3.00000,2.00000,3.00000,3.00000,3.00000,3.00000
NDA,NHLattice,VS-WF+All6-8,2.00000,2.00000,4.00000,2.00000,2.00000,2.00000
NDA,NHLattice,VS-WF+All6-80,4.00000,4.00000
NDA,NHLattice,VS-WF+All6-81,3.00000,5.00000
NDA,NHLattice,VS-WF+All6-82,2.00000,2.00000,4.00000,2.00000,2.00000,2.00000
NDA,NHLattice,VS-WF+All6-83,2.00000,5.00000
NDA,NHLattice,VS-WF+All6-84,3.00000,5.00000
NDA,NHLattice,VS-WF+All6-85,3.00000,5.00000
NDA,NHLattice,VS-WF+All6-86,3.00000,5.00000
NDA,NHLattice,VS-WF+All6-87,3.00000,5.00000
NDA,NHLattice,VS-WF+All6-88,2.00000,3.00000,4.00000,2.00000,2.00000,2.00000
NDA,NHLattice,VS-WF+All6-89,2.00000,2.00000,4.00000,2.00000,2.00000,2.00000
NDA,NHLattice,VS-WF+All6-9,2.00000,2.00000,4.00000,2.00000,2.00000,2.00000
NDA,NHLattice,VS-WF+All6-90,2.00000,2.00000,4.00000,2.00000,2.00000,2.00000
NDA,NHLattice,VS-WF+All6-91,2.00000,2.00000,4.00000,2.00000,2.00000,2.00000
NDA,NHLattice,VS-WF+All6-92,2.00000,3.00000,4.00000,2.00000,2.00000,2.00000
NDA,NHLattice,VS-WF+All6-93,3.00000,5.00000
NDA,NHLattice,VS-WF+All6-94,3.00000,5.00000
NDA,NHLattice,VS-WF+All6-95,3.00000,4.00000
NDA,NHLattice,VS-WF+All6-96,4.00000,3.00000
NDA,NHLattice,VS-WF+All6-97,2.00000,3.00000,2.00000,3.00000,2.00000,2.00000
NDA,NHLattice,VS-WF+All6-98,3.00000,5.00000
NDA,NHLattice,VS-WF+All6-99,3.00000,4.00000
