NDC,Model,VS-WF+All6-1,0.33334,0.83334
NDC,Model,VS-WF+All6-10,0.33334,0.83334
NDC,Model,VS-WF+All6-100,0.50000,0.33334,0.33334,0.50000,0.33334,0.33334
NDC,Model,VS-WF+All6-101,0.50000,0.83334
NDC,Model,VS-WF+All6-102,0.50000,0.66667
NDC,Model,VS-WF+All6-103,0.50000,0.66667
NDC,Model,VS-WF+All6-104,0.50000,0.83334
NDC,Model,VS-WF+All6-105,0.50000,0.33334,0.33334,0.50000,0.33334,0.33334
NDC,Model,VS-WF+All6-106,0.50000,0.33334,0.33334,0.50000,0.33334,0.33334
NDC,Model,VS-WF+All6-107,0.50000,0.33334,0.33334,0.50000,0.33334,0.33334
NDC,Model,VS-WF+All6-108,0.50000,0.33334,0.33334,0.50000,0.33334,0.33334
NDC,Model,VS-WF+All6-109,0.66667,0.50000
NDC,Model,VS-WF+All6-11,0.33334,0.33334,0.33334,0.66667,0.33334,0.33334
NDC,Model,VS-WF+All6-110,0.50000,0.66667
NDC,Model,VS-WF+All6-111,0.50000,0.66667
NDC,Model,VS-WF+All6-112,0.50000,0.83334
NDC,Model,VS-WF+All6-113,0.50000,0.66667
NDC,Model,VS-WF+All6-114,0.50000,0.33334,0.33334,0.50000,0.33334,0.33334
NDC,Model,VS-WF+All6-115,0.50000,0.66667
NDC,Model,VS-WF+All6-116,0.50000,0.33334,0.33334,0.50000,0.33334,0.33334
NDC,Model,VS-WF+All6-117,0.50000,0.33334,0.33334,0.50000,0.33334,0.33334
NDC,Model,VS-WF+All6-118,0.50000,0.83334
NDC,Model,VS-WF+All6-119,0.50000,0.66667
NDC,Model,VS-WF+All6-12,0.33334,0.83334
NDC,Model,VS-WF+All6-120,0.66667,0.50000
NDC,Model,VS-WF+All6-121,0.33334,0.33334,0.33334,0.66667,0.33334,0.33334
NDC,Model,VS-WF+All6-122,0.50000,0.83334
NDC,Model,VS-WF+All6-123,0.33334,0.33334,0.33334,0.66667,0.33334,0.33334
NDC,Model,VS-WF+All6-124,0.50000,0.33334,0.33334,0.66667,0.33334,0.33334
NDC,Model,VS-WF+All6-125,0.33334,0.33334,0.33334,0.66667,0.33334,0.33334
NDC,Model,VS-WF+All6-126,0.33334,0.33334,0.33334,0.66667,0.33334,0.33334
NDC,Model,VS-WF+All6-127,0.33334,0.83334
NDC,Model,VS-WF+All6-128,0.33334,0.33334,0.33334,0.66667,0.33334,0.33334
NDC,Model,VS-WF+All6-129,0.33334,0.33334,0.33334,0.66667,0.33334,0.33334
NDC,Model,VS-WF+All6-13,0.33334,0.33334,0.33334,0.66667,0.33334,0.33334
NDC,Model,VS-WF+All6-130,0.33334,0.33334,0.33334,0.66667,0.33334,0.33334
NDC,Model,VS-WF+All6-131,0.33334,0.33334,0.33334,0.66667,0.33334,0.33334
NDC,Model,VS-WF+All6-132,0.50000,0.83334
NDC,Model,VS-WF+All6-133,0.33334,0.33334,0.33334,0.66667,0.33334,0.33334
NDC,Model,VS-WF+All6-134,0.50000,0.33334,0.33334,0.50000,0.33334,0.33334
NDC,Model,VS-WF+All6-135,0.33334,0.33334,0.33334,0.66667,0.33334,0.33334
NDC,Model,VS-WF+All6-136,0.50000,0.33334,0.33334,0.50000,0.33334,0.33334
NDC,Model,VS-WF+All6-137,0.50000,0.33334,0.33334,0.50000,0.33334,0.33334
NDC,Model,VS-WF+All6-138,0.66667,0.50000
NDC,Model,VS-WF+All6-139,0.33334,0.33334,0.33334,0.66667,0.33334,0.33334
NDC,Model,VS-WF+All6-14,0.33334,0.33334,0.33334,0.66667,0.33334,0.33334
NDC,Model,VS-WF+All6-140,0.33334,0.83334
NDC,Model,VS-WF+All6-141,0.33334,0.50000,0.66667,0.50000,0.66667,0.50000
NDC,Model,VS-WF+All6-142,0.33334,0.66667,0.50000,0.50000,0.50000,0.66667
NDC,Model,VS-WF+All6-143,0.33334,0.33334,0.33334,0.66667,0.33334,0.33334
NDC,Model,VS-WF+All6-144,0.50000,0.83334
NDC,Model,VS-WF+All6-145,0.33334,0.33334,0.33334,0.66667,0.33334,0.33334
NDC,Model,VS-WF+All6-146,0.50000,0.33334,0.33334,0.50000,0.33334,0.33334
NDC,Model,VS-WF+All6-147,0.33334,0.33334,0.33334,0.66667,0.33334,0.33334
NDC,Model,VS-WF+All6-148,0.33334,0.33334,0.33334,0.66667,0.33334,0.33334
NDC,Model,VS-WF+All6-149,0.50000,0.33334,0.33334,0.50000,0.33334,0.33334
NDC,Model,VS-WF+All6-15,0.33334,0.33334,0.33334,0.66667,0.33334,0.33334
NDC,Model,VS-WF+All6-150,0.66667,0.50000,0.50000,0.33334,0.50000,0.50000
NDC,Model,VS-WF+All6-151,0.50000,0.33334,0.33334,0.50000,0.33334,0.33334
NDC,Model,VS-WF+All6-152,0.33334,0.50000,0.66667,0.50000,0.66667,0.50000
NDC,Model,VS-WF+All6-153,0.33334,0.33334,0.33334,0.66667,0.33334,0.33334
NDC,Model,VS-WF+All6-154,0.33334,0.50000,0.50000,0.50000,0.50000,0.50000
NDC,Model,VS-WF+All6-155,0.33334,0.66667,0.66667,0.50000,0.66667,0.66667
NDC,Model,VS-WF+All6-156,0.33334,0.50000,0.66667,0.50000,0.66667,0.50000
NDC,Model,VS-WF+All6-157,0.33334,0.66667,0.50000,0.50000,0.50000,0.66667
NDC,Model,VS-WF+All6-158,0.83334,0.33334,0.33334,0.33334,0.33334,0.33334
NDC,Model,VS-WF+All6-159,0.66667,0.33334,0.33334,0.50000,0.33334,0.33334
NDC,Model,VS-WF+All6-16,0.33334,0.33334,0.33334,0.66667,0.33334,0.33334
NDC,Model,VS-WF+All6-160,0.66667,0.33334,0.33334,0.66667,0.33334,0.33334
NDC,Model,VS-WF+All6-161,0.33334,0.66667,0.66667,0.50000,0.66667,0.66667
NDC,Model,VS-WF+All6-162,0.83334,0.33334,0.33334,0.33334,0.33334,0.33334
NDC,Model,VS-WF+All6-163,0.66667,0.33334,0.33334,0.66667,0.33334,0.33334
NDC,Model,VS-WF+All6-164,0.33334,0.33334,0.33334,0.66667,0.33334,0.33334
NDC,Model,VS-WF+All6-165,0.66667,0.33334,0.33334,0.50000,0.33334,0.33334
NDC,Model,VS-WF+All6-166,0.66667,0.33334,0.33334,0.50000,0.33334,0.33334
NDC,Model,VS-WF+All6-167,0.66667,0.33334,0.33334,0.66667,0.33334,0.33334
NDC,Model,VS-WF+All6-168,0.66667,0.33334,0.33334,0.50000,0.33334,0.33334
NDC,Model,VS-WF+All6-169,0.66667,0.33334,0.33334,0.66667,0.33334,0.33334
NDC,Model,VS-WF+All6-17,0.50000,0.66667
NDC,Model,VS-WF+All6-170,0.66667,0.33334,0.33334,0.50000,0.33334,0.33334
NDC,Model,VS-WF+All6-171,0.66667,0.33334,0.33334,0.66667,0.33334,0.33334
NDC,Model,VS-WF+All6-172,0.33334,0.33334,0.33334,0.66667,0.33334,0.33334
NDC,Model,VS-WF+All6-173,0.33334,0.33334,0.33334,0.66667,0.33334,0.33334
NDC,Model,VS-WF+All6-174,0.50000,0.83334
NDC,Model,VS-WF+All6-175,0.33334,0.83334
NDC,Model,VS-WF+All6-176,0.50000,0.83334
NDC,Model,VS-WF+All6-177,0.50000,0.66667
NDC,Model,VS-WF+All6-178,0.33334,0.50000,0.50000,0.50000,0.50000,0.50000
NDC,Model,VS-WF+All6-179,0.50000,0.33334,0.33334,0.50000,0.33334,0.33334
NDC,Model,VS-WF+All6-18,0.33334,0.33334,0.33334,0.66667,0.33334,0.33334
NDC,Model,VS-WF+All6-180,0.50000,0.83334
NDC,Model,VS-WF+All6-181,0.50000,0.83334
NDC,Model,VS-WF+All6-182,0.83334,0.50000
NDC,Model,VS-WF+All6-183,0.33334,0.50000,0.66667,0.50000,0.66667,0.50000
NDC,Model,VS-WF+All6-184,0.66667,0.50000
NDC,Model,VS-WF+All6-185,0.33334,0.66667,0.66667,0.50000,0.66667,0.66667
NDC,Model,VS-WF+All6-186,0.33334,0.33334,0.33334,0.66667,0.33334,0.33334
NDC,Model,VS-WF+All6-187,0.33334,0.33334,0.33334,0.66667,0.33334,0.33334
NDC,Model,VS-WF+All6-188,0.33334,0.33334,0.33334,0.66667,0.33334,0.33334
NDC,Model,VS-WF+All6-189,0.83334,0.33334
NDC,Model,VS-WF+All6-19,0.33334,0.33334,0.33334,0.66667,0.33334,0.33334
NDC,Model,VS-WF+All6-190,0.66667,0.50000
NDC,Model,VS-WF+All6-191,0.33334,0.50000,0.50000,0.50000,0.50000,0.50000
NDC,Model,VS-WF+All6-192,0.50000,0.66667
NDC,Model,VS-WF+All6-193,0.50000,0.33334,0.33334,0.50000,0.33334,0.33334
NDC,Model,VS-WF+All6-194,0.33334,0.50000,0.50000,0.50000,0.50000,0.50000
NDC,Model,VS-WF+All6-195,0.33334,0.66667,0.50000,0.50000,0.50000,0.66667
NDC,Model,VS-WF+All6-196,0.50000,0.33334,0.33334,0.50000,0.33334,0.33334
NDC,Model,VS-WF+All6-197,0.50000,0.83334
NDC,Model,VS-WF+All6-198,0.50000,0.33334,0.33334,0.50000,0.33334,0.33334
NDC,Model,VS-WF+All6-199,0.50000,0.33334,0.33334,0.50000,0.33334,0.33334
NDC,Model,VS-WF+All6-2,0.33334,0.83334
NDC,Model,VS-WF+All6-20,0.33334,0.83334
NDC,Model,VS-WF+All6-200,0.33334,0.50000,0.50000,0.50000,0.50000,0.50000
NDC,Model,VS-WF+All6-201,0.33334,0.66667,0.50000,0.50000,0.50000,0.66667
NDC,Model,VS-WF+All6-202,0.50000,0.66667
NDC,Model,VS-WF+All6-203,0.33334,0.50000,0.50000,0.50000,0.50000,0.50000
NDC,Model,VS-WF+All6-204,0.33334,0.33334,0.33334,0.66667,0.33334,0.33334
NDC,Model,VS-WF+All6-205,0.33334,0.33334,0.33334,0.66667,0.33334,0.33334
NDC,Model,VS-WF+All6-206,0.33334,0.33334,0.33334,0.66667,0.33334,0.33334
NDC,Model,VS-WF+All6-207,0.50000,0.83334
NDC,Model,VS-WF+All6-208,0.33334,0.50000,0.50000,0.50000,0.50000,0.50000
NDC,Model,VS-WF+All6-209,0.33334,0.66667,0.66667,0.50000,0.66667,0.66667
NDC,Model,VS-WF+All6-21,0.33334,0.83334
NDC,Model,VS-WF+All6-210,0.33334,0.50000,0.66667,0.50000,0.66667,0.50000
NDC,Model,VS-WF+All6-211,0.33334,0.33334,0.33334,0.66667,0.33334,0.33334
NDC,Model,VS-WF+All6-212,0.33334,0.33334,0.33334,0.66667,0.33334,0.33334
NDC,Model,VS-WF+All6-213,0.50000,0.33334,0.33334,0.66667,0.33334,0.33334
NDC,Model,VS-WF+All6-214,0.50000,0.33334,0.33334,0.66667,0.33334,0.33334
NDC,Model,VS-WF+All6-215,0.33334,0.66667,0.66667,0.50000,0.66667,0.66667
NDC,Model,VS-WF+All6-216,0.33334,0.33334,0.33334,0.66667,0.33334,0.33334
NDC,Model,VS-WF+All6-217,0.33334,0.33334,0.33334,0.66667,0.33334,0.33334
NDC,Model,VS-WF+All6-218,0.33334,0.66667,0.50000,0.50000,0.50000,0.66667
NDC,Model,VS-WF+All6-219,0.66667,0.50000
NDC,Model,VS-WF+All6-22,0.33334,0.33334,0.33334,0.66667,0.33334,0.33334
NDC,Model,VS-WF+All6-220,0.50000,0.83334
NDC,Model,VS-WF+All6-221,0.33334,0.33334,0.33334,0.66667,0.33334,0.33334
NDC,Model,VS-WF+All6-222,0.33334,0.33334,0.33334,0.66667,0.33334,0.33334
NDC,Model,VS-WF+All6-223,0.33334,0.33334,0.33334,0.66667,0.33334,0.33334
NDC,Model,VS-WF+All6-224,0.33334,0.33334,0.33334,0.66667,0.33334,0.33334
NDC,Model,VS-WF+All6-225,0.33334,0.50000,0.50000,0.50000,0.50000,0.50000
NDC,Model,VS-WF+All6-226,0.66667,0.66667
NDC,Model,VS-WF+All6-227,0.50000,0.83334
NDC,Model,VS-WF+All6-228,0.50000,0.33334,0.33334,0.66667,0.33334,0.33334
NDC,Model,VS-WF+All6-229,0.66667,0.66667
NDC,Model,VS-WF+All6-23,0.33334,0.33334,0.33334,0.66667,0.33334,0.33334
NDC,Model,VS-WF+All6-230,0.33334,0.33334,0.33334,0.66667,0.33334,0.33334
NDC,Model,VS-WF+All6-231,0.66667,0.66667
NDC,Model,VS-WF+All6-232,0.66667,0.33334,0.33334,0.33334,0.33334,0.33334
NDC,Model,VS-WF+All6-233,0.50000,0.33334,0.33334,0.66667,0.33334,0.33334
NDC,Model,VS-WF+All6-234,0.33334,0.33334,0.33334,0.66667,0.33334,0.33334
NDC,Model,VS-WF+All6-235,0.50000,0.83334
NDC,Model,VS-WF+All6-236,0.50000,0.83334
NDC,Model,VS-WF+All6-237,0.33334,0.66667,0.50000,0.50000,0.50000,0.66667
NDC,Model,VS-WF+All6-238,0.66667,0.50000
NDC,Model,VS-WF+All6-239,0.33334,0.50000,0.50000,0.50000,0.50000,0.50000
NDC,Model,VS-WF+All6-24,0.33334,0.33334,0.33334,0.66667,0.33334,0.33334
NDC,Model,VS-WF+All6-240,0.33334,0.33334,0.33334,0.66667,0.33334,0.33334
NDC,Model,VS-WF+All6-241,0.66667,0.66667
NDC,Model,VS-WF+All6-242,0.33334,0.83334
NDC,Model,VS-WF+All6-243,0.33334,0.83334
NDC,Model,VS-WF+All6-244,0.33334,0.33334,0.33334,0.66667,0.33334,0.33334
NDC,Model,VS-WF+All6-245,0.66667,0.66667
NDC,Model,VS-WF+All6-246,0.33334,0.83334
NDC,Model,VS-WF+All6-247,0.50000,0.66667
NDC,Model,VS-WF+All6-248,0.50000,0.33334,0.33334,0.66667,0.33334,0.33334
NDC,Model,VS-WF+All6-249,0.66667,0.66667
NDC,Model,VS-WF+All6-25,0.33334,0.33334,0.33334,0.66667,0.33334,0.33334
NDC,Model,VS-WF+All6-250,0.33334,0.33334,0.33334,0.66667,0.33334,0.33334
NDC,Model,VS-WF+All6-251,0.50000,0.83334
NDC,Model,VS-WF+All6-252,0.50000,0.83334
NDC,Model,VS-WF+All6-253,0.50000,0.83334
NDC,Model,VS-WF+All6-254,0.50000,0.33334,0.33334,0.66667,0.33334,0.33334
NDC,Model,VS-WF+All6-255,0.50000,0.83334
NDC,Model,VS-WF+All6-256,0.50000,0.83334
NDC,Model,VS-WF+All6-257,0.50000,0.83334
NDC,Model,VS-WF+All6-258,0.50000,0.83334
NDC,Model,VS-WF+All6-259,0.50000,0.33334,0.33334,0.66667,0.33334,0.33334
NDC,Model,VS-WF+All6-26,0.83334,0.50000
NDC,Model,VS-WF+All6-260,0.50000,0.33334,0.33334,0.66667,0.33334,0.33334
NDC,Model,VS-WF+All6-261,0.33334,0.33334,0.33334,0.66667,0.33334,0.33334
NDC,Model,VS-WF+All6-262,0.33334,0.33334,0.33334,0.66667,0.33334,0.33334
NDC,Model,VS-WF+All6-263,0.33334,0.66667,0.50000,0.50000,0.50000,0.66667
NDC,Model,VS-WF+All6-264,0.66667,0.50000
NDC,Model,VS-WF+All6-265,0.33334,0.33334,0.33334,0.66667,0.33334,0.33334
NDC,Model,VS-WF+All6-266,0.83334,0.33334
NDC,Model,VS-WF+All6-267,0.33334,0.33334,0.33334,0.66667,0.33334,0.33334
NDC,Model,VS-WF+All6-268,0.50000,0.33334,0.33334,0.66667,0.33334,0.33334
NDC,Model,VS-WF+All6-269,0.50000,0.33334,0.33334,0.66667,0.33334,0.33334
NDC,Model,VS-WF+All6-27,0.33334,0.33334,0.33334,0.66667,0.33334,0.33334
NDC,Model,VS-WF+All6-270,0.33334,0.50000,0.50000,0.50000,0.50000,0.50000
NDC,Model,VS-WF+All6-271,0.66667,0.66667
NDC,Model,VS-WF+All6-272,0.66667,0.66667
NDC,Model,VS-WF+All6-273,0.66667,0.66667
NDC,Model,VS-WF+All6-274,0.66667,0.50000
NDC,Model,VS-WF+All6-275,0.66667,0.33334,0.33334,0.33334,0.33334,0.33334
NDC,Model,VS-WF+All6-276,0.33334,0.33334,0.33334,0.66667,0.33334,0.33334
NDC,Model,VS-WF+All6-277,0.66667,0.66667
NDC,Model,VS-WF+All6-278,0.66667,0.50000
NDC,Model,VS-WF+All6-279,0.50000,0.66667
NDC,Model,VS-WF+All6-28,0.33334,0.33334,0.33334,0.66667,0.33334,0.33334
NDC,Model,VS-WF+All6-280,0.50000,0.83334
NDC,Model,VS-WF+All6-281,0.50000,0.83334
NDC,Model,VS-WF+All6-282,0.50000,0.33334,0.33334,0.50000,0.33334,0.33334
NDC,Model,VS-WF+All6-283,0.50000,0.66667
NDC,Model,VS-WF+All6-284,0.50000,0.66667
NDC,Model,VS-WF+All6-285,0.50000,0.66667
NDC,Model,VS-WF+All6-286,0.50000,0.83334
NDC,Model,VS-WF+All6-287,0.66667,0.66667
NDC,Model,VS-WF+All6-288,0.50000,0.33334,0.33334,0.50000,0.33334,0.33334
NDC,Model,VS-WF+All6-289,0.50000,0.33334,0.33334,0.50000,0.33334,0.33334
NDC,Model,VS-WF+All6-29,0.50000,0.66667
NDC,Model,VS-WF+All6-290,0.33334,0.83334
NDC,Model,VS-WF+All6-291,0.50000,0.66667
NDC,Model,VS-WF+All6-292,0.33334,0.33334,0.33334,0.66667,0.33334,0.33334
NDC,Model,VS-WF+All6-293,0.33334,0.33334,0.33334,0.66667,0.33334,0.33334
NDC,Model,VS-WF+All6-294,0.33334,0.83334
NDC,Model,VS-WF+All6-295,0.33334,0.83334
NDC,Model,VS-WF+All6-296,0.50000,0.66667
NDC,Model,VS-WF+All6-297,0.33334,0.33334,0.33334,0.66667,0.33334,0.33334
NDC,Model,VS-WF+All6-298,0.33334,0.33334,0.33334,0.66667,0.33334,0.33334
NDC,Model,VS-WF+All6-299,0.50000,0.33334,0.33334,0.50000,0.33334,0.33334
NDC,Model,VS-WF+All6-3,0.33334,0.83334
NDC,Model,VS-WF+All6-30,0.50000,0.66667
NDC,Model,VS-WF+All6-300,0.33334,0.33334,0.33334,0.66667,0.33334,0.33334
NDC,Model,VS-WF+All6-301,0.50000,0.33334,0.33334,0.66667,0.33334,0.33334
NDC,Model,VS-WF+All6-302,0.50000,0.33334,0.33334,0.66667,0.33334,0.33334
NDC,Model,VS-WF+All6-303,0.33334,0.50000,0.50000,0.50000,0.50000,0.50000
NDC,Model,VS-WF+All6-304,0.33334,0.33334,0.33334,0.66667,0.33334,0.33334
NDC,Model,VS-WF+All6-305,0.50000,0.33334,0.33334,0.50000,0.33334,0.33334
NDC,Model,VS-WF+All6-306,0.50000,0.33334,0.33334,0.50000,0.33334,0.33334
NDC,Model,VS-WF+All6-307,0.33334,0.33334,0.33334,0.66667,0.33334,0.33334
NDC,Model,VS-WF+All6-308,0.33334,0.33334,0.33334,0.66667,0.33334,0.33334
NDC,Model,VS-WF+All6-309,0.33334,0.66667,0.50000,0.50000,0.50000,0.66667
NDC,Model,VS-WF+All6-31,0.50000,0.66667
NDC,Model,VS-WF+All6-310,0.50000,0.50000,0.50000,0.33334,0.50000,0.50000
NDC,Model,VS-WF+All6-311,0.50000,0.33334,0.33334,0.50000,0.33334,0.33334
NDC,Model,VS-WF+All6-312,0.50000,0.33334,0.33334,0.50000,0.33334,0.33334
NDC,Model,VS-WF+All6-313,0.33334,0.33334,0.33334,0.66667,0.33334,0.33334
NDC,Model,VS-WF+All6-314,0.83334,0.66667
NDC,Model,VS-WF+All6-315,0.50000,0.33334,0.33334,0.66667,0.33334,0.33334
NDC,Model,VS-WF+All6-316,0.33334,0.66667,0.66667,0.50000,0.66667,0.66667
NDC,Model,VS-WF+All6-317,0.50000,0.83334
NDC,Model,VS-WF+All6-318,0.33334,0.50000,0.66667,0.50000,0.66667,0.50000
NDC,Model,VS-WF+All6-319,0.50000,0.83334
NDC,Model,VS-WF+All6-32,0.33334,0.33334,0.33334,0.66667,0.33334,0.33334
NDC,Model,VS-WF+All6-320,0.50000,0.33334,0.33334,0.50000,0.33334,0.33334
NDC,Model,VS-WF+All6-321,0.33334,0.50000,0.50000,0.50000,0.50000,0.50000
NDC,Model,VS-WF+All6-322,0.33334,0.66667,0.50000,0.50000,0.50000,0.66667
NDC,Model,VS-WF+All6-323,0.50000,0.33334,0.33334,0.50000,0.33334,0.33334
NDC,Model,VS-WF+All6-324,0.33334,0.50000,0.50000,0.50000,0.50000,0.50000
NDC,Model,VS-WF+All6-325,0.50000,0.83334
NDC,Model,VS-WF+All6-326,0.33334,0.33334,0.33334,0.66667,0.33334,0.33334
NDC,Model,VS-WF+All6-327,0.33334,0.33334,0.33334,0.66667,0.33334,0.33334
NDC,Model,VS-WF+All6-328,0.33334,0.33334,0.33334,0.66667,0.33334,0.33334
NDC,Model,VS-WF+All6-329,0.33334,0.83334
NDC,Model,VS-WF+All6-33,0.33334,0.33334,0.33334,0.66667,0.33334,0.33334
NDC,Model,VS-WF+All6-330,0.33334,0.33334,0.33334,0.66667,0.33334,0.33334
NDC,Model,VS-WF+All6-331,0.33334,0.83334
NDC,Model,VS-WF+All6-332,0.66667,0.50000
NDC,Model,VS-WF+All6-333,0.33334,0.83334
NDC,Model,VS-WF+All6-334,0.66667,0.33334,0.33334,0.50000,0.33334,0.33334
NDC,Model,VS-WF+All6-335,0.33334,0.50000,0.50000,0.50000,0.50000,0.50000
NDC,Model,VS-WF+All6-336,0.50000,0.83334
NDC,Model,VS-WF+All6-337,0.66667,0.33334,0.33334,0.50000,0.33334,0.33334
NDC,Model,VS-WF+All6-338,1.00000,0.33334
NDC,Model,VS-WF+All6-339,0.50000,0.33334,0.33334,0.50000,0.33334,0.33334
NDC,Model,VS-WF+All6-34,0.33334,0.83334
NDC,Model,VS-WF+All6-340,0.33334,0.33334,0.33334,0.66667,0.33334,0.33334
NDC,Model,VS-WF+All6-341,0.33334,0.83334
NDC,Model,VS-WF+All6-342,0.33334,0.33334,0.33334,0.66667,0.33334,0.33334
NDC,Model,VS-WF+All6-343,0.50000,0.83334
NDC,Model,VS-WF+All6-344,0.50000,0.83334
NDC,Model,VS-WF+All6-345,0.50000,0.50000,0.50000,0.33334,0.50000,0.50000
NDC,Model,VS-WF+All6-346,0.50000,0.83334
NDC,Model,VS-WF+All6-347,0.50000,0.83334
NDC,Model,VS-WF+All6-348,0.50000,0.66667
NDC,Model,VS-WF+All6-349,0.50000,0.83334
NDC,Model,VS-WF+All6-35,0.50000,0.33334,0.33334,0.50000,0.33334,0.33334
NDC,Model,VS-WF+All6-350,0.50000,0.33334,0.33334,0.50000,0.33334,0.33334
NDC,Model,VS-WF+All6-351,0.66667,0.50000
NDC,Model,VS-WF+All6-352,0.50000,0.33334,0.33334,0.50000,0.33334,0.33334
NDC,Model,VS-WF+All6-353,0.33334,0.33334,0.33334,0.66667,0.33334,0.33334
NDC,Model,VS-WF+All6-354,0.50000,0.33334,0.33334,0.66667,0.33334,0.33334
NDC,Model,VS-WF+All6-355,0.50000,0.33334,0.33334,0.66667,0.33334,0.33334
NDC,Model,VS-WF+All6-356,0.50000,0.83334
NDC,Model,VS-WF+All6-357,0.33334,0.33334,0.33334,0.66667,0.33334,0.33334
NDC,Model,VS-WF+All6-358,0.50000,0.33334,0.33334,0.50000,0.33334,0.33334
NDC,Model,VS-WF+All6-359,0.50000,0.33334,0.33334,0.50000,0.33334,0.33334
NDC,Model,VS-WF+All6-36,0.33334,0.83334
NDC,Model,VS-WF+All6-360,0.50000,0.33334,0.33334,0.66667,0.33334,0.33334
NDC,Model,VS-WF+All6-361,0.66667,0.66667
NDC,Model,VS-WF+All6-362,0.50000,0.33334,0.33334,0.66667,0.33334,0.33334
NDC,Model,VS-WF+All6-363,0.33334,0.33334,0.33334,0.66667,0.33334,0.33334
NDC,Model,VS-WF+All6-364,0.66667,0.66667
NDC,Model,VS-WF+All6-365,0.50000,0.33334,0.33334,0.66667,0.33334,0.33334
NDC,Model,VS-WF+All6-366,0.66667,0.66667
NDC,Model,VS-WF+All6-367,0.50000,0.33334,0.33334,0.66667,0.33334,0.33334
NDC,Model,VS-WF+All6-368,0.33334,0.33334,0.33334,0.66667,0.33334,0.33334
NDC,Model,VS-WF+All6-369,0.33334,0.33334,0.33334,0.66667,0.33334,0.33334
NDC,Model,VS-WF+All6-37,0.33334,0.83334
NDC,Model,VS-WF+All6-370,0.33334,0.33334,0.33334,0.66667,0.33334,0.33334
NDC,Model,VS-WF+All6-371,0.66667,0.33334,0.33334,0.33334,0.33334,0.33334
NDC,Model,VS-WF+All6-372,0.66667,0.50000
NDC,Model,VS-WF+All6-373,0.33334,0.33334,0.33334,0.66667,0.33334,0.33334
NDC,Model,VS-WF+All6-374,0.33334,0.83334
NDC,Model,VS-WF+All6-375,0.50000,0.33334,0.33334,0.50000,0.33334,0.33334
NDC,Model,VS-WF+All6-376,0.33334,0.83334
NDC,Model,VS-WF+All6-377,0.33334,0.33334,0.33334,0.66667,0.33334,0.33334
NDC,Model,VS-WF+All6-378,0.33334,0.33334,0.33334,0.66667,0.33334,0.33334
NDC,Model,VS-WF+All6-379,0.50000,0.33334,0.33334,0.50000,0.33334,0.33334
NDC,Model,VS-WF+All6-38,0.50000,0.33334,0.33334,0.50000,0.33334,0.33334
NDC,Model,VS-WF+All6-380,0.83334,0.33334
NDC,Model,VS-WF+All6-381,0.33334,0.33334,0.33334,0.66667,0.33334,0.33334
NDC,Model,VS-WF+All6-382,0.33334,0.33334,0.33334,0.66667,0.33334,0.33334
NDC,Model,VS-WF+All6-383,0.33334,0.33334,0.33334,0.66667,0.33334,0.33334
NDC,Model,VS-WF+All6-384,0.33334,0.33334,0.33334,0.66667,0.33334,0.33334
NDC,Model,VS-WF+All6-385,0.33334,0.33334,0.33334,0.66667,0.33334,0.33334
NDC,Model,VS-WF+All6-386,0.33334,0.33334,0.33334,0.66667,0.33334,0.33334
NDC,Model,VS-WF+All6-387,0.33334,0.66667,0.66667,0.50000,0.66667,0.66667
NDC,Model,VS-WF+All6-388,0.33334,0.33334,0.33334,0.66667,0.33334,0.33334
NDC,Model,VS-WF+All6-389,0.33334,0.33334,0.33334,0.66667,0.33334,0.33334
NDC,Model,VS-WF+All6-39,0.33334,0.33334,0.33334,0.66667,0.33334,0.33334
NDC,Model,VS-WF+All6-390,0.66667,0.66667
NDC,Model,VS-WF+All6-391,0.33334,0.33334,0.33334,0.66667,0.33334,0.33334
NDC,Model,VS-WF+All6-392,0.66667,0.66667
NDC,Model,VS-WF+All6-393,0.83334,0.50000
NDC,Model,VS-WF+All6-394,0.50000,0.66667
NDC,Model,VS-WF+All6-395,0.33334,0.83334
NDC,Model,VS-WF+All6-396,0.33334,0.83334
NDC,Model,VS-WF+All6-397,0.33334,0.33334,0.33334,0.66667,0.33334,0.33334
NDC,Model,VS-WF+All6-398,0.33334,0.33334,0.33334,0.66667,0.33334,0.33334
NDC,Model,VS-WF+All6-399,0.33334,0.33334,0.33334,0.66667,0.33334,0.33334
NDC,Model,VS-WF+All6-4,0.50000,0.66667
NDC,Model,VS-WF+All6-40,0.50000,0.83334
NDC,Model,VS-WF+All6-400,0.50000,0.33334,0.33334,0.50000,0.33334,0.33334
NDC,Model,VS-WF+All6-401,0.33334,0.33334,0.33334,0.66667,0.33334,0.33334
NDC,Model,VS-WF+All6-402,0.33334,0.33334,0.33334,0.66667,0.33334,0.33334
NDC,Model,VS-WF+All6-403,0.33334,0.33334,0.33334,0.66667,0.33334,0.33334
NDC,Model,VS-WF+All6-404,0.33334,0.33334,0.33334,0.66667,0.33334,0.33334
NDC,Model,VS-WF+All6-405,0.33334,0.33334,0.33334,0.66667,0.33334,0.33334
NDC,Model,VS-WF+All6-406,0.33334,0.50000,0.66667,0.50000,0.66667,0.50000
NDC,Model,VS-WF+All6-407,0.33334,0.33334,0.33334,0.66667,0.33334,0.33334
NDC,Model,VS-WF+All6-408,0.33334,0.33334,0.33334,0.66667,0.33334,0.33334
NDC,Model,VS-WF+All6-409,0.33334,0.66667,0.66667,0.50000,0.66667,0.66667
NDC,Model,VS-WF+All6-41,0.50000,0.66667
NDC,Model,VS-WF+All6-410,0.33334,0.50000,0.66667,0.50000,0.66667,0.50000
NDC,Model,VS-WF+All6-411,0.33334,0.33334,0.33334,0.66667,0.33334,0.33334
NDC,Model,VS-WF+All6-412,0.33334,0.33334,0.33334,0.66667,0.33334,0.33334
NDC,Model,VS-WF+All6-413,0.33334,0.66667,0.66667,0.50000,0.66667,0.66667
NDC,Model,VS-WF+All6-414,0.33334,0.66667,0.66667,0.50000,0.66667,0.66667
NDC,Model,VS-WF+All6-415,0.66667,0.33334,0.33334,0.50000,0.33334,0.33334
NDC,Model,VS-WF+All6-416,0.50000,0.33334,0.33334,0.50000,0.33334,0.33334
NDC,Model,VS-WF+All6-417,0.66667,0.83334
NDC,Model,VS-WF+All6-418,0.66667,0.83334
NDC,Model,VS-WF+All6-419,0.66667,0.83334
NDC,Model,VS-WF+All6-42,0.33334,0.33334,0.33334,0.66667,0.33334,0.33334
NDC,Model,VS-WF+All6-420,0.66667,0.66667
NDC,Model,VS-WF+All6-421,0.66667,0.83334
NDC,Model,VS-WF+All6-422,0.66667,0.33334,0.33334,0.50000,0.33334,0.33334
NDC,Model,VS-WF+All6-423,0.33334,0.50000,0.50000,0.50000,0.50000,0.50000
NDC,Model,VS-WF+All6-424,0.66667,0.83334
NDC,Model,VS-WF+All6-425,0.66667,0.83334
NDC,Model,VS-WF+All6-426,0.33334,0.33334,0.33334,0.66667,0.33334,0.33334
NDC,Model,VS-WF+All6-427,0.66667,0.66667
NDC,Model,VS-WF+All6-428,0.66667,0.33334,0.33334,0.50000,0.33334,0.33334
NDC,Model,VS-WF+All6-429,0.83334,0.50000
NDC,Model,VS-WF+All6-43,0.33334,0.83334
NDC,Model,VS-WF+All6-430,0.66667,0.83334
NDC,Model,VS-WF+All6-431,0.66667,0.66667
NDC,Model,VS-WF+All6-432,0.83334,0.66667
NDC,Model,VS-WF+All6-433,0.66667,0.83334
NDC,Model,VS-WF+All6-434,0.66667,0.33334,0.33334,0.66667,0.33334,0.33334
NDC,Model,VS-WF+All6-435,0.66667,0.83334
NDC,Model,VS-WF+All6-436,0.66667,0.83334
NDC,Model,VS-WF+All6-437,0.33334,0.33334,0.33334,0.66667,0.33334,0.33334
NDC,Model,VS-WF+All6-438,0.83334,0.66667
NDC,Model,VS-WF+All6-439,0.66667,0.83334
NDC,Model,VS-WF+All6-44,0.33334,0.33334,0.33334,0.66667,0.33334,0.33334
NDC,Model,VS-WF+All6-440,0.66667,0.83334
NDC,Model,VS-WF+All6-441,0.66667,0.83334
NDC,Model,VS-WF+All6-442,0.50000,0.66667
NDC,Model,VS-WF+All6-443,0.66667,0.33334,0.33334,0.66667,0.33334,0.33334
NDC,Model,VS-WF+All6-444,0.50000,0.33334,0.33334,0.50000,0.33334,0.33334
NDC,Model,VS-WF+All6-445,0.50000,0.83334
NDC,Model,VS-WF+All6-446,0.50000,0.66667
NDC,Model,VS-WF+All6-447,0.66667,0.83334
NDC,Model,VS-WF+All6-448,0.66667,0.33334,0.33334,0.66667,0.33334,0.33334
NDC,Model,VS-WF+All6-449,0.33334,0.50000,0.66667,0.50000,0.66667,0.50000
NDC,Model,VS-WF+All6-45,0.50000,0.83334
NDC,Model,VS-WF+All6-450,0.33334,0.50000,0.50000,0.50000,0.50000,0.50000
NDC,Model,VS-WF+All6-451,0.33334,0.83334
NDC,Model,VS-WF+All6-452,0.33334,0.83334
NDC,Model,VS-WF+All6-453,0.33334,0.33334,0.33334,0.66667,0.33334,0.33334
NDC,Model,VS-WF+All6-454,0.33334,0.33334,0.33334,0.66667,0.33334,0.33334
NDC,Model,VS-WF+All6-455,0.33334,0.33334,0.33334,0.66667,0.33334,0.33334
NDC,Model,VS-WF+All6-456,0.33334,0.33334,0.33334,0.66667,0.33334,0.33334
NDC,Model,VS-WF+All6-457,0.33334,0.33334,0.33334,0.66667,0.33334,0.33334
NDC,Model,VS-WF+All6-458,0.33334,0.33334,0.33334,0.66667,0.33334,0.33334
NDC,Model,VS-WF+All6-459,0.33334,0.33334,0.33334,0.66667,0.33334,0.33334
NDC,Model,VS-WF+All6-46,0.50000,0.83334
NDC,Model,VS-WF+All6-460,0.66667,0.66667
NDC,Model,VS-WF+All6-461,0.66667,0.33334,0.33334,0.33334,0.33334,0.33334
NDC,Model,VS-WF+All6-462,0.83334,0.33334
NDC,Model,VS-WF+All6-463,0.33334,0.33334,0.33334,0.66667,0.33334,0.33334
NDC,Model,VS-WF+All6-464,0.33334,0.50000,0.66667,0.50000,0.66667,0.50000
NDC,Model,VS-WF+All6-465,0.33334,0.83334
NDC,Model,VS-WF+All6-466,0.33334,0.66667,0.66667,0.50000,0.66667,0.66667
NDC,Model,VS-WF+All6-467,0.66667,0.66667
NDC,Model,VS-WF+All6-468,0.33334,0.50000,0.66667,0.50000,0.66667,0.50000
NDC,Model,VS-WF+All6-469,0.33334,0.50000,0.50000,0.50000,0.50000,0.50000
NDC,Model,VS-WF+All6-47,0.83334,0.66667
NDC,Model,VS-WF+All6-470,0.66667,0.83334
NDC,Model,VS-WF+All6-471,0.66667,0.83334
NDC,Model,VS-WF+All6-472,0.83334,0.66667
NDC,Model,VS-WF+All6-473,0.66667,0.83334
NDC,Model,VS-WF+All6-474,0.66667,0.83334
NDC,Model,VS-WF+All6-475,0.66667,0.83334
NDC,Model,VS-WF+All6-476,0.83334,0.66667
NDC,Model,VS-WF+All6-477,0.33334,0.33334,0.33334,0.66667,0.33334,0.33334
NDC,Model,VS-WF+All6-478,0.66667,0.83334
NDC,Model,VS-WF+All6-479,0.66667,0.33334,0.33334,0.66667,0.33334,0.33334
NDC,Model,VS-WF+All6-48,0.50000,0.83334
NDC,Model,VS-WF+All6-480,0.66667,0.33334,0.33334,0.66667,0.33334,0.33334
NDC,Model,VS-WF+All6-481,0.33334,0.50000,0.66667,0.50000,0.66667,0.50000
NDC,Model,VS-WF+All6-482,0.66667,0.33334,0.33334,0.66667,0.33334,0.33334
NDC,Model,VS-WF+All6-483,0.33334,0.50000,0.50000,0.50000,0.50000,0.50000
NDC,Model,VS-WF+All6-484,0.33334,0.66667,0.50000,0.50000,0.50000,0.66667
NDC,Model,VS-WF+All6-485,0.66667,0.83334
NDC,Model,VS-WF+All6-486,0.66667,0.83334
NDC,Model,VS-WF+All6-487,0.33334,0.50000,0.50000,0.50000,0.50000,0.50000
NDC,Model,VS-WF+All6-488,0.33334,0.66667,0.50000,0.50000,0.50000,0.66667
NDC,Model,VS-WF+All6-489,0.83334,0.66667
NDC,Model,VS-WF+All6-49,0.50000,0.83334
NDC,Model,VS-WF+All6-490,0.83334,0.66667
NDC,Model,VS-WF+All6-491,0.83334,0.50000
NDC,Model,VS-WF+All6-492,0.83334,0.66667
NDC,Model,VS-WF+All6-493,0.83334,0.50000
NDC,Model,VS-WF+All6-494,0.83334,0.66667
NDC,Model,VS-WF+All6-495,1.00000,0.33334
NDC,Model,VS-WF+All6-496,0.33334,0.33334,0.33334,0.66667,0.33334,0.33334
NDC,Model,VS-WF+All6-497,0.83334,0.66667
NDC,Model,VS-WF+All6-498,0.83334,0.66667
NDC,Model,VS-WF+All6-499,0.33334,0.33334,0.33334,0.66667,0.33334,0.33334
NDC,Model,VS-WF+All6-5,0.33334,0.33334,0.33334,0.66667,0.33334,0.33334
NDC,Model,VS-WF+All6-50,0.50000,0.83334
NDC,Model,VS-WF+All6-500,0.33334,0.33334,0.33334,0.66667,0.33334,0.33334
NDC,Model,VS-WF+All6-501,0.33334,0.50000,0.66667,0.50000,0.66667,0.50000
NDC,Model,VS-WF+All6-502,0.33334,0.66667,0.66667,0.50000,0.66667,0.66667
NDC,Model,VS-WF+All6-503,0.50000,0.83334
NDC,Model,VS-WF+All6-504,0.50000,0.33334,0.33334,0.66667,0.33334,0.33334
NDC,Model,VS-WF+All6-505,0.50000,0.33334,0.33334,0.66667,0.33334,0.33334
NDC,Model,VS-WF+All6-506,0.50000,0.33334,0.33334,0.66667,0.33334,0.33334
NDC,Model,VS-WF+All6-507,0.66667,0.33334,0.33334,0.50000,0.33334,0.33334
NDC,Model,VS-WF+All6-508,0.66667,0.33334,0.33334,0.33334,0.33334,0.33334
NDC,Model,VS-WF+All6-509,0.50000,0.33334,0.33334,0.66667,0.33334,0.33334
NDC,Model,VS-WF+All6-51,0.50000,0.83334
NDC,Model,VS-WF+All6-510,0.66667,0.33334,0.33334,0.50000,0.33334,0.33334
NDC,Model,VS-WF+All6-511,0.50000,0.33334,0.33334,0.66667,0.33334,0.33334
NDC,Model,VS-WF+All6-512,0.50000,0.33334,0.33334,0.66667,0.33334,0.33334
NDC,Model,VS-WF+All6-513,0.50000,0.83334
NDC,Model,VS-WF+All6-514,0.50000,0.50000,0.50000,0.33334,0.50000,0.50000
NDC,Model,VS-WF+All6-515,0.33334,0.50000,0.50000,0.50000,0.50000,0.50000
NDC,Model,VS-WF+All6-516,0.33334,0.83334
NDC,Model,VS-WF+All6-517,0.33334,0.33334,0.33334,0.66667,0.33334,0.33334
NDC,Model,VS-WF+All6-518,0.33334,0.33334,0.33334,0.66667,0.33334,0.33334
NDC,Model,VS-WF+All6-519,0.33334,0.33334,0.33334,0.66667,0.33334,0.33334
NDC,Model,VS-WF+All6-52,0.50000,0.33334,0.33334,0.50000,0.33334,0.33334
NDC,Model,VS-WF+All6-520,0.33334,0.33334,0.33334,0.66667,0.33334,0.33334
NDC,Model,VS-WF+All6-521,0.50000,0.50000,0.50000,0.33334,0.50000,0.50000
NDC,Model,VS-WF+All6-522,0.33334,0.33334,0.33334,0.66667,0.33334,0.33334
NDC,Model,VS-WF+All6-523,0.33334,0.33334,0.33334,0.66667,0.33334,0.33334
NDC,Model,VS-WF+All6-524,0.50000,0.33334,0.33334,0.66667,0.33334,0.33334
NDC,Model,VS-WF+All6-525,0.33334,0.33334,0.33334,0.66667,0.33334,0.33334
NDC,Model,VS-WF+All6-526,0.33334,0.83334
NDC,Model,VS-WF+All6-527,0.66667,0.66667
NDC,Model,VS-WF+All6-528,0.50000,0.33334,0.33334,0.50000,0.33334,0.33334
NDC,Model,VS-WF+All6-529,0.50000,0.33334,0.33334,0.50000,0.33334,0.33334
NDC,Model,VS-WF+All6-53,0.50000,0.33334,0.33334,0.66667,0.33334,0.33334
NDC,Model,VS-WF+All6-530,0.50000,0.33334,0.33334,0.66667,0.33334,0.33334
NDC,Model,VS-WF+All6-531,0.33334,0.33334,0.33334,0.66667,0.33334,0.33334
NDC,Model,VS-WF+All6-532,0.66667,0.33334,0.33334,0.50000,0.33334,0.33334
NDC,Model,VS-WF+All6-533,0.33334,0.33334,0.33334,0.66667,0.33334,0.33334
NDC,Model,VS-WF+All6-534,0.50000,0.66667
NDC,Model,VS-WF+All6-535,0.33334,0.50000,0.50000,0.50000,0.50000,0.50000
NDC,Model,VS-WF+All6-536,0.50000,0.83334
NDC,Model,VS-WF+All6-537,0.50000,0.83334
NDC,Model,VS-WF+All6-538,0.33334,0.83334
NDC,Model,VS-WF+All6-539,0.66667,0.83334
NDC,Model,VS-WF+All6-54,0.50000,0.83334
NDC,Model,VS-WF+All6-540,0.50000,0.33334,0.33334,0.50000,0.33334,0.33334
NDC,Model,VS-WF+All6-541,0.33334,0.33334,0.33334,0.66667,0.33334,0.33334
NDC,Model,VS-WF+All6-542,0.50000,0.83334
NDC,Model,VS-WF+All6-543,0.50000,0.83334
NDC,Model,VS-WF+All6-544,0.33334,0.83334
NDC,Model,VS-WF+All6-545,0.33334,0.50000,0.66667,0.50000,0.66667,0.50000
NDC,Model,VS-WF+All6-546,0.50000,0.66667
NDC,Model,VS-WF+All6-547,0.33334,0.83334
NDC,Model,VS-WF+All6-548,0.33334,0.83334
NDC,Model,VS-WF+All6-549,0.33334,0.33334,0.33334,0.66667,0.33334,0.33334
NDC,Model,VS-WF+All6-55,0.50000,0.66667
NDC,Model,VS-WF+All6-550,0.33334,0.33334,0.33334,0.66667,0.33334,0.33334
NDC,Model,VS-WF+All6-551,0.33334,0.33334,0.33334,0.66667,0.33334,0.33334
NDC,Model,VS-WF+All6-552,0.33334,0.50000,0.50000,0.50000,0.50000,0.50000
NDC,Model,VS-WF+All6-553,0.33334,0.33334,0.33334,0.66667,0.33334,0.33334
NDC,Model,VS-WF+All6-554,0.33334,0.33334,0.33334,0.66667,0.33334,0.33334
NDC,Model,VS-WF+All6-555,0.50000,0.33334,0.33334,0.50000,0.33334,0.33334
NDC,Model,VS-WF+All6-556,0.66667,0.33334,0.33334,0.50000,0.33334,0.33334
NDC,Model,VS-WF+All6-557,0.33334,0.66667,0.66667,0.50000,0.66667,0.66667
NDC,Model,VS-WF+All6-558,0.33334,0.66667,0.50000,0.50000,0.50000,0.66667
NDC,Model,VS-WF+All6-559,0.50000,0.33334,0.33334,0.50000,0.33334,0.33334
NDC,Model,VS-WF+All6-56,0.50000,0.83334
NDC,Model,VS-WF+All6-560,0.33334,0.66667,0.50000,0.50000,0.50000,0.66667
NDC,Model,VS-WF+All6-561,0.50000,0.33334,0.33334,0.50000,0.33334,0.33334
NDC,Model,VS-WF+All6-562,0.50000,0.66667
NDC,Model,VS-WF+All6-563,0.33334,0.83334
NDC,Model,VS-WF+All6-564,0.33334,0.50000,0.50000,0.50000,0.50000,0.50000
NDC,Model,VS-WF+All6-565,0.66667,0.33334,0.33334,0.50000,0.33334,0.33334
NDC,Model,VS-WF+All6-566,0.83334,0.33334
NDC,Model,VS-WF+All6-567,1.00000
NDC,Model,VS-WF+All6-568,0.33334,0.50000,0.66667,0.50000,0.66667,0.50000
NDC,Model,VS-WF+All6-569,0.33334,0.66667,0.66667,0.50000,0.66667,0.66667
NDC,Model,VS-WF+All6-57,0.66667,0.66667
NDC,Model,VS-WF+All6-570,0.50000,0.33334,0.33334,0.66667,0.33334,0.33334
NDC,Model,VS-WF+All6-571,0.83334,0.50000
NDC,Model,VS-WF+All6-572,0.50000,0.33334,0.33334,0.66667,0.33334,0.33334
NDC,Model,VS-WF+All6-573,0.33334,0.66667,0.50000,0.50000,0.50000,0.66667
NDC,Model,VS-WF+All6-574,0.33334,0.50000,0.50000,0.50000,0.50000,0.50000
NDC,Model,VS-WF+All6-575,0.33334,0.66667,0.66667,0.50000,0.66667,0.66667
NDC,Model,VS-WF+All6-576,0.33334,0.50000,0.50000,0.50000,0.50000,0.50000
NDC,Model,VS-WF+All6-577,0.33334,0.50000,0.50000,0.50000,0.50000,0.50000
NDC,Model,VS-WF+All6-578,0.33334,0.66667,0.66667,0.33334,0.66667,0.66667
NDC,Model,VS-WF+All6-579,0.33334,0.50000,0.50000,0.50000,0.50000,0.50000
NDC,Model,VS-WF+All6-58,0.50000,0.83334
NDC,Model,VS-WF+All6-580,0.33334,0.33334,0.33334,0.66667,0.33334,0.33334
NDC,Model,VS-WF+All6-581,0.33334,0.33334,0.33334,0.66667,0.33334,0.33334
NDC,Model,VS-WF+All6-582,0.33334,0.50000,0.50000,0.50000,0.50000,0.50000
NDC,Model,VS-WF+All6-583,0.33334,0.50000,0.66667,0.50000,0.66667,0.50000
NDC,Model,VS-WF+All6-584,0.33334,0.33334,0.33334,0.66667,0.33334,0.33334
NDC,Model,VS-WF+All6-585,0.33334,0.50000,0.66667,0.50000,0.66667,0.50000
NDC,Model,VS-WF+All6-586,0.33334,0.66667,0.50000,0.50000,0.50000,0.66667
NDC,Model,VS-WF+All6-587,0.33334,0.66667,0.66667,0.50000,0.66667,0.66667
NDC,Model,VS-WF+All6-588,0.33334,0.50000,0.66667,0.50000,0.66667,0.50000
NDC,Model,VS-WF+All6-589,0.33334,0.50000,0.50000,0.50000,0.50000,0.50000
NDC,Model,VS-WF+All6-59,0.50000,0.83334
NDC,Model,VS-WF+All6-590,0.33334,0.33334,0.33334,0.66667,0.33334,0.33334
NDC,Model,VS-WF+All6-591,0.33334,0.66667,0.66667,0.50000,0.66667,0.66667
NDC,Model,VS-WF+All6-592,0.33334,0.33334,0.33334,0.66667,0.33334,0.33334
NDC,Model,VS-WF+All6-593,0.66667,0.83334
NDC,Model,VS-WF+All6-594,0.50000,0.33334,0.33334,0.66667,0.33334,0.33334
NDC,Model,VS-WF+All6-595,0.33334,0.33334,0.33334,0.66667,0.33334,0.33334
NDC,Model,VS-WF+All6-596,0.33334,0.33334,0.33334,0.66667,0.33334,0.33334
NDC,Model,VS-WF+All6-597,0.50000,0.33334,0.33334,0.66667,0.33334,0.33334
NDC,Model,VS-WF+All6-598,0.33334,0.66667,0.50000,0.50000,0.50000,0.66667
NDC,Model,VS-WF+All6-599,0.33334,0.33334,0.33334,0.66667,0.33334,0.33334
NDC,Model,VS-WF+All6-6,0.33334,0.33334,0.33334,0.66667,0.33334,0.33334
NDC,Model,VS-WF+All6-60,0.50000,0.83334
NDC,Model,VS-WF+All6-600,0.33334,0.33334,0.33334,0.66667,0.33334,0.33334
NDC,Model,VS-WF+All6-601,0.33334,0.33334,0.33334,0.66667,0.33334,0.33334
NDC,Model,VS-WF+All6-602,0.33334,0.33334,0.33334,0.66667,0.33334,0.33334
NDC,Model,VS-WF+All6-603,0.33334,0.50000,0.50000,0.50000,0.50000,0.50000
NDC,Model,VS-WF+All6-604,0.33334,0.50000,0.50000,0.50000,0.50000,0.50000
NDC,Model,VS-WF+All6-605,0.33334,0.33334,0.33334,0.66667,0.33334,0.33334
NDC,Model,VS-WF+All6-606,0.66667,0.66667
NDC,Model,VS-WF+All6-607,0.66667,0.83334
NDC,Model,VS-WF+All6-608,0.33334,0.50000,0.66667,0.50000,0.66667,0.50000
NDC,Model,VS-WF+All6-609,0.66667,0.50000
NDC,Model,VS-WF+All6-61,0.33334,0.33334,0.33334,0.66667,0.33334,0.33334
NDC,Model,VS-WF+All6-610,0.33334,0.33334,0.33334,0.66667,0.33334,0.33334
NDC,Model,VS-WF+All6-611,0.50000,0.33334,0.33334,0.66667,0.33334,0.33334
NDC,Model,VS-WF+All6-612,0.33334,0.50000,0.50000,0.50000,0.50000,0.50000
NDC,Model,VS-WF+All6-613,0.33334,0.66667,0.66667,0.50000,0.66667,0.66667
NDC,Model,VS-WF+All6-614,0.66667,0.66667
NDC,Model,VS-WF+All6-615,0.33334,0.66667,0.50000,0.50000,0.50000,0.66667
NDC,Model,VS-WF+All6-616,0.33334,0.50000,0.50000,0.50000,0.50000,0.50000
NDC,Model,VS-WF+All6-617,0.33334,0.66667,0.66667,0.50000,0.66667,0.66667
NDC,Model,VS-WF+All6-618,0.33334,0.50000,0.66667,0.50000,0.66667,0.50000
NDC,Model,VS-WF+All6-619,0.66667,0.66667
NDC,Model,VS-WF+All6-62,0.50000,0.33334,0.33334,0.66667,0.33334,0.33334
NDC,Model,VS-WF+All6-620,0.66667,0.66667
NDC,Model,VS-WF+All6-621,0.66667,0.33334,0.33334,0.66667,0.33334,0.33334
NDC,Model,VS-WF+All6-622,0.66667,0.33334,0.33334,0.50000,0.33334,0.33334
NDC,Model,VS-WF+All6-623,0.83334,0.50000
NDC,Model,VS-WF+All6-624,0.66667,0.83334
NDC,Model,VS-WF+All6-625,0.66667,0.83334
NDC,Model,VS-WF+All6-626,0.66667,0.83334
NDC,Model,VS-WF+All6-627,0.83334,0.66667
NDC,Model,VS-WF+All6-628,0.66667,0.83334
NDC,Model,VS-WF+All6-629,0.66667,0.83334
NDC,Model,VS-WF+All6-63,0.50000,0.83334
NDC,Model,VS-WF+All6-630,0.66667,0.33334,0.33334,0.66667,0.33334,0.33334
NDC,Model,VS-WF+All6-631,0.66667,0.83334
NDC,Model,VS-WF+All6-632,1.00000,0.66667
NDC,Model,VS-WF+All6-633,0.66667,0.83334
NDC,Model,VS-WF+All6-634,0.66667,0.83334
NDC,Model,VS-WF+All6-635,0.33334,0.50000,0.50000,0.50000,0.50000,0.50000
NDC,Model,VS-WF+All6-636,0.66667,0.33334,0.33334,0.66667,0.33334,0.33334
NDC,Model,VS-WF+All6-637,0.33334,0.66667,0.50000,0.50000,0.50000,0.66667
NDC,Model,VS-WF+All6-638,0.33334,0.66667,0.50000,0.50000,0.50000,0.66667
NDC,Model,VS-WF+All6-639,0.33334,0.66667,0.66667,0.50000,0.66667,0.66667
NDC,Model,VS-WF+All6-64,0.50000,0.83334
NDC,Model,VS-WF+All6-640,0.33334,0.50000,0.50000,0.50000,0.50000,0.50000
NDC,Model,VS-WF+All6-641,0.33334,0.66667,0.50000,0.50000,0.50000,0.66667
NDC,Model,VS-WF+All6-642,0.50000,0.33334,0.33334,0.66667,0.33334,0.33334
NDC,Model,VS-WF+All6-643,0.50000,0.33334,0.33334,0.66667,0.33334,0.33334
NDC,Model,VS-WF+All6-644,0.33334,0.66667,0.66667,0.33334,0.66667,0.66667
NDC,Model,VS-WF+All6-645,0.33334,0.33334,0.33334,0.66667,0.33334,0.33334
NDC,Model,VS-WF+All6-646,0.33334,0.33334,0.33334,0.66667,0.33334,0.33334
NDC,Model,VS-WF+All6-647,0.50000,0.83334
NDC,Model,VS-WF+All6-648,0.50000,0.33334,0.33334,0.66667,0.33334,0.33334
NDC,Model,VS-WF+All6-649,0.50000,0.33334,0.33334,0.66667,0.33334,0.33334
NDC,Model,VS-WF+All6-65,0.50000,0.83334
NDC,Model,VS-WF+All6-650,0.33334,0.33334,0.33334,0.66667,0.33334,0.33334
NDC,Model,VS-WF+All6-651,0.33334,0.33334,0.33334,0.66667,0.33334,0.33334
NDC,Model,VS-WF+All6-652,0.33334,0.33334,0.33334,0.66667,0.33334,0.33334
NDC,Model,VS-WF+All6-653,0.33334,0.66667,0.66667,0.50000,0.66667,0.66667
NDC,Model,VS-WF+All6-654,0.33334,0.50000,0.50000,0.50000,0.50000,0.50000
NDC,Model,VS-WF+All6-655,0.50000,0.83334
NDC,Model,VS-WF+All6-656,0.33334,0.33334,0.33334,0.66667,0.33334,0.33334
NDC,Model,VS-WF+All6-657,0.33334,0.33334,0.33334,0.66667,0.33334,0.33334
NDC,Model,VS-WF+All6-658,0.33334,0.50000,0.66667,0.50000,0.66667,0.50000
NDC,Model,VS-WF+All6-659,0.33334,0.66667,0.66667,0.50000,0.66667,0.66667
NDC,Model,VS-WF+All6-66,0.50000,0.33334,0.33334,0.66667,0.33334,0.33334
NDC,Model,VS-WF+All6-660,0.33334,0.50000,0.66667,0.50000,0.66667,0.50000
NDC,Model,VS-WF+All6-661,0.50000,0.33334,0.33334,0.66667,0.33334,0.33334
NDC,Model,VS-WF+All6-662,0.33334,0.33334,0.33334,0.66667,0.33334,0.33334
NDC,Model,VS-WF+All6-663,0.33334,0.33334,0.33334,0.66667,0.33334,0.33334
NDC,Model,VS-WF+All6-664,0.33334,0.50000,0.50000,0.50000,0.50000,0.50000
NDC,Model,VS-WF+All6-665,0.50000,0.50000,0.50000,0.33334,0.50000,0.50000
NDC,Model,VS-WF+All6-666,0.33334,0.33334,0.33334,0.66667,0.33334,0.33334
NDC,Model,VS-WF+All6-667,0.66667,0.33334,0.33334,0.50000,0.33334,0.33334
NDC,Model,VS-WF+All6-668,0.33334,0.33334,0.33334,0.66667,0.33334,0.33334
NDC,Model,VS-WF+All6-669,0.33334,0.66667,0.66667,0.50000,0.66667,0.66667
NDC,Model,VS-WF+All6-67,0.33334,0.33334,0.33334,0.66667,0.33334,0.33334
NDC,Model,VS-WF+All6-670,0.33334,0.50000,0.66667,0.50000,0.66667,0.50000
NDC,Model,VS-WF+All6-671,0.33334,0.66667,0.66667,0.50000,0.66667,0.66667
NDC,Model,VS-WF+All6-672,0.50000,0.33334,0.33334,0.66667,0.33334,0.33334
NDC,Model,VS-WF+All6-673,0.50000,0.83334
NDC,Model,VS-WF+All6-674,0.50000,0.33334,0.33334,0.66667,0.33334,0.33334
NDC,Model,VS-WF+All6-675,0.50000,0.83334
NDC,Model,VS-WF+All6-676,0.50000,0.33334,0.33334,0.66667,0.33334,0.33334
NDC,Model,VS-WF+All6-677,0.50000,0.66667
NDC,Model,VS-WF+All6-678,0.33334,0.33334,0.33334,0.66667,0.33334,0.33334
NDC,Model,VS-WF+All6-679,0.33334,0.33334,0.33334,0.66667,0.33334,0.33334
NDC,Model,VS-WF+All6-68,0.50000,0.33334,0.33334,0.66667,0.33334,0.33334
NDC,Model,VS-WF+All6-680,0.50000,0.33334,0.33334,0.66667,0.33334,0.33334
NDC,Model,VS-WF+All6-681,0.33334,0.33334,0.33334,0.66667,0.33334,0.33334
NDC,Model,VS-WF+All6-682,0.33334,0.33334,0.33334,0.66667,0.33334,0.33334
NDC,Model,VS-WF+All6-683,0.33334,0.33334,0.33334,0.66667,0.33334,0.33334
NDC,Model,VS-WF+All6-684,0.33334,0.33334,0.33334,0.66667,0.33334,0.33334
NDC,Model,VS-WF+All6-685,0.33334,0.50000,0.50000,0.50000,0.50000,0.50000
NDC,Model,VS-WF+All6-686,0.33334,0.66667,0.66667,0.33334,0.66667,0.66667
NDC,Model,VS-WF+All6-687,0.50000,0.33334,0.33334,0.50000,0.33334,0.33334
NDC,Model,VS-WF+All6-688,0.33334,0.33334,0.33334,0.66667,0.33334,0.33334
NDC,Model,VS-WF+All6-689,0.33334,0.50000,0.66667,0.50000,0.66667,0.50000
NDC,Model,VS-WF+All6-69,0.50000,0.83334
NDC,Model,VS-WF+All6-690,0.33334,0.33334,0.33334,0.66667,0.33334,0.33334
NDC,Model,VS-WF+All6-691,0.50000,0.83334
NDC,Model,VS-WF+All6-692,0.50000,0.33334,0.33334,0.66667,0.33334,0.33334
NDC,Model,VS-WF+All6-693,0.33334,0.50000,0.50000,0.50000,0.50000,0.50000
NDC,Model,VS-WF+All6-694,0.33334,0.66667,0.50000,0.50000,0.50000,0.66667
NDC,Model,VS-WF+All6-695,0.33334,0.50000,0.50000,0.50000,0.50000,0.50000
NDC,Model,VS-WF+All6-696,0.66667,0.83334
NDC,Model,VS-WF+All6-697,0.83334,0.66667
NDC,Model,VS-WF+All6-698,0.66667,0.33334,0.33334,0.66667,0.33334,0.33334
NDC,Model,VS-WF+All6-699,0.66667,0.33334,0.33334,0.66667,0.33334,0.33334
NDC,Model,VS-WF+All6-7,0.66667,0.66667
NDC,Model,VS-WF+All6-70,0.33334,0.83334
NDC,Model,VS-WF+All6-700,0.66667,0.83334
NDC,Model,VS-WF+All6-701,0.66667,0.83334
NDC,Model,VS-WF+All6-702,0.66667,0.83334
NDC,Model,VS-WF+All6-703,0.66667,0.33334,0.33334,0.66667,0.33334,0.33334
NDC,Model,VS-WF+All6-704,0.33334,0.33334,0.33334,0.66667,0.33334,0.33334
NDC,Model,VS-WF+All6-705,0.66667,0.33334,0.33334,0.50000,0.33334,0.33334
NDC,Model,VS-WF+All6-706,0.50000,0.66667
NDC,Model,VS-WF+All6-707,0.33334,0.33334,0.33334,0.66667,0.33334,0.33334
NDC,Model,VS-WF+All6-708,0.33334,0.66667,0.50000,0.50000,0.50000,0.66667
NDC,Model,VS-WF+All6-709,0.33334,0.50000,0.50000,0.50000,0.50000,0.50000
NDC,Model,VS-WF+All6-71,0.33334,0.33334,0.33334,0.66667,0.33334,0.33334
NDC,Model,VS-WF+All6-710,0.33334,0.66667,0.66667,0.33334,0.66667,0.66667
NDC,Model,VS-WF+All6-711,0.33334,0.33334,0.33334,0.66667,0.33334,0.33334
NDC,Model,VS-WF+All6-712,0.33334,0.33334,0.33334,0.66667,0.33334,0.33334
NDC,Model,VS-WF+All6-713,0.33334,0.33334,0.33334,0.66667,0.33334,0.33334
NDC,Model,VS-WF+All6-714,0.33334,0.66667,0.50000,0.50000,0.50000,0.66667
NDC,Model,VS-WF+All6-715,0.33334,0.66667,0.66667,0.50000,0.66667,0.66667
NDC,Model,VS-WF+All6-716,0.33334,0.50000,0.50000,0.50000,0.50000,0.50000
NDC,Model,VS-WF+All6-717,0.33334,0.50000,0.66667,0.50000,0.66667,0.50000
NDC,Model,VS-WF+All6-718,0.33334,0.50000,0.50000,0.50000,0.50000,0.50000
NDC,Model,VS-WF+All6-719,0.33334,0.83334
NDC,Model,VS-WF+All6-72,0.33334,0.33334,0.33334,0.66667,0.33334,0.33334
NDC,Model,VS-WF+All6-720,0.66667,0.83334
NDC,Model,VS-WF+All6-721,0.66667,0.83334
NDC,Model,VS-WF+All6-722,0.33334,0.50000,0.50000,0.50000,0.50000,0.50000
NDC,Model,VS-WF+All6-723,0.66667,0.83334
NDC,Model,VS-WF+All6-724,0.66667,0.33334,0.33334,0.66667,0.33334,0.33334
NDC,Model,VS-WF+All6-725,0.66667,0.33334,0.33334,0.66667,0.33334,0.33334
NDC,Model,VS-WF+All6-726,0.83334,0.66667
NDC,Model,VS-WF+All6-727,0.66667,0.33334,0.33334,0.66667,0.33334,0.33334
NDC,Model,VS-WF+All6-728,0.33334,0.33334,0.33334,0.66667,0.33334,0.33334
NDC,Model,VS-WF+All6-729,0.33334,0.66667,0.50000,0.50000,0.50000,0.66667
NDC,Model,VS-WF+All6-73,0.33334,0.83334
NDC,Model,VS-WF+All6-730,0.33334,0.50000,0.50000,0.50000,0.50000,0.50000
NDC,Model,VS-WF+All6-731,0.33334,0.33334,0.33334,0.66667,0.33334,0.33334
NDC,Model,VS-WF+All6-732,0.33334,0.33334,0.33334,0.66667,0.33334,0.33334
NDC,Model,VS-WF+All6-733,0.83334,0.50000
NDC,Model,VS-WF+All6-734,1.00000,0.33334
NDC,Model,VS-WF+All6-735,0.83334,0.50000
NDC,Model,VS-WF+All6-736,0.33334,0.66667,0.66667,0.33334,0.66667,0.66667
NDC,Model,VS-WF+All6-737,0.33334,0.33334,0.33334,0.66667,0.33334,0.33334
NDC,Model,VS-WF+All6-738,0.33334,0.33334,0.33334,0.66667,0.33334,0.33334
NDC,Model,VS-WF+All6-739,0.33334,0.33334,0.33334,0.66667,0.33334,0.33334
NDC,Model,VS-WF+All6-74,0.50000,0.33334,0.33334,0.66667,0.33334,0.33334
NDC,Model,VS-WF+All6-740,0.33334,0.50000,0.50000,0.50000,0.50000,0.50000
NDC,Model,VS-WF+All6-741,0.66667,0.33334,0.33334,0.50000,0.33334,0.33334
NDC,Model,VS-WF+All6-742,1.00000,0.50000
NDC,Model,VS-WF+All6-743,0.66667,0.33334,0.33334,0.50000,0.33334,0.33334
NDC,Model,VS-WF+All6-744,0.66667,0.66667
NDC,Model,VS-WF+All6-745,0.33334,0.33334,0.33334,0.66667,0.33334,0.33334
NDC,Model,VS-WF+All6-746,0.33334,0.50000,0.50000,0.50000,0.50000,0.50000
NDC,Model,VS-WF+All6-75,0.50000,0.83334
NDC,Model,VS-WF+All6-76,0.33334,0.33334,0.33334,0.66667,0.33334,0.33334
NDC,Model,VS-WF+All6-77,0.33334,0.83334
NDC,Model,VS-WF+All6-78,0.33334,0.66667,0.50000,0.50000,0.50000,0.66667
NDC,Model,VS-WF+All6-79,0.33334,0.50000,0.50000,0.50000,0.50000,0.50000
NDC,Model,VS-WF+All6-8,0.33334,0.33334,0.33334,0.66667,0.33334,0.33334
NDC,Model,VS-WF+All6-80,0.66667,0.66667
NDC,Model,VS-WF+All6-81,0.50000,0.83334
NDC,Model,VS-WF+All6-82,0.33334,0.33334,0.33334,0.66667,0.33334,0.33334
NDC,Model,VS-WF+All6-83,0.33334,0.83334
NDC,Model,VS-WF+All6-84,0.50000,0.83334
NDC,Model,VS-WF+All6-85,0.50000,0.83334
NDC,Model,VS-WF+All6-86,0.50000,0.83334
NDC,Model,VS-WF+All6-87,0.50000,0.83334
NDC,Model,VS-WF+All6-88,0.50000,0.33334,0.33334,0.66667,0.33334,0.33334
NDC,Model,VS-WF+All6-89,0.33334,0.33334,0.33334,0.66667,0.33334,0.33334
NDC,Model,VS-WF+All6-9,0.33334,0.33334,0.33334,0.66667,0.33334,0.33334
NDC,Model,VS-WF+All6-90,0.33334,0.33334,0.33334,0.66667,0.33334,0.33334
NDC,Model,VS-WF+All6-91,0.33334,0.33334,0.33334,0.66667,0.33334,0.33334
NDC,Model,VS-WF+All6-92,0.50000,0.33334,0.33334,0.66667,0.33334,0.33334
NDC,Model,VS-WF+All6-93,0.50000,0.83334
NDC,Model,VS-WF+All6-94,0.50000,0.83334
NDC,Model,VS-WF+All6-95,0.50000,0.66667
NDC,Model,VS-WF+All6-96,0.66667,0.50000
NDC,Model,VS-WF+All6-97,0.50000,0.33334,0.33334,0.50000,0.33334,0.33334
NDC,Model,VS-WF+All6-98,0.50000,0.83334
NDC,Model,VS-WF+All6-99,0.50000,0.66667
NDC,NHLattice,VS-WF+All6-1,0.33334,0.83334
NDC,NHLattice,VS-WF+All6-10,0.33334,0.83334
NDC,NHLattice,VS-WF+All6-100,0.33334,0.50000,0.50000,0.33334,0.33334,0.33334
NDC,NHLattice,VS-WF+All6-101,0.50000,0.83334
NDC,NHLattice,VS-WF+All6-102,0.50000,0.66667
NDC,NHLattice,VS-WF+All6-103,0.50000,0.66667
NDC,NHLattice,VS-WF+All6-104,0.50000,0.83334
NDC,NHLattice,VS-WF+All6-105,0.33334,0.50000,0.33334,0.50000,0.33334,0.33334
NDC,NHLattice,VS-WF+All6-106,0.33334,0.50000,0.50000,0.33334,0.33334,0.33334
NDC,NHLattice,VS-WF+All6-107,0.33334,0.50000,0.50000,0.33334,0.33334,0.33334
NDC,NHLattice,VS-WF+All6-108,0.33334,0.50000,0.33334,0.50000,0.33334,0.33334
NDC,NHLattice,VS-WF+All6-109,0.66667,0.50000
NDC,NHLattice,VS-WF+All6-11,0.33334,0.33334,0.66667,0.33334,0.33334,0.33334
NDC,NHLattice,VS-WF+All6-110,0.50000,0.66667
NDC,NHLattice,VS-WF+All6-111,0.50000,0.66667
NDC,NHLattice,VS-WF+All6-112,0.50000,0.83334
NDC,NHLattice,VS-WF+All6-113,0.50000,0.66667
NDC,NHLattice,VS-WF+All6-114,0.33334,0.50000,0.33334,0.50000,0.33334,0.33334
NDC,NHLattice,VS-WF+All6-115,0.50000,0.66667
NDC,NHLattice,VS-WF+All6-116,0.33334,0.50000,0.50000,0.33334,0.33334,0.33334
NDC,NHLattice,VS-WF+All6-117,0.33334,0.50000,0.50000,0.33334,0.33334,0.33334
NDC,NHLattice,VS-WF+All6-118,0.50000,0.83334
NDC,NHLattice,VS-WF+All6-119,0.50000,0.66667
NDC,NHLattice,VS-WF+All6-12,0.33334,0.83334
NDC,NHLattice,VS-WF+All6-120,0.66667,0.50000
NDC,NHLattice,VS-WF+All6-121,0.33334,0.33334,0.66667,0.33334,0.33334,0.33334
NDC,NHLattice,VS-WF+All6-122,0.50000,0.83334
NDC,NHLattice,VS-WF+All6-123,0.33334,0.33334,0.66667,0.33334,0.33334,0.33334
NDC,NHLattice,VS-WF+All6-124,0.33334,0.50000,0.66667,0.33334,0.33334,0.33334
NDC,NHLattice,VS-WF+All6-125,0.33334,0.33334,0.66667,0.33334,0.33334,0.33334
NDC,NHLattice,VS-WF+All6-126,0.33334,0.33334,0.66667,0.33334,0.33334,0.33334
NDC,NHLattice,VS-WF+All6-127,0.33334,0.83334
NDC,NHLattice,VS-WF+All6-128,0.33334,0.33334,0.66667,0.33334,0.33334,0.33334
NDC,NHLattice,VS-WF+All6-129,0.33334,0.33334,0.66667,0.33334,0.33334,0.33334
NDC,NHLattice,VS-WF+All6-13,0.33334,0.33334,0.33334,0.66667,0.33334,0.33334
NDC,NHLattice,VS-WF+All6-130,0.33334,0.33334,0.66667,0.33334,0.33334,0.33334
NDC,NHLattice,VS-WF+All6-131,0.33334,0.33334,0.66667,0.33334,0.33334,0.33334
NDC,NHLattice,VS-WF+All6-132,0.50000,0.83334
NDC,NHLattice,VS-WF+All6-133,0.33334,0.33334,0.66667,0.33334,0.33334,0.33334
NDC,NHLattice,VS-WF+All6-134,0.33334,0.50000,0.50000,0.33334,0.33334,0.33334
NDC,NHLattice,VS-WF+All6-135,0.33334,0.33334,0.66667,0.33334,0.33334,0.33334
NDC,NHLattice,VS-WF+All6-136,0.33334,0.50000,0.50000,0.33334,0.33334,0.33334
NDC,NHLattice,VS-WF+All6-137,0.33334,0.50000,0.33334,0.50000,0.33334,0.33334
NDC,NHLattice,VS-WF+All6-138,0.66667,0.50000
NDC,NHLattice,VS-WF+All6-139,0.33334,0.33334,0.66667,0.33334,0.33334,0.33334
NDC,NHLattice,VS-WF+All6-14,0.33334,0.33334,0.66667,0.33334,0.33334,0.33334
NDC,NHLattice,VS-WF+All6-140,0.33334,0.83334
NDC,NHLattice,VS-WF+All6-141,0.50000,0.33334,0.50000,0.66667,0.66667,0.50000
NDC,NHLattice,VS-WF+All6-142,0.66667,0.33334,0.50000,0.50000,0.66667,0.50000
NDC,NHLattice,VS-WF+All6-143,0.33334,0.33334,0.66667,0.33334,0.33334,0.33334
NDC,NHLattice,VS-WF+All6-144,0.50000,0.83334
NDC,NHLattice,VS-WF+All6-145,0.33334,0.33334,0.66667,0.33334,0.33334,0.33334
NDC,NHLattice,VS-WF+All6-146,0.33334,0.50000,0.50000,0.33334,0.33334,0.33334
NDC,NHLattice,VS-WF+All6-147,0.33334,0.33334,0.66667,0.33334,0.33334,0.33334
NDC,NHLattice,VS-WF+All6-148,0.33334,0.33334,0.66667,0.33334,0.33334,0.33334
NDC,NHLattice,VS-WF+All6-149,0.33334,0.50000,0.50000,0.33334,0.33334,0.33334
NDC,NHLattice,VS-WF+All6-15,0.33334,0.33334,0.66667,0.33334,0.33334,0.33334
NDC,NHLattice,VS-WF+All6-150,0.50000,0.66667,0.50000,0.33334,0.50000,0.50000
NDC,NHLattice,VS-WF+All6-151,0.33334,0.50000,0.33334,0.50000,0.33334,0.33334
NDC,NHLattice,VS-WF+All6-152,0.50000,0.33334,0.66667,0.50000,0.50000,0.66667
NDC,NHLattice,VS-WF+All6-153,0.33334,0.33334,0.66667,0.33334,0.33334,0.33334
NDC,NHLattice,VS-WF+All6-154,0.50000,0.33334,0.50000,0.50000,0.50000,0.50000
NDC,NHLattice,VS-WF+All6-155,0.66667,0.33334,0.50000,0.66667,0.66667,0.66667
NDC,NHLattice,VS-WF+All6-156,0.50000,0.33334,0.66667,0.50000,0.50000,0.66667
NDC,NHLattice,VS-WF+All6-157,0.66667,0.33334,0.50000,0.50000,0.50000,0.66667
NDC,NHLattice,VS-WF+All6-158,0.33334,0.83334,0.33334,0.33334,0.33334,0.33334
NDC,NHLattice,VS-WF+All6-159,0.33334,0.66667,0.33334,0.50000,0.33334,0.33334
NDC,NHLattice,VS-WF+All6-16,0.33334,0.33334,0.66667,0.33334,0.33334,0.33334
NDC,NHLattice,VS-WF+All6-160,0.33334,0.66667,0.33334,0.66667,0.33334,0.33334
NDC,NHLattice,VS-WF+All6-161,0.66667,0.33334,0.66667,0.50000,0.66667,0.66667
NDC,NHLattice,VS-WF+All6-162,0.33334,0.83334,0.33334,0.33334,0.33334,0.33334
NDC,NHLattice,VS-WF+All6-163,0.33334,0.66667,0.33334,0.66667,0.33334,0.33334
NDC,NHLattice,VS-WF+All6-164,0.33334,0.33334,0.66667,0.33334,0.33334,0.33334
NDC,NHLattice,VS-WF+All6-165,0.33334,0.66667,0.33334,0.50000,0.33334,0.33334
NDC,NHLattice,VS-WF+All6-166,0.33334,0.66667,0.50000,0.33334,0.33334,0.33334
NDC,NHLattice,VS-WF+All6-167,0.33334,0.66667,0.33334,0.66667,0.33334,0.33334
NDC,NHLattice,VS-WF+All6-168,0.33334,0.66667,0.33334,0.50000,0.33334,0.33334
NDC,NHLattice,VS-WF+All6-169,0.33334,0.66667,0.66667,0.33334,0.33334,0.33334
NDC,NHLattice,VS-WF+All6-17,0.50000,0.66667
NDC,NHLattice,VS-WF+All6-170,0.33334,0.66667,0.33334,0.50000,0.33334,0.33334
NDC,NHLattice,VS-WF+All6-171,0.33334,0.66667,0.33334,0.66667,0.33334,0.33334
NDC,NHLattice,VS-WF+All6-172,0.33334,0.33334,0.66667,0.33334,0.33334,0.33334
NDC,NHLattice,VS-WF+All6-173,0.33334,0.33334,0.66667,0.33334,0.33334,0.33334
NDC,NHLattice,VS-WF+All6-174,0.50000,0.83334
NDC,NHLattice,VS-WF+All6-175,0.33334,0.83334
NDC,NHLattice,VS-WF+All6-176,0.50000,0.83334
NDC,NHLattice,VS-WF+All6-177,0.50000,0.66667
NDC,NHLattice,VS-WF+All6-178,0.50000,0.33334,0.50000,0.50000,0.50000,0.50000
NDC,NHLattice,VS-WF+All6-179,0.33334,0.50000,0.33334,0.50000,0.33334,0.33334
NDC,NHLattice,VS-WF+All6-18,0.33334,0.33334,0.66667,0.33334,0.33334,0.33334
NDC,NHLattice,VS-WF+All6-180,0.50000,0.83334
NDC,NHLattice,VS-WF+All6-181,0.50000,0.83334
NDC,NHLattice,VS-WF+All6-182,0.83334,0.50000
NDC,NHLattice,VS-WF+All6-183,0.50000,0.33334,0.66667,0.50000,0.50000,0.66667
NDC,NHLattice,VS-WF+All6-184,0.66667,0.50000
NDC,NHLattice,VS-WF+All6-185,0.66667,0.33334,0.66667,0.50000,0.66667,0.66667
NDC,NHLattice,VS-WF+All6-186,0.33334,0.33334,0.33334,0.66667,0.33334,0.33334
NDC,NHLattice,VS-WF+All6-187,0.33334,0.33334,0.66667,0.33334,0.33334,0.33334
NDC,NHLattice,VS-WF+All6-188,0.33334,0.33334,0.33334,0.66667,0.33334,0.33334
NDC,NHLattice,VS-WF+All6-189,0.83334,0.33334
NDC,NHLattice,VS-WF+All6-19,0.33334,0.33334,0.66667,0.33334,0.33334,0.33334
NDC,NHLattice,VS-WF+All6-190,0.66667,0.50000
NDC,NHLattice,VS-WF+All6-191,0.50000,0.33334,0.50000,0.50000,0.50000,0.50000
NDC,NHLattice,VS-WF+All6-192,0.50000,0.66667
NDC,NHLattice,VS-WF+All6-193,0.33334,0.50000,0.50000,0.33334,0.33334,0.33334
NDC,NHLattice,VS-WF+All6-194,0.50000,0.33334,0.50000,0.50000,0.50000,0.50000
NDC,NHLattice,VS-WF+All6-195,0.66667,0.33334,0.50000,0.50000,0.66667,0.50000
NDC,NHLattice,VS-WF+All6-196,0.33334,0.50000,0.50000,0.33334,0.33334,0.33334
NDC,NHLattice,VS-WF+All6-197,0.50000,0.83334
NDC,NHLattice,VS-WF+All6-198,0.33334,0.50000,0.50000,0.33334,0.33334,0.33334
NDC,NHLattice,VS-WF+All6-199,0.33334,0.50000,0.33334,0.50000,0.33334,0.33334
NDC,NHLattice,VS-WF+All6-2,0.33334,0.83334
NDC,NHLattice,VS-WF+All6-20,0.33334,0.83334
NDC,NHLattice,VS-WF+All6-200,0.50000,0.33334,0.50000,0.50000,0.50000,0.50000
NDC,NHLattice,VS-WF+All6-201,0.66667,0.33334,0.50000,0.50000,0.50000,0.66667
NDC,NHLattice,VS-WF+All6-202,0.50000,0.66667
NDC,NHLattice,VS-WF+All6-203,0.50000,0.33334,0.50000,0.50000,0.50000,0.50000
NDC,NHLattice,VS-WF+All6-204,0.33334,0.33334,0.33334,0.66667,0.33334,0.33334
NDC,NHLattice,VS-WF+All6-205,0.33334,0.33334,0.66667,0.33334,0.33334,0.33334
NDC,NHLattice,VS-WF+All6-206,0.33334,0.33334,0.66667,0.33334,0.33334,0.33334
NDC,NHLattice,VS-WF+All6-207,0.50000,0.83334
NDC,NHLattice,VS-WF+All6-208,0.50000,0.33334,0.50000,0.50000,0.50000,0.50000
NDC,NHLattice,VS-WF+All6-209,0.66667,0.33334,0.50000,0.66667,0.66667,0.66667
NDC,NHLattice,VS-WF+All6-21,0.33334,0.83334
NDC,NHLattice,VS-WF+All6-210,0.50000,0.33334,0.66667,0.50000,0.50000,0.66667
NDC,NHLattice,VS-WF+All6-211,0.33334,0.33334,0.66667,0.33334,0.33334,0.33334
NDC,NHLattice,VS-WF+All6-212,0.33334,0.33334,0.66667,0.33334,0.33334,0.33334
NDC,NHLattice,VS-WF+All6-213,0.33334,0.50000,0.66667,0.33334,0.33334,0.33334
NDC,NHLattice,VS-WF+All6-214,0.33334,0.50000,0.66667,0.33334,0.33334,0.33334
NDC,NHLattice,VS-WF+All6-215,0.66667,0.33334,0.66667,0.50000,0.66667,0.66667
NDC,NHLattice,VS-WF+All6-216,0.33334,0.33334,0.66667,0.33334,0.33334,0.33334
NDC,NHLattice,VS-WF+All6-217,0.33334,0.33334,0.66667,0.33334,0.33334,0.33334
NDC,NHLattice,VS-WF+All6-218,0.66667,0.33334,0.50000,0.50000,0.66667,0.50000
NDC,NHLattice,VS-WF+All6-219,0.66667,0.50000
NDC,NHLattice,VS-WF+All6-22,0.33334,0.33334,0.66667,0.33334,0.33334,0.33334
NDC,NHLattice,VS-WF+All6-220,0.50000,0.83334
NDC,NHLattice,VS-WF+All6-221,0.33334,0.33334,0.33334,0.66667,0.33334,0.33334
NDC,NHLattice,VS-WF+All6-222,0.33334,0.33334,0.66667,0.33334,0.33334,0.33334
NDC,NHLattice,VS-WF+All6-223,0.33334,0.33334,0.33334,0.66667,0.33334,0.33334
NDC,NHLattice,VS-WF+All6-224,0.33334,0.33334,0.66667,0.33334,0.33334,0.33334
NDC,NHLattice,VS-WF+All6-225,0.50000,0.33334,0.50000,0.50000,0.50000,0.50000
NDC,NHLattice,VS-WF+All6-226,0.66667,0.66667
NDC,NHLattice,VS-WF+All6-227,0.50000,0.83334
NDC,NHLattice,VS-WF+All6-228,0.33334,0.50000,0.66667,0.33334,0.33334,0.33334
NDC,NHLattice,VS-WF+All6-229,0.66667,0.66667
NDC,NHLattice,VS-WF+All6-23,0.33334,0.33334,0.33334,0.66667,0.33334,0.33334
NDC,NHLattice,VS-WF+All6-230,0.33334,0.33334,0.66667,0.33334,0.33334,0.33334
NDC,NHLattice,VS-WF+All6-231,0.66667,0.66667
NDC,NHLattice,VS-WF+All6-232,0.33334,0.66667,0.33334,0.33334,0.33334,0.33334
NDC,NHLattice,VS-WF+All6-233,0.33334,0.50000,0.66667,0.33334,0.33334,0.33334
NDC,NHLattice,VS-WF+All6-234,0.33334,0.33334,0.66667,0.33334,0.33334,0.33334
NDC,NHLattice,VS-WF+All6-235,0.50000,0.83334
NDC,NHLattice,VS-WF+All6-236,0.50000,0.83334
NDC,NHLattice,VS-WF+All6-237,0.66667,0.33334,0.50000,0.50000,0.66667,0.50000
NDC,NHLattice,VS-WF+All6-238,0.66667,0.50000
NDC,NHLattice,VS-WF+All6-239,0.50000,0.33334,0.50000,0.50000,0.50000,0.50000
NDC,NHLattice,VS-WF+All6-24,0.33334,0.33334,0.66667,0.33334,0.33334,0.33334
NDC,NHLattice,VS-WF+All6-240,0.33334,0.33334,0.33334,0.66667,0.33334,0.33334
NDC,NHLattice,VS-WF+All6-241,0.66667,0.66667
NDC,NHLattice,VS-WF+All6-242,0.33334,0.83334
NDC,NHLattice,VS-WF+All6-243,0.33334,0.83334
NDC,NHLattice,VS-WF+All6-244,0.33334,0.33334,0.66667,0.33334,0.33334,0.33334
NDC,NHLattice,VS-WF+All6-245,0.66667,0.66667
NDC,NHLattice,VS-WF+All6-246,0.33334,0.83334
NDC,NHLattice,VS-WF+All6-247,0.50000,0.66667
NDC,NHLattice,VS-WF+All6-248,0.33334,0.50000,0.66667,0.33334,0.33334,0.33334
NDC,NHLattice,VS-WF+All6-249,0.66667,0.66667
NDC,NHLattice,VS-WF+All6-25,0.33334,0.33334,0.33334,0.66667,0.33334,0.33334
NDC,NHLattice,VS-WF+All6-250,0.33334,0.33334,0.66667,0.33334,0.33334,0.33334
NDC,NHLattice,VS-WF+All6-251,0.50000,0.83334
NDC,NHLattice,VS-WF+All6-252,0.50000,0.83334
NDC,NHLattice,VS-WF+All6-253,0.50000,0.83334
NDC,NHLattice,VS-WF+All6-254,0.33334,0.50000,0.66667,0.33334,0.33334,0.33334
NDC,NHLattice,VS-WF+All6-255,0.50000,0.83334
NDC,NHLattice,VS-WF+All6-256,0.50000,0.83334
NDC,NHLattice,VS-WF+All6-257,0.50000,0.83334
NDC,NHLattice,VS-WF+All6-258,0.50000,0.83334
NDC,NHLattice,VS-WF+All6-259,0.33334,0.50000,0.33334,0.66667,0.33334,0.33334
NDC,NHLattice,VS-WF+All6-26,0.83334,0.50000
NDC,NHLattice,VS-WF+All6-260,0.33334,0.50000,0.66667,0.33334,0.33334,0.33334
NDC,NHLattice,VS-WF+All6-261,0.33334,0.33334,0.33334,0.66667,0.33334,0.33334
NDC,NHLattice,VS-WF+All6-262,0.33334,0.33334,0.66667,0.33334,0.33334,0.33334
NDC,NHLattice,VS-WF+All6-263,0.66667,0.33334,0.50000,0.50000,0.66667,0.50000
NDC,NHLattice,VS-WF+All6-264,0.66667,0.50000
NDC,NHLattice,VS-WF+All6-265,0.33334,0.33334,0.66667,0.33334,0.33334,0.33334
NDC,NHLattice,VS-WF+All6-266,0.83334,0.33334
NDC,NHLattice,VS-WF+All6-267,0.33334,0.33334,0.66667,0.33334,0.33334,0.33334
NDC,NHLattice,VS-WF+All6-268,0.33334,0.50000,0.66667,0.33334,0.33334,0.33334
NDC,NHLattice,VS-WF+All6-269,0.33334,0.50000,0.66667,0.33334,0.33334,0.33334
NDC,NHLattice,VS-WF+All6-27,0.33334,0.33334,0.66667,0.33334,0.33334,0.33334
NDC,NHLattice,VS-WF+All6-270,0.50000,0.33334,0.50000,0.50000,0.50000,0.50000
NDC,NHLattice,VS-WF+All6-271,0.66667,0.66667
NDC,NHLattice,VS-WF+All6-272,0.66667,0.66667
NDC,NHLattice,VS-WF+All6-273,0.66667,0.66667
NDC,NHLattice,VS-WF+All6-274,0.66667,0.50000
NDC,NHLattice,VS-WF+All6-275,0.33334,0.66667,0.33334,0.33334,0.33334,0.33334
NDC,NHLattice,VS-WF+All6-276,0.33334,0.33334,0.66667,0.33334,0.33334,0.33334
NDC,NHLattice,VS-WF+All6-277,0.66667,0.66667
NDC,NHLattice,VS-WF+All6-278,0.66667,0.50000
NDC,NHLattice,VS-WF+All6-279,0.50000,0.66667
NDC,NHLattice,VS-WF+All6-28,0.33334,0.33334,0.66667,0.33334,0.33334,0.33334
NDC,NHLattice,VS-WF+All6-280,0.50000,0.83334
NDC,NHLattice,VS-WF+All6-281,0.50000,0.83334
NDC,NHLattice,VS-WF+All6-282,0.33334,0.50000,0.50000,0.33334,0.33334,0.33334
NDC,NHLattice,VS-WF+All6-283,0.50000,0.66667
NDC,NHLattice,VS-WF+All6-284,0.50000,0.66667
NDC,NHLattice,VS-WF+All6-285,0.50000,0.66667
NDC,NHLattice,VS-WF+All6-286,0.50000,0.83334
NDC,NHLattice,VS-WF+All6-287,0.66667,0.66667
NDC,NHLattice,VS-WF+All6-288,0.33334,0.50000,0.50000,0.33334,0.33334,0.33334
NDC,NHLattice,VS-WF+All6-289,0.33334,0.50000,0.33334,0.50000,0.33334,0.33334
NDC,NHLattice,VS-WF+All6-29,0.50000,0.66667
NDC,NHLattice,VS-WF+All6-290,0.33334,0.83334
NDC,NHLattice,VS-WF+All6-291,0.50000,0.66667
NDC,NHLattice,VS-WF+All6-292,0.33334,0.33334,0.66667,0.33334,0.33334,0.33334
NDC,NHLattice,VS-WF+All6-293,0.33334,0.33334,0.33334,0.66667,0.33334,0.33334
NDC,NHLattice,VS-WF+All6-294,0.33334,0.83334
NDC,NHLattice,VS-WF+All6-295,0.33334,0.83334
NDC,NHLattice,VS-WF+All6-296,0.50000,0.66667
NDC,NHLattice,VS-WF+All6-297,0.33334,0.33334,0.66667,0.33334,0.33334,0.33334
NDC,NHLattice,VS-WF+All6-298,0.33334,0.33334,0.66667,0.33334,0.33334,0.33334
NDC,NHLattice,VS-WF+All6-299,0.33334,0.50000,0.50000,0.33334,0.33334,0.33334
NDC,NHLattice,VS-WF+All6-3,0.33334,0.83334
NDC,NHLattice,VS-WF+All6-30,0.50000,0.66667
NDC,NHLattice,VS-WF+All6-300,0.33334,0.33334,0.66667,0.33334,0.33334,0.33334
NDC,NHLattice,VS-WF+All6-301,0.33334,0.50000,0.66667,0.33334,0.33334,0.33334
NDC,NHLattice,VS-WF+All6-302,0.33334,0.50000,0.66667,0.33334,0.33334,0.33334
NDC,NHLattice,VS-WF+All6-303,0.50000,0.33334,0.50000,0.50000,0.50000,0.50000
NDC,NHLattice,VS-WF+All6-304,0.33334,0.33334,0.33334,0.66667,0.33334,0.33334
NDC,NHLattice,VS-WF+All6-305,0.33334,0.50000,0.50000,0.33334,0.33334,0.33334
NDC,NHLattice,VS-WF+All6-306,0.33334,0.50000,0.33334,0.50000,0.33334,0.33334
NDC,NHLattice,VS-WF+All6-307,0.33334,0.33334,0.66667,0.33334,0.33334,0.33334
NDC,NHLattice,VS-WF+All6-308,0.33334,0.33334,0.66667,0.33334,0.33334,0.33334
NDC,NHLattice,VS-WF+All6-309,0.66667,0.33334,0.50000,0.50000,0.66667,0.50000
NDC,NHLattice,VS-WF+All6-31,0.50000,0.66667
NDC,NHLattice,VS-WF+All6-310,0.50000,0.50000,0.33334,0.50000,0.50000,0.50000
NDC,NHLattice,VS-WF+All6-311,0.33334,0.50000,0.50000,0.33334,0.33334,0.33334
NDC,NHLattice,VS-WF+All6-312,0.33334,0.50000,0.50000,0.33334,0.33334,0.33334
NDC,NHLattice,VS-WF+All6-313,0.33334,0.33334,0.66667,0.33334,0.33334,0.33334
NDC,NHLattice,VS-WF+All6-314,0.83334,0.66667
NDC,NHLattice,VS-WF+All6-315,0.33334,0.50000,0.66667,0.33334,0.33334,0.33334
NDC,NHLattice,VS-WF+All6-316,0.66667,0.33334,0.50000,0.66667,0.66667,0.66667
NDC,NHLattice,VS-WF+All6-317,0.50000,0.83334
NDC,NHLattice,VS-WF+All6-318,0.50000,0.33334,0.66667,0.50000,0.50000,0.66667
NDC,NHLattice,VS-WF+All6-319,0.50000,0.83334
NDC,NHLattice,VS-WF+All6-32,0.33334,0.33334,0.33334,0.66667,0.33334,0.33334
NDC,NHLattice,VS-WF+All6-320,0.33334,0.50000,0.50000,0.33334,0.33334,0.33334
NDC,NHLattice,VS-WF+All6-321,0.50000,0.33334,0.50000,0.50000,0.50000,0.50000
NDC,NHLattice,VS-WF+All6-322,0.66667,0.33334,0.50000,0.50000,0.50000,0.66667
NDC,NHLattice,VS-WF+All6-323,0.33334,0.50000,0.50000,0.33334,0.33334,0.33334
NDC,NHLattice,VS-WF+All6-324,0.50000,0.33334,0.50000,0.50000,0.50000,0.50000
NDC,NHLattice,VS-WF+All6-325,0.50000,0.83334
NDC,NHLattice,VS-WF+All6-326,0.33334,0.33334,0.66667,0.33334,0.33334,0.33334
NDC,NHLattice,VS-WF+All6-327,0.33334,0.33334,0.66667,0.33334,0.33334,0.33334
NDC,NHLattice,VS-WF+All6-328,0.33334,0.33334,0.66667,0.33334,0.33334,0.33334
NDC,NHLattice,VS-WF+All6-329,0.33334,0.83334
NDC,NHLattice,VS-WF+All6-33,0.33334,0.33334,0.66667,0.33334,0.33334,0.33334
NDC,NHLattice,VS-WF+All6-330,0.33334,0.33334,0.66667,0.33334,0.33334,0.33334
NDC,NHLattice,VS-WF+All6-331,0.33334,0.83334
NDC,NHLattice,VS-WF+All6-332,0.66667,0.50000
NDC,NHLattice,VS-WF+All6-333,0.33334,0.83334
NDC,NHLattice,VS-WF+All6-334,0.33334,0.66667,0.50000,0.33334,0.33334,0.33334
NDC,NHLattice,VS-WF+All6-335,0.50000,0.33334,0.50000,0.50000,0.50000,0.50000
NDC,NHLattice,VS-WF+All6-336,0.50000,0.83334
NDC,NHLattice,VS-WF+All6-337,0.33334,0.66667,0.33334,0.50000,0.33334,0.33334
NDC,NHLattice,VS-WF+All6-338,1.00000,0.33334
NDC,NHLattice,VS-WF+All6-339,0.33334,0.50000,0.33334,0.50000,0.33334,0.33334
NDC,NHLattice,VS-WF+All6-34,0.33334,0.83334
NDC,NHLattice,VS-WF+All6-340,0.33334,0.33334,0.33334,0.66667,0.33334,0.33334
NDC,NHLattice,VS-WF+All6-341,0.33334,0.83334
NDC,NHLattice,VS-WF+All6-342,0.33334,0.33334,0.33334,0.66667,0.33334,0.33334
NDC,NHLattice,VS-WF+All6-343,0.50000,0.83334
NDC,NHLattice,VS-WF+All6-344,0.50000,0.83334
NDC,NHLattice,VS-WF+All6-345,0.50000,0.50000,0.33334,0.50000,0.50000,0.50000
NDC,NHLattice,VS-WF+All6-346,0.50000,0.83334
NDC,NHLattice,VS-WF+All6-347,0.50000,0.83334
NDC,NHLattice,VS-WF+All6-348,0.50000,0.66667
NDC,NHLattice,VS-WF+All6-349,0.50000,0.83334
NDC,NHLattice,VS-WF+All6-35,0.33334,0.50000,0.50000,0.33334,0.33334,0.33334
NDC,NHLattice,VS-WF+All6-350,0.33334,0.50000,0.33334,0.50000,0.33334,0.33334
NDC,NHLattice,VS-WF+All6-351,0.66667,0.50000
NDC,NHLattice,VS-WF+All6-352,0.33334,0.50000,0.50000,0.33334,0.33334,0.33334
NDC,NHLattice,VS-WF+All6-353,0.33334,0.33334,0.66667,0.33334,0.33334,0.33334
NDC,NHLattice,VS-WF+All6-354,0.33334,0.50000,0.66667,0.33334,0.33334,0.33334
NDC,NHLattice,VS-WF+All6-355,0.33334,0.50000,0.66667,0.33334,0.33334,0.33334
NDC,NHLattice,VS-WF+All6-356,0.50000,0.83334
NDC,NHLattice,VS-WF+All6-357,0.33334,0.33334,0.33334,0.66667,0.33334,0.33334
NDC,NHLattice,VS-WF+All6-358,0.33334,0.50000,0.33334,0.50000,0.33334,0.33334
NDC,NHLattice,VS-WF+All6-359,0.33334,0.50000,0.50000,0.33334,0.33334,0.33334
NDC,NHLattice,VS-WF+All6-36,0.33334,0.83334
NDC,NHLattice,VS-WF+All6-360,0.33334,0.50000,0.66667,0.33334,0.33334,0.33334
NDC,NHLattice,VS-WF+All6-361,0.66667,0.66667
NDC,NHLattice,VS-WF+All6-362,0.33334,0.50000,0.33334,0.66667,0.33334,0.33334
NDC,NHLattice,VS-WF+All6-363,0.33334,0.33334,0.66667,0.33334,0.33334,0.33334
NDC,NHLattice,VS-WF+All6-364,0.66667,0.66667
NDC,NHLattice,VS-WF+All6-365,0.33334,0.50000,0.66667,0.33334,0.33334,0.33334
NDC,NHLattice,VS-WF+All6-366,0.66667,0.66667
NDC,NHLattice,VS-WF+All6-367,0.33334,0.50000,0.33334,0.66667,0.33334,0.33334
NDC,NHLattice,VS-WF+All6-368,0.33334,0.33334,0.66667,0.33334,0.33334,0.33334
NDC,NHLattice,VS-WF+All6-369,0.33334,0.33334,0.33334,0.66667,0.33334,0.33334
NDC,NHLattice,VS-WF+All6-37,0.33334,0.83334
NDC,NHLattice,VS-WF+All6-370,0.33334,0.33334,0.33334,0.66667,0.33334,0.33334
NDC,NHLattice,VS-WF+All6-371,0.33334,0.66667,0.33334,0.33334,0.33334,0.33334
NDC,NHLattice,VS-WF+All6-372,0.66667,0.50000
NDC,NHLattice,VS-WF+All6-373,0.33334,0.33334,0.33334,0.66667,0.33334,0.33334
NDC,NHLattice,VS-WF+All6-374,0.33334,0.83334
NDC,NHLattice,VS-WF+All6-375,0.33334,0.50000,0.50000,0.33334,0.33334,0.33334
NDC,NHLattice,VS-WF+All6-376,0.33334,0.83334
NDC,NHLattice,VS-WF+All6-377,0.33334,0.33334,0.33334,0.66667,0.33334,0.33334
NDC,NHLattice,VS-WF+All6-378,0.33334,0.33334,0.66667,0.33334,0.33334,0.33334
NDC,NHLattice,VS-WF+All6-379,0.33334,0.50000,0.50000,0.33334,0.33334,0.33334
NDC,NHLattice,VS-WF+All6-38,0.33334,0.50000,0.50000,0.33334,0.33334,0.33334
NDC,NHLattice,VS-WF+All6-380,0.83334,0.33334
NDC,NHLattice,VS-WF+All6-381,0.33334,0.33334,0.66667,0.33334,0.33334,0.33334
NDC,NHLattice,VS-WF+All6-382,0.33334,0.33334,0.33334,0.66667,0.33334,0.33334
NDC,NHLattice,VS-WF+All6-383,0.33334,0.33334,0.66667,0.33334,0.33334,0.33334
NDC,NHLattice,VS-WF+All6-384,0.33334,0.33334,0.66667,0.33334,0.33334,0.33334
NDC,NHLattice,VS-WF+All6-385,0.33334,0.33334,0.66667,0.33334,0.33334,0.33334
NDC,NHLattice,VS-WF+All6-386,0.33334,0.33334,0.66667,0.33334,0.33334,0.33334
NDC,NHLattice,VS-WF+All6-387,0.66667,0.33334,0.66667,0.50000,0.66667,0.66667
NDC,NHLattice,VS-WF+All6-388,0.33334,0.33334,0.66667,0.33334,0.33334,0.33334
NDC,NHLattice,VS-WF+All6-389,0.33334,0.33334,0.33334,0.66667,0.33334,0.33334
NDC,NHLattice,VS-WF+All6-39,0.33334,0.33334,0.33334,0.66667,0.33334,0.33334
NDC,NHLattice,VS-WF+All6-390,0.66667,0.66667
NDC,NHLattice,VS-WF+All6-391,0.33334,0.33334,0.66667,0.33334,0.33334,0.33334
NDC,NHLattice,VS-WF+All6-392,0.66667,0.66667
NDC,NHLattice,VS-WF+All6-393,0.83334,0.50000
NDC,NHLattice,VS-WF+All6-394,0.50000,0.66667
NDC,NHLattice,VS-WF+All6-395,0.33334,0.83334
NDC,NHLattice,VS-WF+All6-396,0.33334,0.83334
NDC,NHLattice,VS-WF+All6-397,0.33334,0.33334,0.66667,0.33334,0.33334,0.33334
NDC,NHLattice,VS-WF+All6-398,0.33334,0.33334,0.66667,0.33334,0.33334,0.33334
NDC,NHLattice,VS-WF+All6-399,0.33334,0.33334,0.66667,0.33334,0.33334,0.33334
NDC,NHLattice,VS-WF+All6-4,0.50000,0.66667
NDC,NHLattice,VS-WF+All6-40,0.50000,0.83334
NDC,NHLattice,VS-WF+All6-400,0.33334,0.50000,0.50000,0.33334,0.33334,0.33334
NDC,NHLattice,VS-WF+All6-401,0.33334,0.33334,0.33334,0.66667,0.33334,0.33334
NDC,NHLattice,VS-WF+All6-402,0.33334,0.33334,0.66667,0.33334,0.33334,0.33334
NDC,NHLattice,VS-WF+All6-403,0.33334,0.33334,0.66667,0.33334,0.33334,0.33334
NDC,NHLattice,VS-WF+All6-404,0.33334,0.33334,0.66667,0.33334,0.33334,0.33334
NDC,NHLattice,VS-WF+All6-405,0.33334,0.33334,0.66667,0.33334,0.33334,0.33334
NDC,NHLattice,VS-WF+All6-406,0.50000,0.33334,0.50000,0.66667,0.66667,0.50000
NDC,NHLattice,VS-WF+All6-407,0.33334,0.33334,0.66667,0.33334,0.33334,0.33334
NDC,NHLattice,VS-WF+All6-408,0.33334,0.33334,0.66667,0.33334,0.33334,0.33334
NDC,NHLattice,VS-WF+All6-409,0.66667,0.33334,0.66667,0.50000,0.66667,0.66667
NDC,NHLattice,VS-WF+All6-41,0.50000,0.66667
NDC,NHLattice,VS-WF+All6-410,0.50000,0.33334,0.66667,0.50000,0.50000,0.66667
NDC,NHLattice,VS-WF+All6-411,0.33334,0.33334,0.66667,0.33334,0.33334,0.33334
NDC,NHLattice,VS-WF+All6-412,0.33334,0.33334,0.66667,0.33334,0.33334,0.33334
NDC,NHLattice,VS-WF+All6-413,0.66667,0.33334,0.66667,0.50000,0.66667,0.66667
NDC,NHLattice,VS-WF+All6-414,0.66667,0.33334,0.66667,0.50000,0.66667,0.66667
NDC,NHLattice,VS-WF+All6-415,0.33334,0.66667,0.50000,0.33334,0.33334,0.33334
NDC,NHLattice,VS-WF+All6-416,0.33334,0.50000,0.50000,0.33334,0.33334,0.33334
NDC,NHLattice,VS-WF+All6-417,0.66667,0.83334
NDC,NHLattice,VS-WF+All6-418,0.66667,0.83334
NDC,NHLattice,VS-WF+All6-419,0.66667,0.83334
NDC,NHLattice,VS-WF+All6-42,0.33334,0.33334,0.66667,0.33334,0.33334,0.33334
NDC,NHLattice,VS-WF+All6-420,0.66667,0.66667
NDC,NHLattice,VS-WF+All6-421,0.66667,0.83334
NDC,NHLattice,VS-WF+All6-422,0.33334,0.66667,0.50000,0.33334,0.33334,0.33334
NDC,NHLattice,VS-WF+All6-423,0.50000,0.33334,0.50000,0.50000,0.50000,0.50000
NDC,NHLattice,VS-WF+All6-424,0.66667,0.83334
NDC,NHLattice,VS-WF+All6-425,0.66667,0.83334
NDC,NHLattice,VS-WF+All6-426,0.33334,0.33334,0.66667,0.33334,0.33334,0.33334
NDC,NHLattice,VS-WF+All6-427,0.66667,0.66667
NDC,NHLattice,VS-WF+All6-428,0.33334,0.66667,0.33334,0.50000,0.33334,0.33334
NDC,NHLattice,VS-WF+All6-429,0.83334,0.50000
NDC,NHLattice,VS-WF+All6-43,0.33334,0.83334
NDC,NHLattice,VS-WF+All6-430,0.66667,0.83334
NDC,NHLattice,VS-WF+All6-431,0.66667,0.66667
NDC,NHLattice,VS-WF+All6-432,0.83334,0.66667
NDC,NHLattice,VS-WF+All6-433,0.66667,0.83334
NDC,NHLattice,VS-WF+All6-434,0.33334,0.66667,0.66667,0.33334,0.33334,0.33334
NDC,NHLattice,VS-WF+All6-435,0.66667,0.83334
NDC,NHLattice,VS-WF+All6-436,0.66667,0.83334
NDC,NHLattice,VS-WF+All6-437,0.33334,0.33334,0.66667,0.33334,0.33334,0.33334
NDC,NHLattice,VS-WF+All6-438,0.83334,0.66667
NDC,NHLattice,VS-WF+All6-439,0.66667,0.83334
NDC,NHLattice,VS-WF+All6-44,0.33334,0.33334,0.66667,0.33334,0.33334,0.33334
NDC,NHLattice,VS-WF+All6-440,0.66667,0.83334
NDC,NHLattice,VS-WF+All6-441,0.66667,0.83334
NDC,NHLattice,VS-WF+All6-442,0.50000,0.66667
NDC,NHLattice,VS-WF+All6-443,0.33334,0.66667,0.66667,0.33334,0.33334,0.33334
NDC,NHLattice,VS-WF+All6-444,0.33334,0.50000,0.33334,0.50000,0.33334,0.33334
NDC,NHLattice,VS-WF+All6-445,0.50000,0.83334
NDC,NHLattice,VS-WF+All6-446,0.50000,0.66667
NDC,NHLattice,VS-WF+All6-447,0.66667,0.83334
NDC,NHLattice,VS-WF+All6-448,0.33334,0.66667,0.66667,0.33334,0.33334,0.33334
NDC,NHLattice,VS-WF+All6-449,0.50000,0.33334,0.66667,0.50000,0.50000,0.66667
NDC,NHLattice,VS-WF+All6-45,0.50000,0.83334
NDC,NHLattice,VS-WF+All6-450,0.50000,0.33334,0.50000,0.50000,0.50000,0.50000
NDC,NHLattice,VS-WF+All6-451,0.33334,0.83334
NDC,NHLattice,VS-WF+All6-452,0.33334,0.83334
NDC,NHLattice,VS-WF+All6-453,0.33334,0.33334,0.66667,0.33334,0.33334,0.33334
NDC,NHLattice,VS-WF+All6-454,0.33334,0.33334,0.66667,0.33334,0.33334,0.33334
NDC,NHLattice,VS-WF+All6-455,0.33334,0.33334,0.66667,0.33334,0.33334,0.33334
NDC,NHLattice,VS-WF+All6-456,0.33334,0.33334,0.66667,0.33334,0.33334,0.33334
NDC,NHLattice,VS-WF+All6-457,0.33334,0.33334,0.66667,0.33334,0.33334,0.33334
NDC,NHLattice,VS-WF+All6-458,0.33334,0.33334,0.33334,0.66667,0.33334,0.33334
NDC,NHLattice,VS-WF+All6-459,0.33334,0.33334,0.66667,0.33334,0.33334,0.33334
NDC,NHLattice,VS-WF+All6-46,0.50000,0.83334
NDC,NHLattice,VS-WF+All6-460,0.66667,0.66667
NDC,NHLattice,VS-WF+All6-461,0.33334,0.66667,0.33334,0.33334,0.33334,0.33334
NDC,NHLattice,VS-WF+All6-462,0.83334,0.33334
NDC,NHLattice,VS-WF+All6-463,0.33334,0.33334,0.33334,0.66667,0.33334,0.33334
NDC,NHLattice,VS-WF+All6-464,0.50000,0.33334,0.50000,0.66667,0.66667,0.50000
NDC,NHLattice,VS-WF+All6-465,0.33334,0.83334
NDC,NHLattice,VS-WF+All6-466,0.66667,0.33334,0.50000,0.66667,0.66667,0.66667
NDC,NHLattice,VS-WF+All6-467,0.66667,0.66667
NDC,NHLattice,VS-WF+All6-468,0.50000,0.33334,0.50000,0.66667,0.50000,0.66667
NDC,NHLattice,VS-WF+All6-469,0.50000,0.33334,0.50000,0.50000,0.50000,0.50000
NDC,NHLattice,VS-WF+All6-47,0.83334,0.66667
NDC,NHLattice,VS-WF+All6-470,0.66667,0.83334
NDC,NHLattice,VS-WF+All6-471,0.66667,0.83334
NDC,NHLattice,VS-WF+All6-472,0.83334,0.66667
NDC,NHLattice,VS-WF+All6-473,0.66667,0.83334
NDC,NHLattice,VS-WF+All6-474,0.66667,0.83334
NDC,NHLattice,VS-WF+All6-475,0.66667,0.83334
NDC,NHLattice,VS-WF+All6-476,0.83334,0.66667
NDC,NHLattice,VS-WF+All6-477,0.33334,0.33334,0.66667,0.33334,0.33334,0.33334
NDC,NHLattice,VS-WF+All6-478,0.66667,0.83334
NDC,NHLattice,VS-WF+All6-479,0.33334,0.66667,0.66667,0.33334,0.33334,0.33334
NDC,NHLattice,VS-WF+All6-48,0.50000,0.83334
NDC,NHLattice,VS-WF+All6-480,0.33334,0.66667,0.33334,0.66667,0.33334,0.33334
NDC,NHLattice,VS-WF+All6-481,0.50000,0.33334,0.50000,0.66667,0.50000,0.66667
NDC,NHLattice,VS-WF+All6-482,0.33334,0.66667,0.66667,0.33334,0.33334,0.33334
NDC,NHLattice,VS-WF+All6-483,0.50000,0.33334,0.50000,0.50000,0.50000,0.50000
NDC,NHLattice,VS-WF+All6-484,0.66667,0.33334,0.50000,0.50000,0.66667,0.50000
NDC,NHLattice,VS-WF+All6-485,0.66667,0.83334
NDC,NHLattice,VS-WF+All6-486,0.66667,0.83334
NDC,NHLattice,VS-WF+All6-487,0.50000,0.33334,0.50000,0.50000,0.50000,0.50000
NDC,NHLattice,VS-WF+All6-488,0.66667,0.33334,0.50000,0.50000,0.66667,0.50000
NDC,NHLattice,VS-WF+All6-489,0.83334,0.66667
NDC,NHLattice,VS-WF+All6-49,0.50000,0.83334
NDC,NHLattice,VS-WF+All6-490,0.83334,0.66667
NDC,NHLattice,VS-WF+All6-491,0.83334,0.50000
NDC,NHLattice,VS-WF+All6-492,0.83334,0.66667
NDC,NHLattice,VS-WF+All6-493,0.83334,0.50000
NDC,NHLattice,VS-WF+All6-494,0.83334,0.66667
NDC,NHLattice,VS-WF+All6-495,1.00000,0.33334
NDC,NHLattice,VS-WF+All6-496,0.33334,0.33334,0.66667,0.33334,0.33334,0.33334
NDC,NHLattice,VS-WF+All6-497,0.83334,0.66667
NDC,NHLattice,VS-WF+All6-498,0.83334,0.66667
NDC,NHLattice,VS-WF+All6-499,0.33334,0.33334,0.66667,0.33334,0.33334,0.33334
NDC,NHLattice,VS-WF+All6-5,0.33334,0.33334,0.66667,0.33334,0.33334,0.33334
NDC,NHLattice,VS-WF+All6-50,0.50000,0.83334
NDC,NHLattice,VS-WF+All6-500,0.33334,0.33334,0.33334,0.66667,0.33334,0.33334
NDC,NHLattice,VS-WF+All6-501,0.50000,0.33334,0.66667,0.50000,0.50000,0.66667
NDC,NHLattice,VS-WF+All6-502,0.66667,0.33334,0.50000,0.66667,0.66667,0.66667
NDC,NHLattice,VS-WF+All6-503,0.50000,0.83334
NDC,NHLattice,VS-WF+All6-504,0.33334,0.50000,0.66667,0.33334,0.33334,0.33334
NDC,NHLattice,VS-WF+All6-505,0.33334,0.50000,0.33334,0.66667,0.33334,0.33334
NDC,NHLattice,VS-WF+All6-506,0.33334,0.50000,0.33334,0.66667,0.33334,0.33334
NDC,NHLattice,VS-WF+All6-507,0.33334,0.66667,0.50000,0.33334,0.33334,0.33334
NDC,NHLattice,VS-WF+All6-508,0.33334,0.66667,0.33334,0.33334,0.33334,0.33334
NDC,NHLattice,VS-WF+All6-509,0.33334,0.50000,0.66667,0.33334,0.33334,0.33334
NDC,NHLattice,VS-WF+All6-51,0.50000,0.83334
NDC,NHLattice,VS-WF+All6-510,0.33334,0.66667,0.50000,0.33334,0.33334,0.33334
NDC,NHLattice,VS-WF+All6-511,0.33334,0.50000,0.33334,0.66667,0.33334,0.33334
NDC,NHLattice,VS-WF+All6-512,0.33334,0.50000,0.66667,0.33334,0.33334,0.33334
NDC,NHLattice,VS-WF+All6-513,0.50000,0.83334
NDC,NHLattice,VS-WF+All6-514,0.50000,0.50000,0.50000,0.33334,0.50000,0.50000
NDC,NHLattice,VS-WF+All6-515,0.50000,0.33334,0.50000,0.50000,0.50000,0.50000
NDC,NHLattice,VS-WF+All6-516,0.33334,0.83334
NDC,NHLattice,VS-WF+All6-517,0.33334,0.33334,0.33334,0.66667,0.33334,0.33334
NDC,NHLattice,VS-WF+All6-518,0.33334,0.33334,0.66667,0.33334,0.33334,0.33334
NDC,NHLattice,VS-WF+All6-519,0.33334,0.33334,0.66667,0.33334,0.33334,0.33334
NDC,NHLattice,VS-WF+All6-52,0.33334,0.50000,0.50000,0.33334,0.33334,0.33334
NDC,NHLattice,VS-WF+All6-520,0.33334,0.33334,0.66667,0.33334,0.33334,0.33334
NDC,NHLattice,VS-WF+All6-521,0.50000,0.50000,0.33334,0.50000,0.50000,0.50000
NDC,NHLattice,VS-WF+All6-522,0.33334,0.33334,0.66667,0.33334,0.33334,0.33334
NDC,NHLattice,VS-WF+All6-523,0.33334,0.33334,0.66667,0.33334,0.33334,0.33334
NDC,NHLattice,VS-WF+All6-524,0.33334,0.50000,0.66667,0.33334,0.33334,0.33334
NDC,NHLattice,VS-WF+All6-525,0.33334,0.33334,0.33334,0.66667,0.33334,0.33334
NDC,NHLattice,VS-WF+All6-526,0.33334,0.83334
NDC,NHLattice,VS-WF+All6-527,0.66667,0.66667
NDC,NHLattice,VS-WF+All6-528,0.33334,0.50000,0.33334,0.50000,0.33334,0.33334
NDC,NHLattice,VS-WF+All6-529,0.33334,0.50000,0.50000,0.33334,0.33334,0.33334
NDC,NHLattice,VS-WF+All6-53,0.33334,0.50000,0.66667,0.33334,0.33334,0.33334
NDC,NHLattice,VS-WF+All6-530,0.33334,0.50000,0.66667,0.33334,0.33334,0.33334
NDC,NHLattice,VS-WF+All6-531,0.33334,0.33334,0.66667,0.33334,0.33334,0.33334
NDC,NHLattice,VS-WF+All6-532,0.33334,0.66667,0.50000,0.33334,0.33334,0.33334
NDC,NHLattice,VS-WF+All6-533,0.33334,0.33334,0.66667,0.33334,0.33334,0.33334
NDC,NHLattice,VS-WF+All6-534,0.50000,0.66667
NDC,NHLattice,VS-WF+All6-535,0.50000,0.33334,0.50000,0.50000,0.50000,0.50000
NDC,NHLattice,VS-WF+All6-536,0.50000,0.83334
NDC,NHLattice,VS-WF+All6-537,0.50000,0.83334
NDC,NHLattice,VS-WF+All6-538,0.33334,0.83334
NDC,NHLattice,VS-WF+All6-539,0.66667,0.83334
NDC,NHLattice,VS-WF+All6-54,0.50000,0.83334
NDC,NHLattice,VS-WF+All6-540,0.33334,0.50000,0.33334,0.50000,0.33334,0.33334
NDC,NHLattice,VS-WF+All6-541,0.33334,0.33334,0.66667,0.33334,0.33334,0.33334
NDC,NHLattice,VS-WF+All6-542,0.50000,0.83334
NDC,NHLattice,VS-WF+All6-543,0.50000,0.83334
NDC,NHLattice,VS-WF+All6-544,0.33334,0.83334
NDC,NHLattice,VS-WF+All6-545,0.50000,0.33334,0.50000,0.66667,0.50000,0.66667
NDC,NHLattice,VS-WF+All6-546,0.50000,0.66667
NDC,NHLattice,VS-WF+All6-547,0.33334,0.83334
NDC,NHLattice,VS-WF+All6-548,0.33334,0.83334
NDC,NHLattice,VS-WF+All6-549,0.33334,0.33334,0.66667,0.33334,0.33334,0.33334
NDC,NHLattice,VS-WF+All6-55,0.50000,0.66667
NDC,NHLattice,VS-WF+All6-550,0.33334,0.33334,0.33334,0.66667,0.33334,0.33334
NDC,NHLattice,VS-WF+All6-551,0.33334,0.33334,0.33334,0.66667,0.33334,0.33334
NDC,NHLattice,VS-WF+All6-552,0.50000,0.33334,0.50000,0.50000,0.50000,0.50000
NDC,NHLattice,VS-WF+All6-553,0.33334,0.33334,0.66667,0.33334,0.33334,0.33334
NDC,NHLattice,VS-WF+All6-554,0.33334,0.33334,0.66667,0.33334,0.33334,0.33334
NDC,NHLattice,VS-WF+All6-555,0.33334,0.50000,0.33334,0.50000,0.33334,0.33334
NDC,NHLattice,VS-WF+All6-556,0.33334,0.66667,0.33334,0.50000,0.33334,0.33334
NDC,NHLattice,VS-WF+All6-557,0.66667,0.33334,0.66667,0.50000,0.66667,0.66667
NDC,NHLattice,VS-WF+All6-558,0.66667,0.33334,0.50000,0.50000,0.50000,0.66667
NDC,NHLattice,VS-WF+All6-559,0.33334,0.50000,0.50000,0.33334,0.33334,0.33334
NDC,NHLattice,VS-WF+All6-56,0.50000,0.83334
NDC,NHLattice,VS-WF+All6-560,0.66667,0.33334,0.50000,0.50000,0.66667,0.50000
NDC,NHLattice,VS-WF+All6-561,0.33334,0.50000,0.50000,0.33334,0.33334,0.33334
NDC,NHLattice,VS-WF+All6-562,0.50000,0.66667
NDC,NHLattice,VS-WF+All6-563,0.33334,0.83334
NDC,NHLattice,VS-WF+All6-564,0.50000,0.33334,0.50000,0.50000,0.50000,0.50000
NDC,NHLattice,VS-WF+All6-565,0.33334,0.66667,0.50000,0.33334,0.33334,0.33334
NDC,NHLattice,VS-WF+All6-566,0.83334,0.33334
NDC,NHLattice,VS-WF+All6-567,1.00000
NDC,NHLattice,VS-WF+All6-568,0.50000,0.33334,0.50000,0.66667,0.50000,0.66667
NDC,NHLattice,VS-WF+All6-569,0.66667,0.33334,0.50000,0.66667,0.66667,0.66667
NDC,NHLattice,VS-WF+All6-57,0.66667,0.66667
NDC,NHLattice,VS-WF+All6-570,0.33334,0.50000,0.33334,0.66667,0.33334,0.33334
NDC,NHLattice,VS-WF+All6-571,0.83334,0.50000
NDC,NHLattice,VS-WF+All6-572,0.33334,0.50000,0.33334,0.66667,0.33334,0.33334
NDC,NHLattice,VS-WF+All6-573,0.66667,0.33334,0.50000,0.50000,0.66667,0.50000
NDC,NHLattice,VS-WF+All6-574,0.50000,0.33334,0.50000,0.50000,0.50000,0.50000
NDC,NHLattice,VS-WF+All6-575,0.66667,0.33334,0.50000,0.66667,0.66667,0.66667
NDC,NHLattice,VS-WF+All6-576,0.50000,0.33334,0.50000,0.50000,0.50000,0.50000
NDC,NHLattice,VS-WF+All6-577,0.50000,0.33334,0.50000,0.50000,0.50000,0.50000
NDC,NHLattice,VS-WF+All6-578,0.66667,0.33334,0.66667,0.33334,0.66667,0.66667
NDC,NHLattice,VS-WF+All6-579,0.50000,0.33334,0.50000,0.50000,0.50000,0.50000
NDC,NHLattice,VS-WF+All6-58,0.50000,0.83334
NDC,NHLattice,VS-WF+All6-580,0.33334,0.33334,0.66667,0.33334,0.33334,0.33334
NDC,NHLattice,VS-WF+All6-581,0.33334,0.33334,0.66667,0.33334,0.33334,0.33334
NDC,NHLattice,VS-WF+All6-582,0.50000,0.33334,0.50000,0.50000,0.50000,0.50000
NDC,NHLattice,VS-WF+All6-583,0.50000,0.33334,0.66667,0.50000,0.50000,0.66667
NDC,NHLattice,VS-WF+All6-584,0.33334,0.33334,0.66667,0.33334,0.33334,0.33334
NDC,NHLattice,VS-WF+All6-585,0.50000,0.33334,0.50000,0.66667,0.66667,0.50000
NDC,NHLattice,VS-WF+All6-586,0.66667,0.33334,0.50000,0.50000,0.66667,0.50000
NDC,NHLattice,VS-WF+All6-587,0.66667,0.33334,0.66667,0.50000,0.66667,0.66667
NDC,NHLattice,VS-WF+All6-588,0.50000,0.33334,0.50000,0.66667,0.66667,0.50000
NDC,NHLattice,VS-WF+All6-589,0.50000,0.33334,0.50000,0.50000,0.50000,0.50000
NDC,NHLattice,VS-WF+All6-59,0.50000,0.83334
NDC,NHLattice,VS-WF+All6-590,0.33334,0.33334,0.66667,0.33334,0.33334,0.33334
NDC,NHLattice,VS-WF+All6-591,0.66667,0.33334,0.50000,0.66667,0.66667,0.66667
NDC,NHLattice,VS-WF+All6-592,0.33334,0.33334,0.66667,0.33334,0.33334,0.33334
NDC,NHLattice,VS-WF+All6-593,0.66667,0.83334
NDC,NHLattice,VS-WF+All6-594,0.33334,0.50000,0.33334,0.66667,0.33334,0.33334
NDC,NHLattice,VS-WF+All6-595,0.33334,0.33334,0.33334,0.66667,0.33334,0.33334
NDC,NHLattice,VS-WF+All6-596,0.33334,0.33334,0.66667,0.33334,0.33334,0.33334
NDC,NHLattice,VS-WF+All6-597,0.33334,0.50000,0.66667,0.33334,0.33334,0.33334
NDC,NHLattice,VS-WF+All6-598,0.66667,0.33334,0.50000,0.50000,0.66667,0.50000
NDC,NHLattice,VS-WF+All6-599,0.33334,0.33334,0.66667,0.33334,0.33334,0.33334
NDC,NHLattice,VS-WF+All6-6,0.33334,0.33334,0.66667,0.33334,0.33334,0.33334
NDC,NHLattice,VS-WF+All6-60,0.50000,0.83334
NDC,NHLattice,VS-WF+All6-600,0.33334,0.33334,0.66667,0.33334,0.33334,0.33334
NDC,NHLattice,VS-WF+All6-601,0.33334,0.33334,0.66667,0.33334,0.33334,0.33334
NDC,NHLattice,VS-WF+All6-602,0.33334,0.33334,0.33334,0.66667,0.33334,0.33334
NDC,NHLattice,VS-WF+All6-603,0.50000,0.33334,0.50000,0.50000,0.50000,0.50000
NDC,NHLattice,VS-WF+All6-604,0.50000,0.33334,0.50000,0.50000,0.50000,0.50000
NDC,NHLattice,VS-WF+All6-605,0.33334,0.33334,0.33334,0.66667,0.33334,0.33334
NDC,NHLattice,VS-WF+All6-606,0.66667,0.66667
NDC,NHLattice,VS-WF+All6-607,0.66667,0.83334
NDC,NHLattice,VS-WF+All6-608,0.50000,0.33334,0.50000,0.66667,0.50000,0.66667
NDC,NHLattice,VS-WF+All6-609,0.66667,0.50000
NDC,NHLattice,VS-WF+All6-61,0.33334,0.33334,0.66667,0.33334,0.33334,0.33334
NDC,NHLattice,VS-WF+All6-610,0.33334,0.33334,0.66667,0.33334,0.33334,0.33334
NDC,NHLattice,VS-WF+All6-611,0.33334,0.50000,0.33334,0.66667,0.33334,0.33334
NDC,NHLattice,VS-WF+All6-612,0.50000,0.33334,0.50000,0.50000,0.50000,0.50000
NDC,NHLattice,VS-WF+All6-613,0.66667,0.33334,0.66667,0.50000,0.66667,0.66667
NDC,NHLattice,VS-WF+All6-614,0.66667,0.66667
NDC,NHLattice,VS-WF+All6-615,0.66667,0.33334,0.50000,0.50000,0.66667,0.50000
NDC,NHLattice,VS-WF+All6-616,0.50000,0.33334,0.50000,0.50000,0.50000,0.50000
NDC,NHLattice,VS-WF+All6-617,0.66667,0.33334,0.66667,0.50000,0.66667,0.66667
NDC,NHLattice,VS-WF+All6-618,0.50000,0.33334,0.66667,0.50000,0.50000,0.66667
NDC,NHLattice,VS-WF+All6-619,0.66667,0.66667
NDC,NHLattice,VS-WF+All6-62,0.33334,0.50000,0.33334,0.66667,0.33334,0.33334
NDC,NHLattice,VS-WF+All6-620,0.66667,0.66667
NDC,NHLattice,VS-WF+All6-621,0.33334,0.66667,0.33334,0.66667,0.33334,0.33334
NDC,NHLattice,VS-WF+All6-622,0.33334,0.66667,0.50000,0.33334,0.33334,0.33334
NDC,NHLattice,VS-WF+All6-623,0.83334,0.50000
NDC,NHLattice,VS-WF+All6-624,0.66667,0.83334
NDC,NHLattice,VS-WF+All6-625,0.66667,0.83334
NDC,NHLattice,VS-WF+All6-626,0.66667,0.83334
NDC,NHLattice,VS-WF+All6-627,0.83334,0.66667
NDC,NHLattice,VS-WF+All6-628,0.66667,0.83334
NDC,NHLattice,VS-WF+All6-629,0.66667,0.83334
NDC,NHLattice,VS-WF+All6-63,0.50000,0.83334
NDC,NHLattice,VS-WF+All6-630,0.33334,0.66667,0.66667,0.33334,0.33334,0.33334
NDC,NHLattice,VS-WF+All6-631,0.66667,0.83334
NDC,NHLattice,VS-WF+All6-632,1.00000,0.66667
NDC,NHLattice,VS-WF+All6-633,0.66667,0.83334
NDC,NHLattice,VS-WF+All6-634,0.66667,0.83334
NDC,NHLattice,VS-WF+All6-635,0.50000,0.33334,0.50000,0.50000,0.50000,0.50000
NDC,NHLattice,VS-WF+All6-636,0.33334,0.66667,0.66667,0.33334,0.33334,0.33334
NDC,NHLattice,VS-WF+All6-637,0.66667,0.33334,0.50000,0.50000,0.66667,0.50000
NDC,NHLattice,VS-WF+All6-638,0.66667,0.33334,0.50000,0.50000,0.50000,0.66667
NDC,NHLattice,VS-WF+All6-639,0.66667,0.33334,0.66667,0.50000,0.66667,0.66667
NDC,NHLattice,VS-WF+All6-64,0.50000,0.83334
NDC,NHLattice,VS-WF+All6-640,0.50000,0.33334,0.50000,0.50000,0.50000,0.50000
NDC,NHLattice,VS-WF+All6-641,0.66667,0.33334,0.50000,0.50000,0.66667,0.50000
NDC,NHLattice,VS-WF+All6-642,0.33334,0.50000,0.66667,0.33334,0.33334,0.33334
NDC,NHLattice,VS-WF+All6-643,0.33334,0.50000,0.33334,0.66667,0.33334,0.33334
NDC,NHLattice,VS-WF+All6-644,0.66667,0.33334,0.66667,0.33334,0.66667,0.66667
NDC,NHLattice,VS-WF+All6-645,0.33334,0.33334,0.66667,0.33334,0.33334,0.33334
NDC,NHLattice,VS-WF+All6-646,0.33334,0.33334,0.66667,0.33334,0.33334,0.33334
NDC,NHLattice,VS-WF+All6-647,0.50000,0.83334
NDC,NHLattice,VS-WF+All6-648,0.33334,0.50000,0.33334,0.66667,0.33334,0.33334
NDC,NHLattice,VS-WF+All6-649,0.33334,0.50000,0.33334,0.66667,0.33334,0.33334
NDC,NHLattice,VS-WF+All6-65,0.50000,0.83334
NDC,NHLattice,VS-WF+All6-650,0.33334,0.33334,0.33334,0.66667,0.33334,0.33334
NDC,NHLattice,VS-WF+All6-651,0.33334,0.33334,0.66667,0.33334,0.33334,0.33334
NDC,NHLattice,VS-WF+All6-652,0.33334,0.33334,0.66667,0.33334,0.33334,0.33334
NDC,NHLattice,VS-WF+All6-653,0.66667,0.33334,0.50000,0.66667,0.66667,0.66667
NDC,NHLattice,VS-WF+All6-654,0.50000,0.33334,0.50000,0.50000,0.50000,0.50000
NDC,NHLattice,VS-WF+All6-655,0.50000,0.83334
NDC,NHLattice,VS-WF+All6-656,0.33334,0.33334,0.66667,0.33334,0.33334,0.33334
NDC,NHLattice,VS-WF+All6-657,0.33334,0.33334,0.33334,0.66667,0.33334,0.33334
NDC,NHLattice,VS-WF+All6-658,0.50000,0.33334,0.50000,0.66667,0.50000,0.66667
NDC,NHLattice,VS-WF+All6-659,0.66667,0.33334,0.66667,0.50000,0.66667,0.66667
NDC,NHLattice,VS-WF+All6-66,0.33334,0.50000,0.66667,0.33334,0.33334,0.33334
NDC,NHLattice,VS-WF+All6-660,0.50000,0.33334,0.50000,0.66667,0.50000,0.66667
NDC,NHLattice,VS-WF+All6-661,0.33334,0.50000,0.66667,0.33334,0.33334,0.33334
NDC,NHLattice,VS-WF+All6-662,0.33334,0.33334,0.33334,0.66667,0.33334,0.33334
NDC,NHLattice,VS-WF+All6-663,0.33334,0.33334,0.66667,0.33334,0.33334,0.33334
NDC,NHLattice,VS-WF+All6-664,0.50000,0.33334,0.50000,0.50000,0.50000,0.50000
NDC,NHLattice,VS-WF+All6-665,0.50000,0.50000,0.33334,0.50000,0.50000,0.50000
NDC,NHLattice,VS-WF+All6-666,0.33334,0.33334,0.66667,0.33334,0.33334,0.33334
NDC,NHLattice,VS-WF+All6-667,0.33334,0.66667,0.50000,0.33334,0.33334,0.33334
NDC,NHLattice,VS-WF+All6-668,0.33334,0.33334,0.66667,0.33334,0.33334,0.33334
NDC,NHLattice,VS-WF+All6-669,0.66667,0.33334,0.66667,0.50000,0.66667,0.66667
NDC,NHLattice,VS-WF+All6-67,0.33334,0.33334,0.33334,0.66667,0.33334,0.33334
NDC,NHLattice,VS-WF+All6-670,0.50000,0.33334,0.50000,0.66667,0.50000,0.66667
NDC,NHLattice,VS-WF+All6-671,0.66667,0.33334,0.50000,0.66667,0.66667,0.66667
NDC,NHLattice,VS-WF+All6-672,0.33334,0.50000,0.66667,0.33334,0.33334,0.33334
NDC,NHLattice,VS-WF+All6-673,0.50000,0.83334
NDC,NHLattice,VS-WF+All6-674,0.33334,0.50000,0.66667,0.33334,0.33334,0.33334
NDC,NHLattice,VS-WF+All6-675,0.50000,0.83334
NDC,NHLattice,VS-WF+All6-676,0.33334,0.50000,0.33334,0.66667,0.33334,0.33334
NDC,NHLattice,VS-WF+All6-677,0.50000,0.66667
NDC,NHLattice,VS-WF+All6-678,0.33334,0.33334,0.66667,0.33334,0.33334,0.33334
NDC,NHLattice,VS-WF+All6-679,0.33334,0.33334,0.33334,0.66667,0.33334,0.33334
NDC,NHLattice,VS-WF+All6-68,0.33334,0.50000,0.33334,0.66667,0.33334,0.33334
NDC,NHLattice,VS-WF+All6-680,0.33334,0.50000,0.33334,0.66667,0.33334,0.33334
NDC,NHLattice,VS-WF+All6-681,0.33334,0.33334,0.33334,0.66667,0.33334,0.33334
NDC,NHLattice,VS-WF+All6-682,0.33334,0.33334,0.66667,0.33334,0.33334,0.33334
NDC,NHLattice,VS-WF+All6-683,0.33334,0.33334,0.66667,0.33334,0.33334,0.33334
NDC,NHLattice,VS-WF+All6-684,0.33334,0.33334,0.66667,0.33334,0.33334,0.33334
NDC,NHLattice,VS-WF+All6-685,0.50000,0.33334,0.50000,0.50000,0.50000,0.50000
NDC,NHLattice,VS-WF+All6-686,0.66667,0.33334,0.66667,0.33334,0.66667,0.66667
NDC,NHLattice,VS-WF+All6-687,0.33334,0.50000,0.50000,0.33334,0.33334,0.33334
NDC,NHLattice,VS-WF+All6-688,0.33334,0.33334,0.66667,0.33334,0.33334,0.33334
NDC,NHLattice,VS-WF+All6-689,0.50000,0.33334,0.50000,0.66667,0.50000,0.66667
NDC,NHLattice,VS-WF+All6-69,0.50000,0.83334
NDC,NHLattice,VS-WF+All6-690,0.33334,0.33334,0.66667,0.33334,0.33334,0.33334
NDC,NHLattice,VS-WF+All6-691,0.50000,0.83334
NDC,NHLattice,VS-WF+All6-692,0.33334,0.50000,0.66667,0.33334,0.33334,0.33334
NDC,NHLattice,VS-WF+All6-693,0.50000,0.33334,0.50000,0.50000,0.50000,0.50000
NDC,NHLattice,VS-WF+All6-694,0.66667,0.33334,0.50000,0.50000,0.50000,0.66667
NDC,NHLattice,VS-WF+All6-695,0.50000,0.33334,0.50000,0.50000,0.50000,0.50000
NDC,NHLattice,VS-WF+All6-696,0.66667,0.83334
NDC,NHLattice,VS-WF+All6-697,0.83334,0.66667
NDC,NHLattice,VS-WF+All6-698,0.33334,0.66667,0.33334,0.66667,0.33334,0.33334
NDC,NHLattice,VS-WF+All6-699,0.33334,0.66667,0.66667,0.33334,0.33334,0.33334
NDC,NHLattice,VS-WF+All6-7,0.66667,0.66667
NDC,NHLattice,VS-WF+All6-70,0.33334,0.83334
NDC,NHLattice,VS-WF+All6-700,0.66667,0.83334
NDC,NHLattice,VS-WF+All6-701,0.66667,0.83334
NDC,NHLattice,VS-WF+All6-702,0.66667,0.83334
NDC,NHLattice,VS-WF+All6-703,0.33334,0.66667,0.66667,0.33334,0.33334,0.33334
NDC,NHLattice,VS-WF+All6-704,0.33334,0.33334,0.66667,0.33334,0.33334,0.33334
NDC,NHLattice,VS-WF+All6-705,0.33334,0.66667,0.50000,0.33334,0.33334,0.33334
NDC,NHLattice,VS-WF+All6-706,0.50000,0.66667
NDC,NHLattice,VS-WF+All6-707,0.33334,0.33334,0.66667,0.33334,0.33334,0.33334
NDC,NHLattice,VS-WF+All6-708,0.66667,0.33334,0.50000,0.50000,0.66667,0.50000
NDC,NHLattice,VS-WF+All6-709,0.50000,0.33334,0.50000,0.50000,0.50000,0.50000
NDC,NHLattice,VS-WF+All6-71,0.33334,0.33334,0.66667,0.33334,0.33334,0.33334
NDC,NHLattice,VS-WF+All6-710,0.66667,0.33334,0.33334,0.66667,0.66667,0.66667
NDC,NHLattice,VS-WF+All6-711,0.33334,0.33334,0.66667,0.33334,0.33334,0.33334
NDC,NHLattice,VS-WF+All6-712,0.33334,0.33334,0.66667,0.33334,0.33334,0.33334
NDC,NHLattice,VS-WF+All6-713,0.33334,0.33334,0.66667,0.33334,0.33334,0.33334
NDC,NHLattice,VS-WF+All6-714,0.66667,0.33334,0.50000,0.50000,0.66667,0.50000
NDC,NHLattice,VS-WF+All6-715,0.66667,0.33334,0.50000,0.66667,0.66667,0.66667
NDC,NHLattice,VS-WF+All6-716,0.50000,0.33334,0.50000,0.50000,0.50000,0.50000
NDC,NHLattice,VS-WF+All6-717,0.50000,0.33334,0.50000,0.66667,0.66667,0.50000
NDC,NHLattice,VS-WF+All6-718,0.50000,0.33334,0.50000,0.50000,0.50000,0.50000
NDC,NHLattice,VS-WF+All6-719,0.33334,0.83334
NDC,NHLattice,VS-WF+All6-72,0.33334,0.33334,0.66667,0.33334,0.33334,0.33334
NDC,NHLattice,VS-WF+All6-720,0.66667,0.83334
NDC,NHLattice,VS-WF+All6-721,0.66667,0.83334
NDC,NHLattice,VS-WF+All6-722,0.50000,0.33334,0.50000,0.50000,0.50000,0.50000
NDC,NHLattice,VS-WF+All6-723,0.66667,0.83334
NDC,NHLattice,VS-WF+All6-724,0.33334,0.66667,0.66667,0.33334,0.33334,0.33334
NDC,NHLattice,VS-WF+All6-725,0.33334,0.66667,0.66667,0.33334,0.33334,0.33334
NDC,NHLattice,VS-WF+All6-726,0.83334,0.66667
NDC,NHLattice,VS-WF+All6-727,0.33334,0.66667,0.66667,0.33334,0.33334,0.33334
NDC,NHLattice,VS-WF+All6-728,0.33334,0.33334,0.66667,0.33334,0.33334,0.33334
NDC,NHLattice,VS-WF+All6-729,0.66667,0.33334,0.50000,0.50000,0.66667,0.50000
NDC,NHLattice,VS-WF+All6-73,0.33334,0.83334
NDC,NHLattice,VS-WF+All6-730,0.50000,0.33334,0.50000,0.50000,0.50000,0.50000
NDC,NHLattice,VS-WF+All6-731,0.33334,0.33334,0.66667,0.33334,0.33334,0.33334
NDC,NHLattice,VS-WF+All6-732,0.33334,0.33334,0.66667,0.33334,0.33334,0.33334
NDC,NHLattice,VS-WF+All6-733,0.83334,0.50000
NDC,NHLattice,VS-WF+All6-734,1.00000,0.33334
NDC,NHLattice,VS-WF+All6-735,0.83334,0.50000
NDC,NHLattice,VS-WF+All6-736,0.66667,0.33334,0.66667,0.33334,0.66667,0.66667
NDC,NHLattice,VS-WF+All6-737,0.33334,0.33334,0.33334,0.66667,0.33334,0.33334
NDC,NHLattice,VS-WF+All6-738,0.33334,0.33334,0.66667,0.33334,0.33334,0.33334
NDC,NHLattice,VS-WF+All6-739,0.33334,0.33334,0.66667,0.33334,0.33334,0.33334
NDC,NHLattice,VS-WF+All6-74,0.33334,0.50000,0.66667,0.33334,0.33334,0.33334
NDC,NHLattice,VS-WF+All6-740,0.50000,0.33334,0.50000,0.50000,0.50000,0.50000
NDC,NHLattice,VS-WF+All6-741,0.33334,0.66667,0.50000,0.33334,0.33334,0.33334
NDC,NHLattice,VS-WF+All6-742,1.00000,0.50000
NDC,NHLattice,VS-WF+All6-743,0.33334,0.66667,0.50000,0.33334,0.33334,0.33334
NDC,NHLattice,VS-WF+All6-744,0.66667,0.66667
NDC,NHLattice,VS-WF+All6-745,0.33334,0.33334,0.66667,0.33334,0.33334,0.33334
NDC,NHLattice,VS-WF+All6-746,0.50000,0.33334,0.50000,0.50000,0.50000,0.50000
NDC,NHLattice,VS-WF+All6-75,0.50000,0.83334
NDC,NHLattice,VS-WF+All6-76,0.33334,0.33334,0.33334,0.66667,0.33334,0.33334
NDC,NHLattice,VS-WF+All6-77,0.33334,0.83334
NDC,NHLattice,VS-WF+All6-78,0.66667,0.33334,0.50000,0.50000,0.66667,0.50000
NDC,NHLattice,VS-WF+All6-79,0.50000,0.33334,0.50000,0.50000,0.50000,0.50000
NDC,NHLattice,VS-WF+All6-8,0.33334,0.33334,0.66667,0.33334,0.33334,0.33334
NDC,NHLattice,VS-WF+All6-80,0.66667,0.66667
NDC,NHLattice,VS-WF+All6-81,0.50000,0.83334
NDC,NHLattice,VS-WF+All6-82,0.33334,0.33334,0.66667,0.33334,0.33334,0.33334
NDC,NHLattice,VS-WF+All6-83,0.33334,0.83334
NDC,NHLattice,VS-WF+All6-84,0.50000,0.83334
NDC,NHLattice,VS-WF+All6-85,0.50000,0.83334
NDC,NHLattice,VS-WF+All6-86,0.50000,0.83334
NDC,NHLattice,VS-WF+All6-87,0.50000,0.83334
NDC,NHLattice,VS-WF+All6-88,0.33334,0.50000,0.66667,0.33334,0.33334,0.33334
NDC,NHLattice,VS-WF+All6-89,0.33334,0.33334,0.66667,0.33334,0.33334,0.33334
NDC,NHLattice,VS-WF+All6-9,0.33334,0.33334,0.66667,0.33334,0.33334,0.33334
NDC,NHLattice,VS-WF+All6-90,0.33334,0.33334,0.66667,0.33334,0.33334,0.33334
NDC,NHLattice,VS-WF+All6-91,0.33334,0.33334,0.66667,0.33334,0.33334,0.33334
NDC,NHLattice,VS-WF+All6-92,0.33334,0.50000,0.66667,0.33334,0.33334,0.33334
NDC,NHLattice,VS-WF+All6-93,0.50000,0.83334
NDC,NHLattice,VS-WF+All6-94,0.50000,0.83334
NDC,NHLattice,VS-WF+All6-95,0.50000,0.66667
NDC,NHLattice,VS-WF+All6-96,0.66667,0.50000
NDC,NHLattice,VS-WF+All6-97,0.33334,0.50000,0.33334,0.50000,0.33334,0.33334
NDC,NHLattice,VS-WF+All6-98,0.50000,0.83334
NDC,NHLattice,VS-WF+All6-99,0.50000,0.66667
